Copyright 1986-2022 Xilinx, Inc. All Rights Reserved. Copyright 2022-2025 Advanced Micro Devices, Inc. All Rights Reserved.
---------------------------------------------------------------------------------------------------------------------------------------------------------------------------------------------------------------------
| Tool Version : Vivado v.2025.1 (win64) Build 6140274 Thu May 22 00:12:29 MDT 2025
| Date         : Thu Jan 29 21:56:45 2026
| Host         : DESKTOP-UL4A9AD running 64-bit major release  (build 9200)
| Command      : report_timing_summary -max_paths 10 -routable_nets -report_unconstrained -file top_timing_summary_routed.rpt -pb top_timing_summary_routed.pb -rpx top_timing_summary_routed.rpx -warn_on_violation
| Design       : top
| Device       : 7a50t-csg324
| Speed File   : -1  PRODUCTION 1.23 2018-06-13
| Design State : Routed
---------------------------------------------------------------------------------------------------------------------------------------------------------------------------------------------------------------------

Timing Summary Report

------------------------------------------------------------------------------------------------
| Timer Settings
| --------------
------------------------------------------------------------------------------------------------

  Enable Multi Corner Analysis               :  Yes
  Enable Pessimism Removal                   :  Yes
  Pessimism Removal Resolution               :  Nearest Common Node
  Enable Input Delay Default Clock           :  No
  Enable Preset / Clear Arcs                 :  No
  Disable Flight Delays                      :  No
  Ignore I/O Paths                           :  No
  Timing Early Launch at Borrowing Latches   :  No
  Borrow Time for Max Delay Exceptions       :  Yes
  Merge Timing Exceptions                    :  Yes
  Inter-SLR Compensation                     :  Conservative

  Corner  Analyze    Analyze    
  Name    Max Paths  Min Paths  
  ------  ---------  ---------  
  Slow    Yes        Yes        
  Fast    Yes        Yes        


------------------------------------------------------------------------------------------------
| Report Methodology
| ------------------
------------------------------------------------------------------------------------------------

Rule       Severity          Description                     Violations  
---------  ----------------  ------------------------------  ----------  
TIMING-17  Critical Warning  Non-clocked sequential cell     47          
TIMING-18  Warning           Missing input or output delay   4           
TIMING-20  Warning           Non-clocked latch               7           
LATCH-1    Advisory          Existing latches in the design  1           

Note: This report is based on the most recent report_methodology run and may not be up-to-date. Run report_methodology on the current design for the latest report.



check_timing report

Table of Contents
-----------------
1. checking no_clock (103)
2. checking constant_clock (0)
3. checking pulse_width_clock (0)
4. checking unconstrained_internal_endpoints (97)
5. checking no_input_delay (2)
6. checking no_output_delay (21)
7. checking multiple_clock (0)
8. checking generated_clocks (0)
9. checking loops (0)
10. checking partial_input_delay (0)
11. checking partial_output_delay (0)
12. checking latch_loops (0)

1. checking no_clock (103)
--------------------------
 There are 47 register/latch pins with no clock driven by root clock pin: cgen/clk_reg_reg/Q (HIGH)

 There are 7 register/latch pins with no clock driven by root clock pin: master/temp_data_reg_reg[2]/Q (HIGH)

 There are 7 register/latch pins with no clock driven by root clock pin: master/temp_data_reg_reg[3]/Q (HIGH)

 There are 7 register/latch pins with no clock driven by root clock pin: master/temp_data_reg_reg[4]/Q (HIGH)

 There are 7 register/latch pins with no clock driven by root clock pin: master/temp_data_reg_reg[5]/Q (HIGH)

 There are 7 register/latch pins with no clock driven by root clock pin: master/temp_data_reg_reg[6]/Q (HIGH)

 There are 7 register/latch pins with no clock driven by root clock pin: master/temp_data_reg_reg[7]/Q (HIGH)

 There are 7 register/latch pins with no clock driven by root clock pin: seg/anode_select_reg[0]/Q (HIGH)

 There are 7 register/latch pins with no clock driven by root clock pin: seg/anode_select_reg[1]/Q (HIGH)


2. checking constant_clock (0)
------------------------------
 There are 0 register/latch pins with constant_clock.


3. checking pulse_width_clock (0)
---------------------------------
 There are 0 register/latch pins which need pulse_width check


4. checking unconstrained_internal_endpoints (97)
-------------------------------------------------
 There are 97 pins that are not constrained for maximum delay. (HIGH)

 There are 0 pins that are not constrained for maximum delay due to constant clock.


5. checking no_input_delay (2)
------------------------------
 There are 2 input ports with no input delay specified. (HIGH)

 There are 0 input ports with no input delay but user has a false path constraint.


6. checking no_output_delay (21)
--------------------------------
 There are 21 ports with no output delay specified. (HIGH)

 There are 0 ports with no output delay but user has a false path constraint

 There are 0 ports with no output delay but with a timing clock defined on it or propagating through it


7. checking multiple_clock (0)
------------------------------
 There are 0 register/latch pins with multiple clocks.


8. checking generated_clocks (0)
--------------------------------
 There are 0 generated clocks that are not connected to a clock source.


9. checking loops (0)
---------------------
 There are 0 combinational loops in the design.


10. checking partial_input_delay (0)
------------------------------------
 There are 0 input ports with partial input delay specified.


11. checking partial_output_delay (0)
-------------------------------------
 There are 0 ports with partial output delay specified.


12. checking latch_loops (0)
----------------------------
 There are 0 combinational latch loops in the design through latch input



------------------------------------------------------------------------------------------------
| Design Timing Summary
| ---------------------
------------------------------------------------------------------------------------------------

    WNS(ns)      TNS(ns)  TNS Failing Endpoints  TNS Total Endpoints      WHS(ns)      THS(ns)  THS Failing Endpoints  THS Total Endpoints     WPWS(ns)     TPWS(ns)  TPWS Failing Endpoints  TPWS Total Endpoints  
    -------      -------  ---------------------  -------------------      -------      -------  ---------------------  -------------------     --------     --------  ----------------------  --------------------  
      6.432        0.000                      0                   53        0.173        0.000                      0                   53        4.500        0.000                       0                    29  


All user specified timing constraints are met.


------------------------------------------------------------------------------------------------
| Clock Summary
| -------------
------------------------------------------------------------------------------------------------

Clock        Waveform(ns)       Period(ns)      Frequency(MHz)
-----        ------------       ----------      --------------
sys_clk_pin  {0.000 5.000}      10.000          100.000         


------------------------------------------------------------------------------------------------
| Intra Clock Table
| -----------------
------------------------------------------------------------------------------------------------

Clock             WNS(ns)      TNS(ns)  TNS Failing Endpoints  TNS Total Endpoints      WHS(ns)      THS(ns)  THS Failing Endpoints  THS Total Endpoints     WPWS(ns)     TPWS(ns)  TPWS Failing Endpoints  TPWS Total Endpoints  
-----             -------      -------  ---------------------  -------------------      -------      -------  ---------------------  -------------------     --------     --------  ----------------------  --------------------  
sys_clk_pin         6.432        0.000                      0                   53        0.173        0.000                      0                   53        4.500        0.000                       0                    29  


------------------------------------------------------------------------------------------------
| Inter Clock Table
| -----------------
------------------------------------------------------------------------------------------------

From Clock    To Clock          WNS(ns)      TNS(ns)  TNS Failing Endpoints  TNS Total Endpoints      WHS(ns)      THS(ns)  THS Failing Endpoints  THS Total Endpoints  
----------    --------          -------      -------  ---------------------  -------------------      -------      -------  ---------------------  -------------------  


------------------------------------------------------------------------------------------------
| Other Path Groups Table
| -----------------------
------------------------------------------------------------------------------------------------

Path Group    From Clock    To Clock          WNS(ns)      TNS(ns)  TNS Failing Endpoints  TNS Total Endpoints      WHS(ns)      THS(ns)  THS Failing Endpoints  THS Total Endpoints  
----------    ----------    --------          -------      -------  ---------------------  -------------------      -------      -------  ---------------------  -------------------  


------------------------------------------------------------------------------------------------
| User Ignored Path Table
| -----------------------
------------------------------------------------------------------------------------------------

Path Group    From Clock    To Clock    
----------    ----------    --------    


------------------------------------------------------------------------------------------------
| Unconstrained Path Table
| ------------------------
------------------------------------------------------------------------------------------------

Path Group    From Clock    To Clock    
----------    ----------    --------    
(none)                                    
(none)        sys_clk_pin                 


------------------------------------------------------------------------------------------------
| Timing Details
| --------------
------------------------------------------------------------------------------------------------


---------------------------------------------------------------------------------------------------
From Clock:  sys_clk_pin
  To Clock:  sys_clk_pin

Setup :            0  Failing Endpoints,  Worst Slack        6.432ns,  Total Violation        0.000ns
Hold  :            0  Failing Endpoints,  Worst Slack        0.173ns,  Total Violation        0.000ns
PW    :            0  Failing Endpoints,  Worst Slack        4.500ns,  Total Violation        0.000ns
---------------------------------------------------------------------------------------------------


Max Delay Paths
--------------------------------------------------------------------------------------
Slack (MET) :             6.432ns  (required time - arrival time)
  Source:                 seg/anode_timer_reg[3]/C
                            (rising edge-triggered cell FDRE clocked by sys_clk_pin  {rise@0.000ns fall@5.000ns period=10.000ns})
  Destination:            seg/anode_timer_reg[13]/R
                            (rising edge-triggered cell FDRE clocked by sys_clk_pin  {rise@0.000ns fall@5.000ns period=10.000ns})
  Path Group:             sys_clk_pin
  Path Type:              Setup (Max at Slow Process Corner)
  Requirement:            10.000ns  (sys_clk_pin rise@10.000ns - sys_clk_pin rise@0.000ns)
  Data Path Delay:        2.985ns  (logic 0.766ns (25.658%)  route 2.219ns (74.342%))
  Logic Levels:           2  (LUT4=1 LUT6=1)
  Clock Path Skew:        -0.023ns (DCD - SCD + CPR)
    Destination Clock Delay (DCD):    4.893ns = ( 14.893 - 10.000 ) 
    Source Clock Delay      (SCD):    5.189ns
    Clock Pessimism Removal (CPR):    0.273ns
  Clock Uncertainty:      0.035ns  ((TSJ^2 + TIJ^2)^1/2 + DJ) / 2 + PE
    Total System Jitter     (TSJ):    0.071ns
    Total Input Jitter      (TIJ):    0.000ns
    Discrete Jitter          (DJ):    0.000ns
    Phase Error              (PE):    0.000ns

    Location             Delay type                Incr(ns)  Path(ns)    Netlist Resource(s)
  -------------------------------------------------------------------    -------------------
                         (clock sys_clk_pin rise edge)
                                                      0.000     0.000 r  
    E3                                                0.000     0.000 r  CLK100MHZ (IN)
                         net (fo=0)                   0.000     0.000    CLK100MHZ
    E3                   IBUF (Prop_ibuf_I_O)         1.489     1.489 r  CLK100MHZ_IBUF_inst/O
                         net (fo=1, routed)           1.967     3.455    CLK100MHZ_IBUF
    BUFGCTRL_X0Y16       BUFG (Prop_bufg_I_O)         0.096     3.551 r  CLK100MHZ_IBUF_BUFG_inst/O
                         net (fo=28, routed)          1.637     5.189    seg/CLK
    SLICE_X2Y38          FDRE                                         r  seg/anode_timer_reg[3]/C
  -------------------------------------------------------------------    -------------------
    SLICE_X2Y38          FDRE (Prop_fdre_C_Q)         0.518     5.707 r  seg/anode_timer_reg[3]/Q
                         net (fo=2, routed)           0.822     6.529    seg/anode_timer[3]
    SLICE_X3Y39          LUT4 (Prop_lut4_I0_O)        0.124     6.653 f  seg/anode_timer[16]_i_3/O
                         net (fo=1, routed)           0.667     7.320    seg/anode_timer[16]_i_3_n_0
    SLICE_X3Y39          LUT6 (Prop_lut6_I1_O)        0.124     7.444 r  seg/anode_timer[16]_i_1/O
                         net (fo=19, routed)          0.730     8.174    seg/anode_select
    SLICE_X2Y41          FDRE                                         r  seg/anode_timer_reg[13]/R
  -------------------------------------------------------------------    -------------------

                         (clock sys_clk_pin rise edge)
                                                     10.000    10.000 r  
    E3                                                0.000    10.000 r  CLK100MHZ (IN)
                         net (fo=0)                   0.000    10.000    CLK100MHZ
    E3                   IBUF (Prop_ibuf_I_O)         1.418    11.418 r  CLK100MHZ_IBUF_inst/O
                         net (fo=1, routed)           1.862    13.280    CLK100MHZ_IBUF
    BUFGCTRL_X0Y16       BUFG (Prop_bufg_I_O)         0.091    13.371 r  CLK100MHZ_IBUF_BUFG_inst/O
                         net (fo=28, routed)          1.521    14.893    seg/CLK
    SLICE_X2Y41          FDRE                                         r  seg/anode_timer_reg[13]/C
                         clock pessimism              0.273    15.166    
                         clock uncertainty           -0.035    15.130    
    SLICE_X2Y41          FDRE (Setup_fdre_C_R)       -0.524    14.606    seg/anode_timer_reg[13]
  -------------------------------------------------------------------
                         required time                         14.606    
                         arrival time                          -8.174    
  -------------------------------------------------------------------
                         slack                                  6.432    

Slack (MET) :             6.432ns  (required time - arrival time)
  Source:                 seg/anode_timer_reg[3]/C
                            (rising edge-triggered cell FDRE clocked by sys_clk_pin  {rise@0.000ns fall@5.000ns period=10.000ns})
  Destination:            seg/anode_timer_reg[14]/R
                            (rising edge-triggered cell FDRE clocked by sys_clk_pin  {rise@0.000ns fall@5.000ns period=10.000ns})
  Path Group:             sys_clk_pin
  Path Type:              Setup (Max at Slow Process Corner)
  Requirement:            10.000ns  (sys_clk_pin rise@10.000ns - sys_clk_pin rise@0.000ns)
  Data Path Delay:        2.985ns  (logic 0.766ns (25.658%)  route 2.219ns (74.342%))
  Logic Levels:           2  (LUT4=1 LUT6=1)
  Clock Path Skew:        -0.023ns (DCD - SCD + CPR)
    Destination Clock Delay (DCD):    4.893ns = ( 14.893 - 10.000 ) 
    Source Clock Delay      (SCD):    5.189ns
    Clock Pessimism Removal (CPR):    0.273ns
  Clock Uncertainty:      0.035ns  ((TSJ^2 + TIJ^2)^1/2 + DJ) / 2 + PE
    Total System Jitter     (TSJ):    0.071ns
    Total Input Jitter      (TIJ):    0.000ns
    Discrete Jitter          (DJ):    0.000ns
    Phase Error              (PE):    0.000ns

    Location             Delay type                Incr(ns)  Path(ns)    Netlist Resource(s)
  -------------------------------------------------------------------    -------------------
                         (clock sys_clk_pin rise edge)
                                                      0.000     0.000 r  
    E3                                                0.000     0.000 r  CLK100MHZ (IN)
                         net (fo=0)                   0.000     0.000    CLK100MHZ
    E3                   IBUF (Prop_ibuf_I_O)         1.489     1.489 r  CLK100MHZ_IBUF_inst/O
                         net (fo=1, routed)           1.967     3.455    CLK100MHZ_IBUF
    BUFGCTRL_X0Y16       BUFG (Prop_bufg_I_O)         0.096     3.551 r  CLK100MHZ_IBUF_BUFG_inst/O
                         net (fo=28, routed)          1.637     5.189    seg/CLK
    SLICE_X2Y38          FDRE                                         r  seg/anode_timer_reg[3]/C
  -------------------------------------------------------------------    -------------------
    SLICE_X2Y38          FDRE (Prop_fdre_C_Q)         0.518     5.707 r  seg/anode_timer_reg[3]/Q
                         net (fo=2, routed)           0.822     6.529    seg/anode_timer[3]
    SLICE_X3Y39          LUT4 (Prop_lut4_I0_O)        0.124     6.653 f  seg/anode_timer[16]_i_3/O
                         net (fo=1, routed)           0.667     7.320    seg/anode_timer[16]_i_3_n_0
    SLICE_X3Y39          LUT6 (Prop_lut6_I1_O)        0.124     7.444 r  seg/anode_timer[16]_i_1/O
                         net (fo=19, routed)          0.730     8.174    seg/anode_select
    SLICE_X2Y41          FDRE                                         r  seg/anode_timer_reg[14]/R
  -------------------------------------------------------------------    -------------------

                         (clock sys_clk_pin rise edge)
                                                     10.000    10.000 r  
    E3                                                0.000    10.000 r  CLK100MHZ (IN)
                         net (fo=0)                   0.000    10.000    CLK100MHZ
    E3                   IBUF (Prop_ibuf_I_O)         1.418    11.418 r  CLK100MHZ_IBUF_inst/O
                         net (fo=1, routed)           1.862    13.280    CLK100MHZ_IBUF
    BUFGCTRL_X0Y16       BUFG (Prop_bufg_I_O)         0.091    13.371 r  CLK100MHZ_IBUF_BUFG_inst/O
                         net (fo=28, routed)          1.521    14.893    seg/CLK
    SLICE_X2Y41          FDRE                                         r  seg/anode_timer_reg[14]/C
                         clock pessimism              0.273    15.166    
                         clock uncertainty           -0.035    15.130    
    SLICE_X2Y41          FDRE (Setup_fdre_C_R)       -0.524    14.606    seg/anode_timer_reg[14]
  -------------------------------------------------------------------
                         required time                         14.606    
                         arrival time                          -8.174    
  -------------------------------------------------------------------
                         slack                                  6.432    

Slack (MET) :             6.432ns  (required time - arrival time)
  Source:                 seg/anode_timer_reg[3]/C
                            (rising edge-triggered cell FDRE clocked by sys_clk_pin  {rise@0.000ns fall@5.000ns period=10.000ns})
  Destination:            seg/anode_timer_reg[15]/R
                            (rising edge-triggered cell FDRE clocked by sys_clk_pin  {rise@0.000ns fall@5.000ns period=10.000ns})
  Path Group:             sys_clk_pin
  Path Type:              Setup (Max at Slow Process Corner)
  Requirement:            10.000ns  (sys_clk_pin rise@10.000ns - sys_clk_pin rise@0.000ns)
  Data Path Delay:        2.985ns  (logic 0.766ns (25.658%)  route 2.219ns (74.342%))
  Logic Levels:           2  (LUT4=1 LUT6=1)
  Clock Path Skew:        -0.023ns (DCD - SCD + CPR)
    Destination Clock Delay (DCD):    4.893ns = ( 14.893 - 10.000 ) 
    Source Clock Delay      (SCD):    5.189ns
    Clock Pessimism Removal (CPR):    0.273ns
  Clock Uncertainty:      0.035ns  ((TSJ^2 + TIJ^2)^1/2 + DJ) / 2 + PE
    Total System Jitter     (TSJ):    0.071ns
    Total Input Jitter      (TIJ):    0.000ns
    Discrete Jitter          (DJ):    0.000ns
    Phase Error              (PE):    0.000ns

    Location             Delay type                Incr(ns)  Path(ns)    Netlist Resource(s)
  -------------------------------------------------------------------    -------------------
                         (clock sys_clk_pin rise edge)
                                                      0.000     0.000 r  
    E3                                                0.000     0.000 r  CLK100MHZ (IN)
                         net (fo=0)                   0.000     0.000    CLK100MHZ
    E3                   IBUF (Prop_ibuf_I_O)         1.489     1.489 r  CLK100MHZ_IBUF_inst/O
                         net (fo=1, routed)           1.967     3.455    CLK100MHZ_IBUF
    BUFGCTRL_X0Y16       BUFG (Prop_bufg_I_O)         0.096     3.551 r  CLK100MHZ_IBUF_BUFG_inst/O
                         net (fo=28, routed)          1.637     5.189    seg/CLK
    SLICE_X2Y38          FDRE                                         r  seg/anode_timer_reg[3]/C
  -------------------------------------------------------------------    -------------------
    SLICE_X2Y38          FDRE (Prop_fdre_C_Q)         0.518     5.707 r  seg/anode_timer_reg[3]/Q
                         net (fo=2, routed)           0.822     6.529    seg/anode_timer[3]
    SLICE_X3Y39          LUT4 (Prop_lut4_I0_O)        0.124     6.653 f  seg/anode_timer[16]_i_3/O
                         net (fo=1, routed)           0.667     7.320    seg/anode_timer[16]_i_3_n_0
    SLICE_X3Y39          LUT6 (Prop_lut6_I1_O)        0.124     7.444 r  seg/anode_timer[16]_i_1/O
                         net (fo=19, routed)          0.730     8.174    seg/anode_select
    SLICE_X2Y41          FDRE                                         r  seg/anode_timer_reg[15]/R
  -------------------------------------------------------------------    -------------------

                         (clock sys_clk_pin rise edge)
                                                     10.000    10.000 r  
    E3                                                0.000    10.000 r  CLK100MHZ (IN)
                         net (fo=0)                   0.000    10.000    CLK100MHZ
    E3                   IBUF (Prop_ibuf_I_O)         1.418    11.418 r  CLK100MHZ_IBUF_inst/O
                         net (fo=1, routed)           1.862    13.280    CLK100MHZ_IBUF
    BUFGCTRL_X0Y16       BUFG (Prop_bufg_I_O)         0.091    13.371 r  CLK100MHZ_IBUF_BUFG_inst/O
                         net (fo=28, routed)          1.521    14.893    seg/CLK
    SLICE_X2Y41          FDRE                                         r  seg/anode_timer_reg[15]/C
                         clock pessimism              0.273    15.166    
                         clock uncertainty           -0.035    15.130    
    SLICE_X2Y41          FDRE (Setup_fdre_C_R)       -0.524    14.606    seg/anode_timer_reg[15]
  -------------------------------------------------------------------
                         required time                         14.606    
                         arrival time                          -8.174    
  -------------------------------------------------------------------
                         slack                                  6.432    

Slack (MET) :             6.432ns  (required time - arrival time)
  Source:                 seg/anode_timer_reg[3]/C
                            (rising edge-triggered cell FDRE clocked by sys_clk_pin  {rise@0.000ns fall@5.000ns period=10.000ns})
  Destination:            seg/anode_timer_reg[16]/R
                            (rising edge-triggered cell FDRE clocked by sys_clk_pin  {rise@0.000ns fall@5.000ns period=10.000ns})
  Path Group:             sys_clk_pin
  Path Type:              Setup (Max at Slow Process Corner)
  Requirement:            10.000ns  (sys_clk_pin rise@10.000ns - sys_clk_pin rise@0.000ns)
  Data Path Delay:        2.985ns  (logic 0.766ns (25.658%)  route 2.219ns (74.342%))
  Logic Levels:           2  (LUT4=1 LUT6=1)
  Clock Path Skew:        -0.023ns (DCD - SCD + CPR)
    Destination Clock Delay (DCD):    4.893ns = ( 14.893 - 10.000 ) 
    Source Clock Delay      (SCD):    5.189ns
    Clock Pessimism Removal (CPR):    0.273ns
  Clock Uncertainty:      0.035ns  ((TSJ^2 + TIJ^2)^1/2 + DJ) / 2 + PE
    Total System Jitter     (TSJ):    0.071ns
    Total Input Jitter      (TIJ):    0.000ns
    Discrete Jitter          (DJ):    0.000ns
    Phase Error              (PE):    0.000ns

    Location             Delay type                Incr(ns)  Path(ns)    Netlist Resource(s)
  -------------------------------------------------------------------    -------------------
                         (clock sys_clk_pin rise edge)
                                                      0.000     0.000 r  
    E3                                                0.000     0.000 r  CLK100MHZ (IN)
                         net (fo=0)                   0.000     0.000    CLK100MHZ
    E3                   IBUF (Prop_ibuf_I_O)         1.489     1.489 r  CLK100MHZ_IBUF_inst/O
                         net (fo=1, routed)           1.967     3.455    CLK100MHZ_IBUF
    BUFGCTRL_X0Y16       BUFG (Prop_bufg_I_O)         0.096     3.551 r  CLK100MHZ_IBUF_BUFG_inst/O
                         net (fo=28, routed)          1.637     5.189    seg/CLK
    SLICE_X2Y38          FDRE                                         r  seg/anode_timer_reg[3]/C
  -------------------------------------------------------------------    -------------------
    SLICE_X2Y38          FDRE (Prop_fdre_C_Q)         0.518     5.707 r  seg/anode_timer_reg[3]/Q
                         net (fo=2, routed)           0.822     6.529    seg/anode_timer[3]
    SLICE_X3Y39          LUT4 (Prop_lut4_I0_O)        0.124     6.653 f  seg/anode_timer[16]_i_3/O
                         net (fo=1, routed)           0.667     7.320    seg/anode_timer[16]_i_3_n_0
    SLICE_X3Y39          LUT6 (Prop_lut6_I1_O)        0.124     7.444 r  seg/anode_timer[16]_i_1/O
                         net (fo=19, routed)          0.730     8.174    seg/anode_select
    SLICE_X2Y41          FDRE                                         r  seg/anode_timer_reg[16]/R
  -------------------------------------------------------------------    -------------------

                         (clock sys_clk_pin rise edge)
                                                     10.000    10.000 r  
    E3                                                0.000    10.000 r  CLK100MHZ (IN)
                         net (fo=0)                   0.000    10.000    CLK100MHZ
    E3                   IBUF (Prop_ibuf_I_O)         1.418    11.418 r  CLK100MHZ_IBUF_inst/O
                         net (fo=1, routed)           1.862    13.280    CLK100MHZ_IBUF
    BUFGCTRL_X0Y16       BUFG (Prop_bufg_I_O)         0.091    13.371 r  CLK100MHZ_IBUF_BUFG_inst/O
                         net (fo=28, routed)          1.521    14.893    seg/CLK
    SLICE_X2Y41          FDRE                                         r  seg/anode_timer_reg[16]/C
                         clock pessimism              0.273    15.166    
                         clock uncertainty           -0.035    15.130    
    SLICE_X2Y41          FDRE (Setup_fdre_C_R)       -0.524    14.606    seg/anode_timer_reg[16]
  -------------------------------------------------------------------
                         required time                         14.606    
                         arrival time                          -8.174    
  -------------------------------------------------------------------
                         slack                                  6.432    

Slack (MET) :             6.514ns  (required time - arrival time)
  Source:                 seg/anode_timer_reg[3]/C
                            (rising edge-triggered cell FDRE clocked by sys_clk_pin  {rise@0.000ns fall@5.000ns period=10.000ns})
  Destination:            seg/anode_timer_reg[5]/R
                            (rising edge-triggered cell FDRE clocked by sys_clk_pin  {rise@0.000ns fall@5.000ns period=10.000ns})
  Path Group:             sys_clk_pin
  Path Type:              Setup (Max at Slow Process Corner)
  Requirement:            10.000ns  (sys_clk_pin rise@10.000ns - sys_clk_pin rise@0.000ns)
  Data Path Delay:        2.903ns  (logic 0.766ns (26.387%)  route 2.137ns (73.613%))
  Logic Levels:           2  (LUT4=1 LUT6=1)
  Clock Path Skew:        -0.024ns (DCD - SCD + CPR)
    Destination Clock Delay (DCD):    4.892ns = ( 14.892 - 10.000 ) 
    Source Clock Delay      (SCD):    5.189ns
    Clock Pessimism Removal (CPR):    0.273ns
  Clock Uncertainty:      0.035ns  ((TSJ^2 + TIJ^2)^1/2 + DJ) / 2 + PE
    Total System Jitter     (TSJ):    0.071ns
    Total Input Jitter      (TIJ):    0.000ns
    Discrete Jitter          (DJ):    0.000ns
    Phase Error              (PE):    0.000ns

    Location             Delay type                Incr(ns)  Path(ns)    Netlist Resource(s)
  -------------------------------------------------------------------    -------------------
                         (clock sys_clk_pin rise edge)
                                                      0.000     0.000 r  
    E3                                                0.000     0.000 r  CLK100MHZ (IN)
                         net (fo=0)                   0.000     0.000    CLK100MHZ
    E3                   IBUF (Prop_ibuf_I_O)         1.489     1.489 r  CLK100MHZ_IBUF_inst/O
                         net (fo=1, routed)           1.967     3.455    CLK100MHZ_IBUF
    BUFGCTRL_X0Y16       BUFG (Prop_bufg_I_O)         0.096     3.551 r  CLK100MHZ_IBUF_BUFG_inst/O
                         net (fo=28, routed)          1.637     5.189    seg/CLK
    SLICE_X2Y38          FDRE                                         r  seg/anode_timer_reg[3]/C
  -------------------------------------------------------------------    -------------------
    SLICE_X2Y38          FDRE (Prop_fdre_C_Q)         0.518     5.707 r  seg/anode_timer_reg[3]/Q
                         net (fo=2, routed)           0.822     6.529    seg/anode_timer[3]
    SLICE_X3Y39          LUT4 (Prop_lut4_I0_O)        0.124     6.653 f  seg/anode_timer[16]_i_3/O
                         net (fo=1, routed)           0.667     7.320    seg/anode_timer[16]_i_3_n_0
    SLICE_X3Y39          LUT6 (Prop_lut6_I1_O)        0.124     7.444 r  seg/anode_timer[16]_i_1/O
                         net (fo=19, routed)          0.648     8.092    seg/anode_select
    SLICE_X2Y39          FDRE                                         r  seg/anode_timer_reg[5]/R
  -------------------------------------------------------------------    -------------------

                         (clock sys_clk_pin rise edge)
                                                     10.000    10.000 r  
    E3                                                0.000    10.000 r  CLK100MHZ (IN)
                         net (fo=0)                   0.000    10.000    CLK100MHZ
    E3                   IBUF (Prop_ibuf_I_O)         1.418    11.418 r  CLK100MHZ_IBUF_inst/O
                         net (fo=1, routed)           1.862    13.280    CLK100MHZ_IBUF
    BUFGCTRL_X0Y16       BUFG (Prop_bufg_I_O)         0.091    13.371 r  CLK100MHZ_IBUF_BUFG_inst/O
                         net (fo=28, routed)          1.520    14.892    seg/CLK
    SLICE_X2Y39          FDRE                                         r  seg/anode_timer_reg[5]/C
                         clock pessimism              0.273    15.165    
                         clock uncertainty           -0.035    15.129    
    SLICE_X2Y39          FDRE (Setup_fdre_C_R)       -0.524    14.605    seg/anode_timer_reg[5]
  -------------------------------------------------------------------
                         required time                         14.605    
                         arrival time                          -8.092    
  -------------------------------------------------------------------
                         slack                                  6.514    

Slack (MET) :             6.514ns  (required time - arrival time)
  Source:                 seg/anode_timer_reg[3]/C
                            (rising edge-triggered cell FDRE clocked by sys_clk_pin  {rise@0.000ns fall@5.000ns period=10.000ns})
  Destination:            seg/anode_timer_reg[6]/R
                            (rising edge-triggered cell FDRE clocked by sys_clk_pin  {rise@0.000ns fall@5.000ns period=10.000ns})
  Path Group:             sys_clk_pin
  Path Type:              Setup (Max at Slow Process Corner)
  Requirement:            10.000ns  (sys_clk_pin rise@10.000ns - sys_clk_pin rise@0.000ns)
  Data Path Delay:        2.903ns  (logic 0.766ns (26.387%)  route 2.137ns (73.613%))
  Logic Levels:           2  (LUT4=1 LUT6=1)
  Clock Path Skew:        -0.024ns (DCD - SCD + CPR)
    Destination Clock Delay (DCD):    4.892ns = ( 14.892 - 10.000 ) 
    Source Clock Delay      (SCD):    5.189ns
    Clock Pessimism Removal (CPR):    0.273ns
  Clock Uncertainty:      0.035ns  ((TSJ^2 + TIJ^2)^1/2 + DJ) / 2 + PE
    Total System Jitter     (TSJ):    0.071ns
    Total Input Jitter      (TIJ):    0.000ns
    Discrete Jitter          (DJ):    0.000ns
    Phase Error              (PE):    0.000ns

    Location             Delay type                Incr(ns)  Path(ns)    Netlist Resource(s)
  -------------------------------------------------------------------    -------------------
                         (clock sys_clk_pin rise edge)
                                                      0.000     0.000 r  
    E3                                                0.000     0.000 r  CLK100MHZ (IN)
                         net (fo=0)                   0.000     0.000    CLK100MHZ
    E3                   IBUF (Prop_ibuf_I_O)         1.489     1.489 r  CLK100MHZ_IBUF_inst/O
                         net (fo=1, routed)           1.967     3.455    CLK100MHZ_IBUF
    BUFGCTRL_X0Y16       BUFG (Prop_bufg_I_O)         0.096     3.551 r  CLK100MHZ_IBUF_BUFG_inst/O
                         net (fo=28, routed)          1.637     5.189    seg/CLK
    SLICE_X2Y38          FDRE                                         r  seg/anode_timer_reg[3]/C
  -------------------------------------------------------------------    -------------------
    SLICE_X2Y38          FDRE (Prop_fdre_C_Q)         0.518     5.707 r  seg/anode_timer_reg[3]/Q
                         net (fo=2, routed)           0.822     6.529    seg/anode_timer[3]
    SLICE_X3Y39          LUT4 (Prop_lut4_I0_O)        0.124     6.653 f  seg/anode_timer[16]_i_3/O
                         net (fo=1, routed)           0.667     7.320    seg/anode_timer[16]_i_3_n_0
    SLICE_X3Y39          LUT6 (Prop_lut6_I1_O)        0.124     7.444 r  seg/anode_timer[16]_i_1/O
                         net (fo=19, routed)          0.648     8.092    seg/anode_select
    SLICE_X2Y39          FDRE                                         r  seg/anode_timer_reg[6]/R
  -------------------------------------------------------------------    -------------------

                         (clock sys_clk_pin rise edge)
                                                     10.000    10.000 r  
    E3                                                0.000    10.000 r  CLK100MHZ (IN)
                         net (fo=0)                   0.000    10.000    CLK100MHZ
    E3                   IBUF (Prop_ibuf_I_O)         1.418    11.418 r  CLK100MHZ_IBUF_inst/O
                         net (fo=1, routed)           1.862    13.280    CLK100MHZ_IBUF
    BUFGCTRL_X0Y16       BUFG (Prop_bufg_I_O)         0.091    13.371 r  CLK100MHZ_IBUF_BUFG_inst/O
                         net (fo=28, routed)          1.520    14.892    seg/CLK
    SLICE_X2Y39          FDRE                                         r  seg/anode_timer_reg[6]/C
                         clock pessimism              0.273    15.165    
                         clock uncertainty           -0.035    15.129    
    SLICE_X2Y39          FDRE (Setup_fdre_C_R)       -0.524    14.605    seg/anode_timer_reg[6]
  -------------------------------------------------------------------
                         required time                         14.605    
                         arrival time                          -8.092    
  -------------------------------------------------------------------
                         slack                                  6.514    

Slack (MET) :             6.514ns  (required time - arrival time)
  Source:                 seg/anode_timer_reg[3]/C
                            (rising edge-triggered cell FDRE clocked by sys_clk_pin  {rise@0.000ns fall@5.000ns period=10.000ns})
  Destination:            seg/anode_timer_reg[7]/R
                            (rising edge-triggered cell FDRE clocked by sys_clk_pin  {rise@0.000ns fall@5.000ns period=10.000ns})
  Path Group:             sys_clk_pin
  Path Type:              Setup (Max at Slow Process Corner)
  Requirement:            10.000ns  (sys_clk_pin rise@10.000ns - sys_clk_pin rise@0.000ns)
  Data Path Delay:        2.903ns  (logic 0.766ns (26.387%)  route 2.137ns (73.613%))
  Logic Levels:           2  (LUT4=1 LUT6=1)
  Clock Path Skew:        -0.024ns (DCD - SCD + CPR)
    Destination Clock Delay (DCD):    4.892ns = ( 14.892 - 10.000 ) 
    Source Clock Delay      (SCD):    5.189ns
    Clock Pessimism Removal (CPR):    0.273ns
  Clock Uncertainty:      0.035ns  ((TSJ^2 + TIJ^2)^1/2 + DJ) / 2 + PE
    Total System Jitter     (TSJ):    0.071ns
    Total Input Jitter      (TIJ):    0.000ns
    Discrete Jitter          (DJ):    0.000ns
    Phase Error              (PE):    0.000ns

    Location             Delay type                Incr(ns)  Path(ns)    Netlist Resource(s)
  -------------------------------------------------------------------    -------------------
                         (clock sys_clk_pin rise edge)
                                                      0.000     0.000 r  
    E3                                                0.000     0.000 r  CLK100MHZ (IN)
                         net (fo=0)                   0.000     0.000    CLK100MHZ
    E3                   IBUF (Prop_ibuf_I_O)         1.489     1.489 r  CLK100MHZ_IBUF_inst/O
                         net (fo=1, routed)           1.967     3.455    CLK100MHZ_IBUF
    BUFGCTRL_X0Y16       BUFG (Prop_bufg_I_O)         0.096     3.551 r  CLK100MHZ_IBUF_BUFG_inst/O
                         net (fo=28, routed)          1.637     5.189    seg/CLK
    SLICE_X2Y38          FDRE                                         r  seg/anode_timer_reg[3]/C
  -------------------------------------------------------------------    -------------------
    SLICE_X2Y38          FDRE (Prop_fdre_C_Q)         0.518     5.707 r  seg/anode_timer_reg[3]/Q
                         net (fo=2, routed)           0.822     6.529    seg/anode_timer[3]
    SLICE_X3Y39          LUT4 (Prop_lut4_I0_O)        0.124     6.653 f  seg/anode_timer[16]_i_3/O
                         net (fo=1, routed)           0.667     7.320    seg/anode_timer[16]_i_3_n_0
    SLICE_X3Y39          LUT6 (Prop_lut6_I1_O)        0.124     7.444 r  seg/anode_timer[16]_i_1/O
                         net (fo=19, routed)          0.648     8.092    seg/anode_select
    SLICE_X2Y39          FDRE                                         r  seg/anode_timer_reg[7]/R
  -------------------------------------------------------------------    -------------------

                         (clock sys_clk_pin rise edge)
                                                     10.000    10.000 r  
    E3                                                0.000    10.000 r  CLK100MHZ (IN)
                         net (fo=0)                   0.000    10.000    CLK100MHZ
    E3                   IBUF (Prop_ibuf_I_O)         1.418    11.418 r  CLK100MHZ_IBUF_inst/O
                         net (fo=1, routed)           1.862    13.280    CLK100MHZ_IBUF
    BUFGCTRL_X0Y16       BUFG (Prop_bufg_I_O)         0.091    13.371 r  CLK100MHZ_IBUF_BUFG_inst/O
                         net (fo=28, routed)          1.520    14.892    seg/CLK
    SLICE_X2Y39          FDRE                                         r  seg/anode_timer_reg[7]/C
                         clock pessimism              0.273    15.165    
                         clock uncertainty           -0.035    15.129    
    SLICE_X2Y39          FDRE (Setup_fdre_C_R)       -0.524    14.605    seg/anode_timer_reg[7]
  -------------------------------------------------------------------
                         required time                         14.605    
                         arrival time                          -8.092    
  -------------------------------------------------------------------
                         slack                                  6.514    

Slack (MET) :             6.514ns  (required time - arrival time)
  Source:                 seg/anode_timer_reg[3]/C
                            (rising edge-triggered cell FDRE clocked by sys_clk_pin  {rise@0.000ns fall@5.000ns period=10.000ns})
  Destination:            seg/anode_timer_reg[8]/R
                            (rising edge-triggered cell FDRE clocked by sys_clk_pin  {rise@0.000ns fall@5.000ns period=10.000ns})
  Path Group:             sys_clk_pin
  Path Type:              Setup (Max at Slow Process Corner)
  Requirement:            10.000ns  (sys_clk_pin rise@10.000ns - sys_clk_pin rise@0.000ns)
  Data Path Delay:        2.903ns  (logic 0.766ns (26.387%)  route 2.137ns (73.613%))
  Logic Levels:           2  (LUT4=1 LUT6=1)
  Clock Path Skew:        -0.024ns (DCD - SCD + CPR)
    Destination Clock Delay (DCD):    4.892ns = ( 14.892 - 10.000 ) 
    Source Clock Delay      (SCD):    5.189ns
    Clock Pessimism Removal (CPR):    0.273ns
  Clock Uncertainty:      0.035ns  ((TSJ^2 + TIJ^2)^1/2 + DJ) / 2 + PE
    Total System Jitter     (TSJ):    0.071ns
    Total Input Jitter      (TIJ):    0.000ns
    Discrete Jitter          (DJ):    0.000ns
    Phase Error              (PE):    0.000ns

    Location             Delay type                Incr(ns)  Path(ns)    Netlist Resource(s)
  -------------------------------------------------------------------    -------------------
                         (clock sys_clk_pin rise edge)
                                                      0.000     0.000 r  
    E3                                                0.000     0.000 r  CLK100MHZ (IN)
                         net (fo=0)                   0.000     0.000    CLK100MHZ
    E3                   IBUF (Prop_ibuf_I_O)         1.489     1.489 r  CLK100MHZ_IBUF_inst/O
                         net (fo=1, routed)           1.967     3.455    CLK100MHZ_IBUF
    BUFGCTRL_X0Y16       BUFG (Prop_bufg_I_O)         0.096     3.551 r  CLK100MHZ_IBUF_BUFG_inst/O
                         net (fo=28, routed)          1.637     5.189    seg/CLK
    SLICE_X2Y38          FDRE                                         r  seg/anode_timer_reg[3]/C
  -------------------------------------------------------------------    -------------------
    SLICE_X2Y38          FDRE (Prop_fdre_C_Q)         0.518     5.707 r  seg/anode_timer_reg[3]/Q
                         net (fo=2, routed)           0.822     6.529    seg/anode_timer[3]
    SLICE_X3Y39          LUT4 (Prop_lut4_I0_O)        0.124     6.653 f  seg/anode_timer[16]_i_3/O
                         net (fo=1, routed)           0.667     7.320    seg/anode_timer[16]_i_3_n_0
    SLICE_X3Y39          LUT6 (Prop_lut6_I1_O)        0.124     7.444 r  seg/anode_timer[16]_i_1/O
                         net (fo=19, routed)          0.648     8.092    seg/anode_select
    SLICE_X2Y39          FDRE                                         r  seg/anode_timer_reg[8]/R
  -------------------------------------------------------------------    -------------------

                         (clock sys_clk_pin rise edge)
                                                     10.000    10.000 r  
    E3                                                0.000    10.000 r  CLK100MHZ (IN)
                         net (fo=0)                   0.000    10.000    CLK100MHZ
    E3                   IBUF (Prop_ibuf_I_O)         1.418    11.418 r  CLK100MHZ_IBUF_inst/O
                         net (fo=1, routed)           1.862    13.280    CLK100MHZ_IBUF
    BUFGCTRL_X0Y16       BUFG (Prop_bufg_I_O)         0.091    13.371 r  CLK100MHZ_IBUF_BUFG_inst/O
                         net (fo=28, routed)          1.520    14.892    seg/CLK
    SLICE_X2Y39          FDRE                                         r  seg/anode_timer_reg[8]/C
                         clock pessimism              0.273    15.165    
                         clock uncertainty           -0.035    15.129    
    SLICE_X2Y39          FDRE (Setup_fdre_C_R)       -0.524    14.605    seg/anode_timer_reg[8]
  -------------------------------------------------------------------
                         required time                         14.605    
                         arrival time                          -8.092    
  -------------------------------------------------------------------
                         slack                                  6.514    

Slack (MET) :             6.609ns  (required time - arrival time)
  Source:                 seg/anode_timer_reg[3]/C
                            (rising edge-triggered cell FDRE clocked by sys_clk_pin  {rise@0.000ns fall@5.000ns period=10.000ns})
  Destination:            seg/anode_timer_reg[0]/R
                            (rising edge-triggered cell FDRE clocked by sys_clk_pin  {rise@0.000ns fall@5.000ns period=10.000ns})
  Path Group:             sys_clk_pin
  Path Type:              Setup (Max at Slow Process Corner)
  Requirement:            10.000ns  (sys_clk_pin rise@10.000ns - sys_clk_pin rise@0.000ns)
  Data Path Delay:        2.903ns  (logic 0.766ns (26.387%)  route 2.137ns (73.613%))
  Logic Levels:           2  (LUT4=1 LUT6=1)
  Clock Path Skew:        -0.024ns (DCD - SCD + CPR)
    Destination Clock Delay (DCD):    4.892ns = ( 14.892 - 10.000 ) 
    Source Clock Delay      (SCD):    5.189ns
    Clock Pessimism Removal (CPR):    0.273ns
  Clock Uncertainty:      0.035ns  ((TSJ^2 + TIJ^2)^1/2 + DJ) / 2 + PE
    Total System Jitter     (TSJ):    0.071ns
    Total Input Jitter      (TIJ):    0.000ns
    Discrete Jitter          (DJ):    0.000ns
    Phase Error              (PE):    0.000ns

    Location             Delay type                Incr(ns)  Path(ns)    Netlist Resource(s)
  -------------------------------------------------------------------    -------------------
                         (clock sys_clk_pin rise edge)
                                                      0.000     0.000 r  
    E3                                                0.000     0.000 r  CLK100MHZ (IN)
                         net (fo=0)                   0.000     0.000    CLK100MHZ
    E3                   IBUF (Prop_ibuf_I_O)         1.489     1.489 r  CLK100MHZ_IBUF_inst/O
                         net (fo=1, routed)           1.967     3.455    CLK100MHZ_IBUF
    BUFGCTRL_X0Y16       BUFG (Prop_bufg_I_O)         0.096     3.551 r  CLK100MHZ_IBUF_BUFG_inst/O
                         net (fo=28, routed)          1.637     5.189    seg/CLK
    SLICE_X2Y38          FDRE                                         r  seg/anode_timer_reg[3]/C
  -------------------------------------------------------------------    -------------------
    SLICE_X2Y38          FDRE (Prop_fdre_C_Q)         0.518     5.707 r  seg/anode_timer_reg[3]/Q
                         net (fo=2, routed)           0.822     6.529    seg/anode_timer[3]
    SLICE_X3Y39          LUT4 (Prop_lut4_I0_O)        0.124     6.653 f  seg/anode_timer[16]_i_3/O
                         net (fo=1, routed)           0.667     7.320    seg/anode_timer[16]_i_3_n_0
    SLICE_X3Y39          LUT6 (Prop_lut6_I1_O)        0.124     7.444 r  seg/anode_timer[16]_i_1/O
                         net (fo=19, routed)          0.648     8.092    seg/anode_select
    SLICE_X3Y39          FDRE                                         r  seg/anode_timer_reg[0]/R
  -------------------------------------------------------------------    -------------------

                         (clock sys_clk_pin rise edge)
                                                     10.000    10.000 r  
    E3                                                0.000    10.000 r  CLK100MHZ (IN)
                         net (fo=0)                   0.000    10.000    CLK100MHZ
    E3                   IBUF (Prop_ibuf_I_O)         1.418    11.418 r  CLK100MHZ_IBUF_inst/O
                         net (fo=1, routed)           1.862    13.280    CLK100MHZ_IBUF
    BUFGCTRL_X0Y16       BUFG (Prop_bufg_I_O)         0.091    13.371 r  CLK100MHZ_IBUF_BUFG_inst/O
                         net (fo=28, routed)          1.520    14.892    seg/CLK
    SLICE_X3Y39          FDRE                                         r  seg/anode_timer_reg[0]/C
                         clock pessimism              0.273    15.165    
                         clock uncertainty           -0.035    15.129    
    SLICE_X3Y39          FDRE (Setup_fdre_C_R)       -0.429    14.700    seg/anode_timer_reg[0]
  -------------------------------------------------------------------
                         required time                         14.700    
                         arrival time                          -8.092    
  -------------------------------------------------------------------
                         slack                                  6.609    

Slack (MET) :             6.634ns  (required time - arrival time)
  Source:                 seg/anode_timer_reg[3]/C
                            (rising edge-triggered cell FDRE clocked by sys_clk_pin  {rise@0.000ns fall@5.000ns period=10.000ns})
  Destination:            seg/anode_timer_reg[10]/R
                            (rising edge-triggered cell FDRE clocked by sys_clk_pin  {rise@0.000ns fall@5.000ns period=10.000ns})
  Path Group:             sys_clk_pin
  Path Type:              Setup (Max at Slow Process Corner)
  Requirement:            10.000ns  (sys_clk_pin rise@10.000ns - sys_clk_pin rise@0.000ns)
  Data Path Delay:        2.783ns  (logic 0.766ns (27.527%)  route 2.017ns (72.473%))
  Logic Levels:           2  (LUT4=1 LUT6=1)
  Clock Path Skew:        -0.024ns (DCD - SCD + CPR)
    Destination Clock Delay (DCD):    4.892ns = ( 14.892 - 10.000 ) 
    Source Clock Delay      (SCD):    5.189ns
    Clock Pessimism Removal (CPR):    0.273ns
  Clock Uncertainty:      0.035ns  ((TSJ^2 + TIJ^2)^1/2 + DJ) / 2 + PE
    Total System Jitter     (TSJ):    0.071ns
    Total Input Jitter      (TIJ):    0.000ns
    Discrete Jitter          (DJ):    0.000ns
    Phase Error              (PE):    0.000ns

    Location             Delay type                Incr(ns)  Path(ns)    Netlist Resource(s)
  -------------------------------------------------------------------    -------------------
                         (clock sys_clk_pin rise edge)
                                                      0.000     0.000 r  
    E3                                                0.000     0.000 r  CLK100MHZ (IN)
                         net (fo=0)                   0.000     0.000    CLK100MHZ
    E3                   IBUF (Prop_ibuf_I_O)         1.489     1.489 r  CLK100MHZ_IBUF_inst/O
                         net (fo=1, routed)           1.967     3.455    CLK100MHZ_IBUF
    BUFGCTRL_X0Y16       BUFG (Prop_bufg_I_O)         0.096     3.551 r  CLK100MHZ_IBUF_BUFG_inst/O
                         net (fo=28, routed)          1.637     5.189    seg/CLK
    SLICE_X2Y38          FDRE                                         r  seg/anode_timer_reg[3]/C
  -------------------------------------------------------------------    -------------------
    SLICE_X2Y38          FDRE (Prop_fdre_C_Q)         0.518     5.707 r  seg/anode_timer_reg[3]/Q
                         net (fo=2, routed)           0.822     6.529    seg/anode_timer[3]
    SLICE_X3Y39          LUT4 (Prop_lut4_I0_O)        0.124     6.653 f  seg/anode_timer[16]_i_3/O
                         net (fo=1, routed)           0.667     7.320    seg/anode_timer[16]_i_3_n_0
    SLICE_X3Y39          LUT6 (Prop_lut6_I1_O)        0.124     7.444 r  seg/anode_timer[16]_i_1/O
                         net (fo=19, routed)          0.528     7.972    seg/anode_select
    SLICE_X2Y40          FDRE                                         r  seg/anode_timer_reg[10]/R
  -------------------------------------------------------------------    -------------------

                         (clock sys_clk_pin rise edge)
                                                     10.000    10.000 r  
    E3                                                0.000    10.000 r  CLK100MHZ (IN)
                         net (fo=0)                   0.000    10.000    CLK100MHZ
    E3                   IBUF (Prop_ibuf_I_O)         1.418    11.418 r  CLK100MHZ_IBUF_inst/O
                         net (fo=1, routed)           1.862    13.280    CLK100MHZ_IBUF
    BUFGCTRL_X0Y16       BUFG (Prop_bufg_I_O)         0.091    13.371 r  CLK100MHZ_IBUF_BUFG_inst/O
                         net (fo=28, routed)          1.520    14.892    seg/CLK
    SLICE_X2Y40          FDRE                                         r  seg/anode_timer_reg[10]/C
                         clock pessimism              0.273    15.165    
                         clock uncertainty           -0.035    15.129    
    SLICE_X2Y40          FDRE (Setup_fdre_C_R)       -0.524    14.605    seg/anode_timer_reg[10]
  -------------------------------------------------------------------
                         required time                         14.605    
                         arrival time                          -7.972    
  -------------------------------------------------------------------
                         slack                                  6.634    





Min Delay Paths
--------------------------------------------------------------------------------------
Slack (MET) :             0.173ns  (arrival time - required time)
  Source:                 cgen/counter_reg[4]/C
                            (rising edge-triggered cell FDRE clocked by sys_clk_pin  {rise@0.000ns fall@5.000ns period=10.000ns})
  Destination:            cgen/counter_reg[5]/D
                            (rising edge-triggered cell FDRE clocked by sys_clk_pin  {rise@0.000ns fall@5.000ns period=10.000ns})
  Path Group:             sys_clk_pin
  Path Type:              Hold (Min at Fast Process Corner)
  Requirement:            0.000ns  (sys_clk_pin rise@0.000ns - sys_clk_pin rise@0.000ns)
  Data Path Delay:        0.278ns  (logic 0.186ns (66.993%)  route 0.092ns (33.007%))
  Logic Levels:           1  (LUT6=1)
  Clock Path Skew:        0.013ns (DCD - SCD - CPR)
    Destination Clock Delay (DCD):    1.992ns
    Source Clock Delay      (SCD):    1.478ns
    Clock Pessimism Removal (CPR):    0.501ns

    Location             Delay type                Incr(ns)  Path(ns)    Netlist Resource(s)
  -------------------------------------------------------------------    -------------------
                         (clock sys_clk_pin rise edge)
                                                      0.000     0.000 r  
    E3                                                0.000     0.000 r  CLK100MHZ (IN)
                         net (fo=0)                   0.000     0.000    CLK100MHZ
    E3                   IBUF (Prop_ibuf_I_O)         0.257     0.257 r  CLK100MHZ_IBUF_inst/O
                         net (fo=1, routed)           0.631     0.888    CLK100MHZ_IBUF
    BUFGCTRL_X0Y16       BUFG (Prop_bufg_I_O)         0.026     0.914 r  CLK100MHZ_IBUF_BUFG_inst/O
                         net (fo=28, routed)          0.565     1.478    cgen/CLK
    SLICE_X37Y46         FDRE                                         r  cgen/counter_reg[4]/C
  -------------------------------------------------------------------    -------------------
    SLICE_X37Y46         FDRE (Prop_fdre_C_Q)         0.141     1.619 r  cgen/counter_reg[4]/Q
                         net (fo=5, routed)           0.092     1.711    cgen/counter[4]
    SLICE_X36Y46         LUT6 (Prop_lut6_I5_O)        0.045     1.756 r  cgen/counter[5]_i_1/O
                         net (fo=1, routed)           0.000     1.756    cgen/p_1_in[5]
    SLICE_X36Y46         FDRE                                         r  cgen/counter_reg[5]/D
  -------------------------------------------------------------------    -------------------

                         (clock sys_clk_pin rise edge)
                                                      0.000     0.000 r  
    E3                                                0.000     0.000 r  CLK100MHZ (IN)
                         net (fo=0)                   0.000     0.000    CLK100MHZ
    E3                   IBUF (Prop_ibuf_I_O)         0.445     0.445 r  CLK100MHZ_IBUF_inst/O
                         net (fo=1, routed)           0.685     1.129    CLK100MHZ_IBUF
    BUFGCTRL_X0Y16       BUFG (Prop_bufg_I_O)         0.029     1.158 r  CLK100MHZ_IBUF_BUFG_inst/O
                         net (fo=28, routed)          0.834     1.992    cgen/CLK
    SLICE_X36Y46         FDRE                                         r  cgen/counter_reg[5]/C
                         clock pessimism             -0.501     1.491    
    SLICE_X36Y46         FDRE (Hold_fdre_C_D)         0.092     1.583    cgen/counter_reg[5]
  -------------------------------------------------------------------
                         required time                         -1.583    
                         arrival time                           1.756    
  -------------------------------------------------------------------
                         slack                                  0.173    

Slack (MET) :             0.246ns  (arrival time - required time)
  Source:                 cgen/counter_reg[4]/C
                            (rising edge-triggered cell FDRE clocked by sys_clk_pin  {rise@0.000ns fall@5.000ns period=10.000ns})
  Destination:            cgen/counter_reg[7]/D
                            (rising edge-triggered cell FDRE clocked by sys_clk_pin  {rise@0.000ns fall@5.000ns period=10.000ns})
  Path Group:             sys_clk_pin
  Path Type:              Hold (Min at Fast Process Corner)
  Requirement:            0.000ns  (sys_clk_pin rise@0.000ns - sys_clk_pin rise@0.000ns)
  Data Path Delay:        0.366ns  (logic 0.187ns (51.025%)  route 0.179ns (48.975%))
  Logic Levels:           1  (LUT5=1)
  Clock Path Skew:        0.013ns (DCD - SCD - CPR)
    Destination Clock Delay (DCD):    1.992ns
    Source Clock Delay      (SCD):    1.478ns
    Clock Pessimism Removal (CPR):    0.501ns

    Location             Delay type                Incr(ns)  Path(ns)    Netlist Resource(s)
  -------------------------------------------------------------------    -------------------
                         (clock sys_clk_pin rise edge)
                                                      0.000     0.000 r  
    E3                                                0.000     0.000 r  CLK100MHZ (IN)
                         net (fo=0)                   0.000     0.000    CLK100MHZ
    E3                   IBUF (Prop_ibuf_I_O)         0.257     0.257 r  CLK100MHZ_IBUF_inst/O
                         net (fo=1, routed)           0.631     0.888    CLK100MHZ_IBUF
    BUFGCTRL_X0Y16       BUFG (Prop_bufg_I_O)         0.026     0.914 r  CLK100MHZ_IBUF_BUFG_inst/O
                         net (fo=28, routed)          0.565     1.478    cgen/CLK
    SLICE_X37Y46         FDRE                                         r  cgen/counter_reg[4]/C
  -------------------------------------------------------------------    -------------------
    SLICE_X37Y46         FDRE (Prop_fdre_C_Q)         0.141     1.619 r  cgen/counter_reg[4]/Q
                         net (fo=5, routed)           0.179     1.799    cgen/counter[4]
    SLICE_X36Y46         LUT5 (Prop_lut5_I2_O)        0.046     1.845 r  cgen/counter[7]_i_2/O
                         net (fo=1, routed)           0.000     1.845    cgen/p_1_in[7]
    SLICE_X36Y46         FDRE                                         r  cgen/counter_reg[7]/D
  -------------------------------------------------------------------    -------------------

                         (clock sys_clk_pin rise edge)
                                                      0.000     0.000 r  
    E3                                                0.000     0.000 r  CLK100MHZ (IN)
                         net (fo=0)                   0.000     0.000    CLK100MHZ
    E3                   IBUF (Prop_ibuf_I_O)         0.445     0.445 r  CLK100MHZ_IBUF_inst/O
                         net (fo=1, routed)           0.685     1.129    CLK100MHZ_IBUF
    BUFGCTRL_X0Y16       BUFG (Prop_bufg_I_O)         0.029     1.158 r  CLK100MHZ_IBUF_BUFG_inst/O
                         net (fo=28, routed)          0.834     1.992    cgen/CLK
    SLICE_X36Y46         FDRE                                         r  cgen/counter_reg[7]/C
                         clock pessimism             -0.501     1.491    
    SLICE_X36Y46         FDRE (Hold_fdre_C_D)         0.107     1.598    cgen/counter_reg[7]
  -------------------------------------------------------------------
                         required time                         -1.598    
                         arrival time                           1.845    
  -------------------------------------------------------------------
                         slack                                  0.246    

Slack (MET) :             0.249ns  (arrival time - required time)
  Source:                 cgen/counter_reg[1]/C
                            (rising edge-triggered cell FDRE clocked by sys_clk_pin  {rise@0.000ns fall@5.000ns period=10.000ns})
  Destination:            cgen/counter_reg[3]/D
                            (rising edge-triggered cell FDRE clocked by sys_clk_pin  {rise@0.000ns fall@5.000ns period=10.000ns})
  Path Group:             sys_clk_pin
  Path Type:              Hold (Min at Fast Process Corner)
  Requirement:            0.000ns  (sys_clk_pin rise@0.000ns - sys_clk_pin rise@0.000ns)
  Data Path Delay:        0.369ns  (logic 0.187ns (50.654%)  route 0.182ns (49.346%))
  Logic Levels:           1  (LUT4=1)
  Clock Path Skew:        0.013ns (DCD - SCD - CPR)
    Destination Clock Delay (DCD):    1.992ns
    Source Clock Delay      (SCD):    1.478ns
    Clock Pessimism Removal (CPR):    0.501ns

    Location             Delay type                Incr(ns)  Path(ns)    Netlist Resource(s)
  -------------------------------------------------------------------    -------------------
                         (clock sys_clk_pin rise edge)
                                                      0.000     0.000 r  
    E3                                                0.000     0.000 r  CLK100MHZ (IN)
                         net (fo=0)                   0.000     0.000    CLK100MHZ
    E3                   IBUF (Prop_ibuf_I_O)         0.257     0.257 r  CLK100MHZ_IBUF_inst/O
                         net (fo=1, routed)           0.631     0.888    CLK100MHZ_IBUF
    BUFGCTRL_X0Y16       BUFG (Prop_bufg_I_O)         0.026     0.914 r  CLK100MHZ_IBUF_BUFG_inst/O
                         net (fo=28, routed)          0.565     1.478    cgen/CLK
    SLICE_X36Y46         FDRE                                         r  cgen/counter_reg[1]/C
  -------------------------------------------------------------------    -------------------
    SLICE_X36Y46         FDRE (Prop_fdre_C_Q)         0.141     1.619 r  cgen/counter_reg[1]/Q
                         net (fo=8, routed)           0.182     1.802    cgen/counter[1]
    SLICE_X37Y46         LUT4 (Prop_lut4_I2_O)        0.046     1.848 r  cgen/counter[3]_i_1/O
                         net (fo=1, routed)           0.000     1.848    cgen/p_1_in[3]
    SLICE_X37Y46         FDRE                                         r  cgen/counter_reg[3]/D
  -------------------------------------------------------------------    -------------------

                         (clock sys_clk_pin rise edge)
                                                      0.000     0.000 r  
    E3                                                0.000     0.000 r  CLK100MHZ (IN)
                         net (fo=0)                   0.000     0.000    CLK100MHZ
    E3                   IBUF (Prop_ibuf_I_O)         0.445     0.445 r  CLK100MHZ_IBUF_inst/O
                         net (fo=1, routed)           0.685     1.129    CLK100MHZ_IBUF
    BUFGCTRL_X0Y16       BUFG (Prop_bufg_I_O)         0.029     1.158 r  CLK100MHZ_IBUF_BUFG_inst/O
                         net (fo=28, routed)          0.834     1.992    cgen/CLK
    SLICE_X37Y46         FDRE                                         r  cgen/counter_reg[3]/C
                         clock pessimism             -0.501     1.491    
    SLICE_X37Y46         FDRE (Hold_fdre_C_D)         0.107     1.598    cgen/counter_reg[3]
  -------------------------------------------------------------------
                         required time                         -1.598    
                         arrival time                           1.848    
  -------------------------------------------------------------------
                         slack                                  0.249    

Slack (MET) :             0.251ns  (arrival time - required time)
  Source:                 cgen/counter_reg[1]/C
                            (rising edge-triggered cell FDRE clocked by sys_clk_pin  {rise@0.000ns fall@5.000ns period=10.000ns})
  Destination:            cgen/counter_reg[4]/D
                            (rising edge-triggered cell FDRE clocked by sys_clk_pin  {rise@0.000ns fall@5.000ns period=10.000ns})
  Path Group:             sys_clk_pin
  Path Type:              Hold (Min at Fast Process Corner)
  Requirement:            0.000ns  (sys_clk_pin rise@0.000ns - sys_clk_pin rise@0.000ns)
  Data Path Delay:        0.368ns  (logic 0.186ns (50.520%)  route 0.182ns (49.480%))
  Logic Levels:           1  (LUT5=1)
  Clock Path Skew:        0.013ns (DCD - SCD - CPR)
    Destination Clock Delay (DCD):    1.992ns
    Source Clock Delay      (SCD):    1.478ns
    Clock Pessimism Removal (CPR):    0.501ns

    Location             Delay type                Incr(ns)  Path(ns)    Netlist Resource(s)
  -------------------------------------------------------------------    -------------------
                         (clock sys_clk_pin rise edge)
                                                      0.000     0.000 r  
    E3                                                0.000     0.000 r  CLK100MHZ (IN)
                         net (fo=0)                   0.000     0.000    CLK100MHZ
    E3                   IBUF (Prop_ibuf_I_O)         0.257     0.257 r  CLK100MHZ_IBUF_inst/O
                         net (fo=1, routed)           0.631     0.888    CLK100MHZ_IBUF
    BUFGCTRL_X0Y16       BUFG (Prop_bufg_I_O)         0.026     0.914 r  CLK100MHZ_IBUF_BUFG_inst/O
                         net (fo=28, routed)          0.565     1.478    cgen/CLK
    SLICE_X36Y46         FDRE                                         r  cgen/counter_reg[1]/C
  -------------------------------------------------------------------    -------------------
    SLICE_X36Y46         FDRE (Prop_fdre_C_Q)         0.141     1.619 r  cgen/counter_reg[1]/Q
                         net (fo=8, routed)           0.182     1.802    cgen/counter[1]
    SLICE_X37Y46         LUT5 (Prop_lut5_I2_O)        0.045     1.847 r  cgen/counter[4]_i_1/O
                         net (fo=1, routed)           0.000     1.847    cgen/p_1_in[4]
    SLICE_X37Y46         FDRE                                         r  cgen/counter_reg[4]/D
  -------------------------------------------------------------------    -------------------

                         (clock sys_clk_pin rise edge)
                                                      0.000     0.000 r  
    E3                                                0.000     0.000 r  CLK100MHZ (IN)
                         net (fo=0)                   0.000     0.000    CLK100MHZ
    E3                   IBUF (Prop_ibuf_I_O)         0.445     0.445 r  CLK100MHZ_IBUF_inst/O
                         net (fo=1, routed)           0.685     1.129    CLK100MHZ_IBUF
    BUFGCTRL_X0Y16       BUFG (Prop_bufg_I_O)         0.029     1.158 r  CLK100MHZ_IBUF_BUFG_inst/O
                         net (fo=28, routed)          0.834     1.992    cgen/CLK
    SLICE_X37Y46         FDRE                                         r  cgen/counter_reg[4]/C
                         clock pessimism             -0.501     1.491    
    SLICE_X37Y46         FDRE (Hold_fdre_C_D)         0.104     1.595    cgen/counter_reg[4]
  -------------------------------------------------------------------
                         required time                         -1.595    
                         arrival time                           1.847    
  -------------------------------------------------------------------
                         slack                                  0.251    

Slack (MET) :             0.261ns  (arrival time - required time)
  Source:                 cgen/counter_reg[4]/C
                            (rising edge-triggered cell FDRE clocked by sys_clk_pin  {rise@0.000ns fall@5.000ns period=10.000ns})
  Destination:            cgen/counter_reg[6]/D
                            (rising edge-triggered cell FDRE clocked by sys_clk_pin  {rise@0.000ns fall@5.000ns period=10.000ns})
  Path Group:             sys_clk_pin
  Path Type:              Hold (Min at Fast Process Corner)
  Requirement:            0.000ns  (sys_clk_pin rise@0.000ns - sys_clk_pin rise@0.000ns)
  Data Path Delay:        0.365ns  (logic 0.186ns (50.891%)  route 0.179ns (49.109%))
  Logic Levels:           1  (LUT4=1)
  Clock Path Skew:        0.013ns (DCD - SCD - CPR)
    Destination Clock Delay (DCD):    1.992ns
    Source Clock Delay      (SCD):    1.478ns
    Clock Pessimism Removal (CPR):    0.501ns

    Location             Delay type                Incr(ns)  Path(ns)    Netlist Resource(s)
  -------------------------------------------------------------------    -------------------
                         (clock sys_clk_pin rise edge)
                                                      0.000     0.000 r  
    E3                                                0.000     0.000 r  CLK100MHZ (IN)
                         net (fo=0)                   0.000     0.000    CLK100MHZ
    E3                   IBUF (Prop_ibuf_I_O)         0.257     0.257 r  CLK100MHZ_IBUF_inst/O
                         net (fo=1, routed)           0.631     0.888    CLK100MHZ_IBUF
    BUFGCTRL_X0Y16       BUFG (Prop_bufg_I_O)         0.026     0.914 r  CLK100MHZ_IBUF_BUFG_inst/O
                         net (fo=28, routed)          0.565     1.478    cgen/CLK
    SLICE_X37Y46         FDRE                                         r  cgen/counter_reg[4]/C
  -------------------------------------------------------------------    -------------------
    SLICE_X37Y46         FDRE (Prop_fdre_C_Q)         0.141     1.619 r  cgen/counter_reg[4]/Q
                         net (fo=5, routed)           0.179     1.799    cgen/counter[4]
    SLICE_X36Y46         LUT4 (Prop_lut4_I2_O)        0.045     1.844 r  cgen/counter[6]_i_1/O
                         net (fo=1, routed)           0.000     1.844    cgen/p_1_in[6]
    SLICE_X36Y46         FDRE                                         r  cgen/counter_reg[6]/D
  -------------------------------------------------------------------    -------------------

                         (clock sys_clk_pin rise edge)
                                                      0.000     0.000 r  
    E3                                                0.000     0.000 r  CLK100MHZ (IN)
                         net (fo=0)                   0.000     0.000    CLK100MHZ
    E3                   IBUF (Prop_ibuf_I_O)         0.445     0.445 r  CLK100MHZ_IBUF_inst/O
                         net (fo=1, routed)           0.685     1.129    CLK100MHZ_IBUF
    BUFGCTRL_X0Y16       BUFG (Prop_bufg_I_O)         0.029     1.158 r  CLK100MHZ_IBUF_BUFG_inst/O
                         net (fo=28, routed)          0.834     1.992    cgen/CLK
    SLICE_X36Y46         FDRE                                         r  cgen/counter_reg[6]/C
                         clock pessimism             -0.501     1.491    
    SLICE_X36Y46         FDRE (Hold_fdre_C_D)         0.091     1.582    cgen/counter_reg[6]
  -------------------------------------------------------------------
                         required time                         -1.582    
                         arrival time                           1.844    
  -------------------------------------------------------------------
                         slack                                  0.261    

Slack (MET) :             0.264ns  (arrival time - required time)
  Source:                 cgen/counter_reg[1]/C
                            (rising edge-triggered cell FDRE clocked by sys_clk_pin  {rise@0.000ns fall@5.000ns period=10.000ns})
  Destination:            cgen/counter_reg[2]/D
                            (rising edge-triggered cell FDRE clocked by sys_clk_pin  {rise@0.000ns fall@5.000ns period=10.000ns})
  Path Group:             sys_clk_pin
  Path Type:              Hold (Min at Fast Process Corner)
  Requirement:            0.000ns  (sys_clk_pin rise@0.000ns - sys_clk_pin rise@0.000ns)
  Data Path Delay:        0.368ns  (logic 0.186ns (50.520%)  route 0.182ns (49.480%))
  Logic Levels:           1  (LUT3=1)
  Clock Path Skew:        0.013ns (DCD - SCD - CPR)
    Destination Clock Delay (DCD):    1.992ns
    Source Clock Delay      (SCD):    1.478ns
    Clock Pessimism Removal (CPR):    0.501ns

    Location             Delay type                Incr(ns)  Path(ns)    Netlist Resource(s)
  -------------------------------------------------------------------    -------------------
                         (clock sys_clk_pin rise edge)
                                                      0.000     0.000 r  
    E3                                                0.000     0.000 r  CLK100MHZ (IN)
                         net (fo=0)                   0.000     0.000    CLK100MHZ
    E3                   IBUF (Prop_ibuf_I_O)         0.257     0.257 r  CLK100MHZ_IBUF_inst/O
                         net (fo=1, routed)           0.631     0.888    CLK100MHZ_IBUF
    BUFGCTRL_X0Y16       BUFG (Prop_bufg_I_O)         0.026     0.914 r  CLK100MHZ_IBUF_BUFG_inst/O
                         net (fo=28, routed)          0.565     1.478    cgen/CLK
    SLICE_X36Y46         FDRE                                         r  cgen/counter_reg[1]/C
  -------------------------------------------------------------------    -------------------
    SLICE_X36Y46         FDRE (Prop_fdre_C_Q)         0.141     1.619 r  cgen/counter_reg[1]/Q
                         net (fo=8, routed)           0.182     1.802    cgen/counter[1]
    SLICE_X37Y46         LUT3 (Prop_lut3_I1_O)        0.045     1.847 r  cgen/counter[2]_i_1/O
                         net (fo=1, routed)           0.000     1.847    cgen/p_1_in[2]
    SLICE_X37Y46         FDRE                                         r  cgen/counter_reg[2]/D
  -------------------------------------------------------------------    -------------------

                         (clock sys_clk_pin rise edge)
                                                      0.000     0.000 r  
    E3                                                0.000     0.000 r  CLK100MHZ (IN)
                         net (fo=0)                   0.000     0.000    CLK100MHZ
    E3                   IBUF (Prop_ibuf_I_O)         0.445     0.445 r  CLK100MHZ_IBUF_inst/O
                         net (fo=1, routed)           0.685     1.129    CLK100MHZ_IBUF
    BUFGCTRL_X0Y16       BUFG (Prop_bufg_I_O)         0.029     1.158 r  CLK100MHZ_IBUF_BUFG_inst/O
                         net (fo=28, routed)          0.834     1.992    cgen/CLK
    SLICE_X37Y46         FDRE                                         r  cgen/counter_reg[2]/C
                         clock pessimism             -0.501     1.491    
    SLICE_X37Y46         FDRE (Hold_fdre_C_D)         0.091     1.582    cgen/counter_reg[2]
  -------------------------------------------------------------------
                         required time                         -1.582    
                         arrival time                           1.847    
  -------------------------------------------------------------------
                         slack                                  0.264    

Slack (MET) :             0.266ns  (arrival time - required time)
  Source:                 seg/anode_timer_reg[11]/C
                            (rising edge-triggered cell FDRE clocked by sys_clk_pin  {rise@0.000ns fall@5.000ns period=10.000ns})
  Destination:            seg/anode_timer_reg[11]/D
                            (rising edge-triggered cell FDRE clocked by sys_clk_pin  {rise@0.000ns fall@5.000ns period=10.000ns})
  Path Group:             sys_clk_pin
  Path Type:              Hold (Min at Fast Process Corner)
  Requirement:            0.000ns  (sys_clk_pin rise@0.000ns - sys_clk_pin rise@0.000ns)
  Data Path Delay:        0.400ns  (logic 0.274ns (68.524%)  route 0.126ns (31.476%))
  Logic Levels:           1  (CARRY4=1)
  Clock Path Skew:        0.000ns (DCD - SCD - CPR)
    Destination Clock Delay (DCD):    2.025ns
    Source Clock Delay      (SCD):    1.509ns
    Clock Pessimism Removal (CPR):    0.516ns

    Location             Delay type                Incr(ns)  Path(ns)    Netlist Resource(s)
  -------------------------------------------------------------------    -------------------
                         (clock sys_clk_pin rise edge)
                                                      0.000     0.000 r  
    E3                                                0.000     0.000 r  CLK100MHZ (IN)
                         net (fo=0)                   0.000     0.000    CLK100MHZ
    E3                   IBUF (Prop_ibuf_I_O)         0.257     0.257 r  CLK100MHZ_IBUF_inst/O
                         net (fo=1, routed)           0.631     0.888    CLK100MHZ_IBUF
    BUFGCTRL_X0Y16       BUFG (Prop_bufg_I_O)         0.026     0.914 r  CLK100MHZ_IBUF_BUFG_inst/O
                         net (fo=28, routed)          0.596     1.509    seg/CLK
    SLICE_X2Y40          FDRE                                         r  seg/anode_timer_reg[11]/C
  -------------------------------------------------------------------    -------------------
    SLICE_X2Y40          FDRE (Prop_fdre_C_Q)         0.164     1.673 r  seg/anode_timer_reg[11]/Q
                         net (fo=2, routed)           0.126     1.799    seg/anode_timer[11]
    SLICE_X2Y40          CARRY4 (Prop_carry4_S[2]_O[2])
                                                      0.110     1.909 r  seg/anode_timer0_carry__1/O[2]
                         net (fo=1, routed)           0.000     1.909    seg/anode_timer0_carry__1_n_5
    SLICE_X2Y40          FDRE                                         r  seg/anode_timer_reg[11]/D
  -------------------------------------------------------------------    -------------------

                         (clock sys_clk_pin rise edge)
                                                      0.000     0.000 r  
    E3                                                0.000     0.000 r  CLK100MHZ (IN)
                         net (fo=0)                   0.000     0.000    CLK100MHZ
    E3                   IBUF (Prop_ibuf_I_O)         0.445     0.445 r  CLK100MHZ_IBUF_inst/O
                         net (fo=1, routed)           0.685     1.129    CLK100MHZ_IBUF
    BUFGCTRL_X0Y16       BUFG (Prop_bufg_I_O)         0.029     1.158 r  CLK100MHZ_IBUF_BUFG_inst/O
                         net (fo=28, routed)          0.867     2.025    seg/CLK
    SLICE_X2Y40          FDRE                                         r  seg/anode_timer_reg[11]/C
                         clock pessimism             -0.516     1.509    
    SLICE_X2Y40          FDRE (Hold_fdre_C_D)         0.134     1.643    seg/anode_timer_reg[11]
  -------------------------------------------------------------------
                         required time                         -1.643    
                         arrival time                           1.909    
  -------------------------------------------------------------------
                         slack                                  0.266    

Slack (MET) :             0.266ns  (arrival time - required time)
  Source:                 seg/anode_timer_reg[7]/C
                            (rising edge-triggered cell FDRE clocked by sys_clk_pin  {rise@0.000ns fall@5.000ns period=10.000ns})
  Destination:            seg/anode_timer_reg[7]/D
                            (rising edge-triggered cell FDRE clocked by sys_clk_pin  {rise@0.000ns fall@5.000ns period=10.000ns})
  Path Group:             sys_clk_pin
  Path Type:              Hold (Min at Fast Process Corner)
  Requirement:            0.000ns  (sys_clk_pin rise@0.000ns - sys_clk_pin rise@0.000ns)
  Data Path Delay:        0.400ns  (logic 0.274ns (68.524%)  route 0.126ns (31.476%))
  Logic Levels:           1  (CARRY4=1)
  Clock Path Skew:        0.000ns (DCD - SCD - CPR)
    Destination Clock Delay (DCD):    2.024ns
    Source Clock Delay      (SCD):    1.508ns
    Clock Pessimism Removal (CPR):    0.516ns

    Location             Delay type                Incr(ns)  Path(ns)    Netlist Resource(s)
  -------------------------------------------------------------------    -------------------
                         (clock sys_clk_pin rise edge)
                                                      0.000     0.000 r  
    E3                                                0.000     0.000 r  CLK100MHZ (IN)
                         net (fo=0)                   0.000     0.000    CLK100MHZ
    E3                   IBUF (Prop_ibuf_I_O)         0.257     0.257 r  CLK100MHZ_IBUF_inst/O
                         net (fo=1, routed)           0.631     0.888    CLK100MHZ_IBUF
    BUFGCTRL_X0Y16       BUFG (Prop_bufg_I_O)         0.026     0.914 r  CLK100MHZ_IBUF_BUFG_inst/O
                         net (fo=28, routed)          0.595     1.508    seg/CLK
    SLICE_X2Y39          FDRE                                         r  seg/anode_timer_reg[7]/C
  -------------------------------------------------------------------    -------------------
    SLICE_X2Y39          FDRE (Prop_fdre_C_Q)         0.164     1.672 r  seg/anode_timer_reg[7]/Q
                         net (fo=2, routed)           0.126     1.798    seg/anode_timer[7]
    SLICE_X2Y39          CARRY4 (Prop_carry4_S[2]_O[2])
                                                      0.110     1.908 r  seg/anode_timer0_carry__0/O[2]
                         net (fo=1, routed)           0.000     1.908    seg/anode_timer0_carry__0_n_5
    SLICE_X2Y39          FDRE                                         r  seg/anode_timer_reg[7]/D
  -------------------------------------------------------------------    -------------------

                         (clock sys_clk_pin rise edge)
                                                      0.000     0.000 r  
    E3                                                0.000     0.000 r  CLK100MHZ (IN)
                         net (fo=0)                   0.000     0.000    CLK100MHZ
    E3                   IBUF (Prop_ibuf_I_O)         0.445     0.445 r  CLK100MHZ_IBUF_inst/O
                         net (fo=1, routed)           0.685     1.129    CLK100MHZ_IBUF
    BUFGCTRL_X0Y16       BUFG (Prop_bufg_I_O)         0.029     1.158 r  CLK100MHZ_IBUF_BUFG_inst/O
                         net (fo=28, routed)          0.866     2.024    seg/CLK
    SLICE_X2Y39          FDRE                                         r  seg/anode_timer_reg[7]/C
                         clock pessimism             -0.516     1.508    
    SLICE_X2Y39          FDRE (Hold_fdre_C_D)         0.134     1.642    seg/anode_timer_reg[7]
  -------------------------------------------------------------------
                         required time                         -1.642    
                         arrival time                           1.908    
  -------------------------------------------------------------------
                         slack                                  0.266    

Slack (MET) :             0.267ns  (arrival time - required time)
  Source:                 seg/anode_timer_reg[3]/C
                            (rising edge-triggered cell FDRE clocked by sys_clk_pin  {rise@0.000ns fall@5.000ns period=10.000ns})
  Destination:            seg/anode_timer_reg[3]/D
                            (rising edge-triggered cell FDRE clocked by sys_clk_pin  {rise@0.000ns fall@5.000ns period=10.000ns})
  Path Group:             sys_clk_pin
  Path Type:              Hold (Min at Fast Process Corner)
  Requirement:            0.000ns  (sys_clk_pin rise@0.000ns - sys_clk_pin rise@0.000ns)
  Data Path Delay:        0.401ns  (logic 0.274ns (68.412%)  route 0.127ns (31.588%))
  Logic Levels:           1  (CARRY4=1)
  Clock Path Skew:        0.000ns (DCD - SCD - CPR)
    Destination Clock Delay (DCD):    2.024ns
    Source Clock Delay      (SCD):    1.508ns
    Clock Pessimism Removal (CPR):    0.516ns

    Location             Delay type                Incr(ns)  Path(ns)    Netlist Resource(s)
  -------------------------------------------------------------------    -------------------
                         (clock sys_clk_pin rise edge)
                                                      0.000     0.000 r  
    E3                                                0.000     0.000 r  CLK100MHZ (IN)
                         net (fo=0)                   0.000     0.000    CLK100MHZ
    E3                   IBUF (Prop_ibuf_I_O)         0.257     0.257 r  CLK100MHZ_IBUF_inst/O
                         net (fo=1, routed)           0.631     0.888    CLK100MHZ_IBUF
    BUFGCTRL_X0Y16       BUFG (Prop_bufg_I_O)         0.026     0.914 r  CLK100MHZ_IBUF_BUFG_inst/O
                         net (fo=28, routed)          0.595     1.508    seg/CLK
    SLICE_X2Y38          FDRE                                         r  seg/anode_timer_reg[3]/C
  -------------------------------------------------------------------    -------------------
    SLICE_X2Y38          FDRE (Prop_fdre_C_Q)         0.164     1.672 r  seg/anode_timer_reg[3]/Q
                         net (fo=2, routed)           0.127     1.799    seg/anode_timer[3]
    SLICE_X2Y38          CARRY4 (Prop_carry4_S[2]_O[2])
                                                      0.110     1.909 r  seg/anode_timer0_carry/O[2]
                         net (fo=1, routed)           0.000     1.909    seg/anode_timer0_carry_n_5
    SLICE_X2Y38          FDRE                                         r  seg/anode_timer_reg[3]/D
  -------------------------------------------------------------------    -------------------

                         (clock sys_clk_pin rise edge)
                                                      0.000     0.000 r  
    E3                                                0.000     0.000 r  CLK100MHZ (IN)
                         net (fo=0)                   0.000     0.000    CLK100MHZ
    E3                   IBUF (Prop_ibuf_I_O)         0.445     0.445 r  CLK100MHZ_IBUF_inst/O
                         net (fo=1, routed)           0.685     1.129    CLK100MHZ_IBUF
    BUFGCTRL_X0Y16       BUFG (Prop_bufg_I_O)         0.029     1.158 r  CLK100MHZ_IBUF_BUFG_inst/O
                         net (fo=28, routed)          0.866     2.024    seg/CLK
    SLICE_X2Y38          FDRE                                         r  seg/anode_timer_reg[3]/C
                         clock pessimism             -0.516     1.508    
    SLICE_X2Y38          FDRE (Hold_fdre_C_D)         0.134     1.642    seg/anode_timer_reg[3]
  -------------------------------------------------------------------
                         required time                         -1.642    
                         arrival time                           1.909    
  -------------------------------------------------------------------
                         slack                                  0.267    

Slack (MET) :             0.267ns  (arrival time - required time)
  Source:                 seg/anode_timer_reg[15]/C
                            (rising edge-triggered cell FDRE clocked by sys_clk_pin  {rise@0.000ns fall@5.000ns period=10.000ns})
  Destination:            seg/anode_timer_reg[15]/D
                            (rising edge-triggered cell FDRE clocked by sys_clk_pin  {rise@0.000ns fall@5.000ns period=10.000ns})
  Path Group:             sys_clk_pin
  Path Type:              Hold (Min at Fast Process Corner)
  Requirement:            0.000ns  (sys_clk_pin rise@0.000ns - sys_clk_pin rise@0.000ns)
  Data Path Delay:        0.401ns  (logic 0.274ns (68.401%)  route 0.127ns (31.599%))
  Logic Levels:           1  (CARRY4=1)
  Clock Path Skew:        0.000ns (DCD - SCD - CPR)
    Destination Clock Delay (DCD):    2.025ns
    Source Clock Delay      (SCD):    1.509ns
    Clock Pessimism Removal (CPR):    0.516ns

    Location             Delay type                Incr(ns)  Path(ns)    Netlist Resource(s)
  -------------------------------------------------------------------    -------------------
                         (clock sys_clk_pin rise edge)
                                                      0.000     0.000 r  
    E3                                                0.000     0.000 r  CLK100MHZ (IN)
                         net (fo=0)                   0.000     0.000    CLK100MHZ
    E3                   IBUF (Prop_ibuf_I_O)         0.257     0.257 r  CLK100MHZ_IBUF_inst/O
                         net (fo=1, routed)           0.631     0.888    CLK100MHZ_IBUF
    BUFGCTRL_X0Y16       BUFG (Prop_bufg_I_O)         0.026     0.914 r  CLK100MHZ_IBUF_BUFG_inst/O
                         net (fo=28, routed)          0.596     1.509    seg/CLK
    SLICE_X2Y41          FDRE                                         r  seg/anode_timer_reg[15]/C
  -------------------------------------------------------------------    -------------------
    SLICE_X2Y41          FDRE (Prop_fdre_C_Q)         0.164     1.673 r  seg/anode_timer_reg[15]/Q
                         net (fo=2, routed)           0.127     1.800    seg/anode_timer[15]
    SLICE_X2Y41          CARRY4 (Prop_carry4_S[2]_O[2])
                                                      0.110     1.910 r  seg/anode_timer0_carry__2/O[2]
                         net (fo=1, routed)           0.000     1.910    seg/anode_timer0_carry__2_n_5
    SLICE_X2Y41          FDRE                                         r  seg/anode_timer_reg[15]/D
  -------------------------------------------------------------------    -------------------

                         (clock sys_clk_pin rise edge)
                                                      0.000     0.000 r  
    E3                                                0.000     0.000 r  CLK100MHZ (IN)
                         net (fo=0)                   0.000     0.000    CLK100MHZ
    E3                   IBUF (Prop_ibuf_I_O)         0.445     0.445 r  CLK100MHZ_IBUF_inst/O
                         net (fo=1, routed)           0.685     1.129    CLK100MHZ_IBUF
    BUFGCTRL_X0Y16       BUFG (Prop_bufg_I_O)         0.029     1.158 r  CLK100MHZ_IBUF_BUFG_inst/O
                         net (fo=28, routed)          0.867     2.025    seg/CLK
    SLICE_X2Y41          FDRE                                         r  seg/anode_timer_reg[15]/C
                         clock pessimism             -0.516     1.509    
    SLICE_X2Y41          FDRE (Hold_fdre_C_D)         0.134     1.643    seg/anode_timer_reg[15]
  -------------------------------------------------------------------
                         required time                         -1.643    
                         arrival time                           1.910    
  -------------------------------------------------------------------
                         slack                                  0.267    





Pulse Width Checks
--------------------------------------------------------------------------------------
Clock Name:         sys_clk_pin
Waveform(ns):       { 0.000 5.000 }
Period(ns):         10.000
Sources:            { CLK100MHZ }

Check Type        Corner  Lib Pin  Reference Pin  Required(ns)  Actual(ns)  Slack(ns)  Location        Pin
Min Period        n/a     BUFG/I   n/a            2.155         10.000      7.845      BUFGCTRL_X0Y16  CLK100MHZ_IBUF_BUFG_inst/I
Min Period        n/a     FDRE/C   n/a            1.000         10.000      9.000      SLICE_X36Y47    cgen/clk_reg_reg/C
Min Period        n/a     FDRE/C   n/a            1.000         10.000      9.000      SLICE_X37Y46    cgen/counter_reg[0]/C
Min Period        n/a     FDRE/C   n/a            1.000         10.000      9.000      SLICE_X36Y46    cgen/counter_reg[1]/C
Min Period        n/a     FDRE/C   n/a            1.000         10.000      9.000      SLICE_X37Y46    cgen/counter_reg[2]/C
Min Period        n/a     FDRE/C   n/a            1.000         10.000      9.000      SLICE_X37Y46    cgen/counter_reg[3]/C
Min Period        n/a     FDRE/C   n/a            1.000         10.000      9.000      SLICE_X37Y46    cgen/counter_reg[4]/C
Min Period        n/a     FDRE/C   n/a            1.000         10.000      9.000      SLICE_X36Y46    cgen/counter_reg[5]/C
Min Period        n/a     FDRE/C   n/a            1.000         10.000      9.000      SLICE_X36Y46    cgen/counter_reg[6]/C
Min Period        n/a     FDRE/C   n/a            1.000         10.000      9.000      SLICE_X36Y46    cgen/counter_reg[7]/C
Low Pulse Width   Slow    FDRE/C   n/a            0.500         5.000       4.500      SLICE_X36Y47    cgen/clk_reg_reg/C
Low Pulse Width   Fast    FDRE/C   n/a            0.500         5.000       4.500      SLICE_X36Y47    cgen/clk_reg_reg/C
Low Pulse Width   Slow    FDRE/C   n/a            0.500         5.000       4.500      SLICE_X37Y46    cgen/counter_reg[0]/C
Low Pulse Width   Fast    FDRE/C   n/a            0.500         5.000       4.500      SLICE_X37Y46    cgen/counter_reg[0]/C
Low Pulse Width   Slow    FDRE/C   n/a            0.500         5.000       4.500      SLICE_X36Y46    cgen/counter_reg[1]/C
Low Pulse Width   Fast    FDRE/C   n/a            0.500         5.000       4.500      SLICE_X36Y46    cgen/counter_reg[1]/C
Low Pulse Width   Slow    FDRE/C   n/a            0.500         5.000       4.500      SLICE_X37Y46    cgen/counter_reg[2]/C
Low Pulse Width   Fast    FDRE/C   n/a            0.500         5.000       4.500      SLICE_X37Y46    cgen/counter_reg[2]/C
Low Pulse Width   Slow    FDRE/C   n/a            0.500         5.000       4.500      SLICE_X37Y46    cgen/counter_reg[3]/C
Low Pulse Width   Fast    FDRE/C   n/a            0.500         5.000       4.500      SLICE_X37Y46    cgen/counter_reg[3]/C
High Pulse Width  Slow    FDRE/C   n/a            0.500         5.000       4.500      SLICE_X36Y47    cgen/clk_reg_reg/C
High Pulse Width  Fast    FDRE/C   n/a            0.500         5.000       4.500      SLICE_X36Y47    cgen/clk_reg_reg/C
High Pulse Width  Slow    FDRE/C   n/a            0.500         5.000       4.500      SLICE_X37Y46    cgen/counter_reg[0]/C
High Pulse Width  Fast    FDRE/C   n/a            0.500         5.000       4.500      SLICE_X37Y46    cgen/counter_reg[0]/C
High Pulse Width  Slow    FDRE/C   n/a            0.500         5.000       4.500      SLICE_X36Y46    cgen/counter_reg[1]/C
High Pulse Width  Fast    FDRE/C   n/a            0.500         5.000       4.500      SLICE_X36Y46    cgen/counter_reg[1]/C
High Pulse Width  Slow    FDRE/C   n/a            0.500         5.000       4.500      SLICE_X37Y46    cgen/counter_reg[2]/C
High Pulse Width  Fast    FDRE/C   n/a            0.500         5.000       4.500      SLICE_X37Y46    cgen/counter_reg[2]/C
High Pulse Width  Slow    FDRE/C   n/a            0.500         5.000       4.500      SLICE_X37Y46    cgen/counter_reg[3]/C
High Pulse Width  Fast    FDRE/C   n/a            0.500         5.000       4.500      SLICE_X37Y46    cgen/counter_reg[3]/C



--------------------------------------------------------------------------------------
Path Group:  (none)
From Clock:  
  To Clock:  

Max Delay           114 Endpoints
Min Delay           114 Endpoints
--------------------------------------------------------------------------------------


Max Delay Paths
--------------------------------------------------------------------------------------
Slack:                    inf
  Source:                 master/FSM_sequential_state_reg_reg[4]/C
                            (rising edge-triggered cell FDCE)
  Destination:            TMP_SDA
                            (output port)
  Path Group:             (none)
  Path Type:              Max at Slow Process Corner
  Data Path Delay:        9.137ns  (logic 4.523ns (49.502%)  route 4.614ns (50.498%))
  Logic Levels:           3  (FDCE=1 LUT5=1 OBUFT=1)

    Location             Delay type                Incr(ns)  Path(ns)    Netlist Resource(s)
  -------------------------------------------------------------------    -------------------
    SLICE_X5Y37          FDCE                         0.000     0.000 r  master/FSM_sequential_state_reg_reg[4]/C
    SLICE_X5Y37          FDCE (Prop_fdce_C_Q)         0.419     0.419 r  master/FSM_sequential_state_reg_reg[4]/Q
                         net (fo=34, routed)          1.616     2.035    master/state_reg__0[4]
    SLICE_X0Y37          LUT5 (Prop_lut5_I1_O)        0.325     2.360 f  master/TMP_SDA_IOBUF_inst_i_1/O
                         net (fo=1, routed)           2.999     5.358    TMP_SDA_IOBUF_inst/T
    C15                  OBUFT (TriStatE_obuft_T_O)
                                                      3.779     9.137 r  TMP_SDA_IOBUF_inst/OBUFT/O
                         net (fo=1, unset)            0.000     9.137    TMP_SDA
    C15                                                               r  TMP_SDA (INOUT)
  -------------------------------------------------------------------    -------------------

Slack:                    inf
  Source:                 seg/SEG_reg[6]/G
                            (positive level-sensitive latch)
  Destination:            SEG[6]
                            (output port)
  Path Group:             (none)
  Path Type:              Max at Slow Process Corner
  Data Path Delay:        7.207ns  (logic 4.098ns (56.867%)  route 3.109ns (43.133%))
  Logic Levels:           2  (LDCE=1 OBUF=1)

    Location             Delay type                Incr(ns)  Path(ns)    Netlist Resource(s)
  -------------------------------------------------------------------    -------------------
    SLICE_X4Y38          LDCE                         0.000     0.000 r  seg/SEG_reg[6]/G
    SLICE_X4Y38          LDCE (EnToQ_ldce_G_Q)        0.559     0.559 r  seg/SEG_reg[6]/Q
                         net (fo=1, routed)           3.109     3.668    SEG_OBUF[6]
    T10                  OBUF (Prop_obuf_I_O)         3.539     7.207 r  SEG_OBUF[6]_inst/O
                         net (fo=0)                   0.000     7.207    SEG[6]
    T10                                                               r  SEG[6] (OUT)
  -------------------------------------------------------------------    -------------------

Slack:                    inf
  Source:                 seg/SEG_reg[5]/G
                            (positive level-sensitive latch)
  Destination:            SEG[5]
                            (output port)
  Path Group:             (none)
  Path Type:              Max at Slow Process Corner
  Data Path Delay:        7.061ns  (logic 4.095ns (57.988%)  route 2.966ns (42.012%))
  Logic Levels:           2  (LDCE=1 OBUF=1)

    Location             Delay type                Incr(ns)  Path(ns)    Netlist Resource(s)
  -------------------------------------------------------------------    -------------------
    SLICE_X4Y38          LDCE                         0.000     0.000 r  seg/SEG_reg[5]/G
    SLICE_X4Y38          LDCE (EnToQ_ldce_G_Q)        0.559     0.559 r  seg/SEG_reg[5]/Q
                         net (fo=1, routed)           2.966     3.525    SEG_OBUF[5]
    R10                  OBUF (Prop_obuf_I_O)         3.536     7.061 r  SEG_OBUF[5]_inst/O
                         net (fo=0)                   0.000     7.061    SEG[5]
    R10                                                               r  SEG[5] (OUT)
  -------------------------------------------------------------------    -------------------

Slack:                    inf
  Source:                 master/clk_reg_reg/C
                            (rising edge-triggered cell FDCE)
  Destination:            TMP_SCL
                            (output port)
  Path Group:             (none)
  Path Type:              Max at Slow Process Corner
  Data Path Delay:        6.839ns  (logic 4.000ns (58.487%)  route 2.839ns (41.513%))
  Logic Levels:           2  (FDCE=1 OBUF=1)

    Location             Delay type                Incr(ns)  Path(ns)    Netlist Resource(s)
  -------------------------------------------------------------------    -------------------
    SLICE_X0Y56          FDCE                         0.000     0.000 r  master/clk_reg_reg/C
    SLICE_X0Y56          FDCE (Prop_fdce_C_Q)         0.456     0.456 r  master/clk_reg_reg/Q
                         net (fo=2, routed)           2.839     3.295    TMP_SCL_OBUF
    C14                  OBUF (Prop_obuf_I_O)         3.544     6.839 r  TMP_SCL_OBUF_inst/O
                         net (fo=0)                   0.000     6.839    TMP_SCL
    C14                                                               r  TMP_SCL (OUT)
  -------------------------------------------------------------------    -------------------

Slack:                    inf
  Source:                 master/temp_data_reg_reg[2]_lopt_replica/C
                            (rising edge-triggered cell FDRE)
  Destination:            LED[2]
                            (output port)
  Path Group:             (none)
  Path Type:              Max at Slow Process Corner
  Data Path Delay:        6.660ns  (logic 3.989ns (59.896%)  route 2.671ns (40.104%))
  Logic Levels:           2  (FDRE=1 OBUF=1)

    Location             Delay type                Incr(ns)  Path(ns)    Netlist Resource(s)
  -------------------------------------------------------------------    -------------------
    SLICE_X1Y38          FDRE                         0.000     0.000 r  master/temp_data_reg_reg[2]_lopt_replica/C
    SLICE_X1Y38          FDRE (Prop_fdre_C_Q)         0.456     0.456 r  master/temp_data_reg_reg[2]_lopt_replica/Q
                         net (fo=1, routed)           2.671     3.127    lopt_2
    J13                  OBUF (Prop_obuf_I_O)         3.533     6.660 r  LED_OBUF[2]_inst/O
                         net (fo=0)                   0.000     6.660    LED[2]
    J13                                                               r  LED[2] (OUT)
  -------------------------------------------------------------------    -------------------

Slack:                    inf
  Source:                 seg/SEG_reg[3]/G
                            (positive level-sensitive latch)
  Destination:            SEG[3]
                            (output port)
  Path Group:             (none)
  Path Type:              Max at Slow Process Corner
  Data Path Delay:        6.607ns  (logic 4.095ns (61.977%)  route 2.512ns (38.023%))
  Logic Levels:           2  (LDCE=1 OBUF=1)

    Location             Delay type                Incr(ns)  Path(ns)    Netlist Resource(s)
  -------------------------------------------------------------------    -------------------
    SLICE_X5Y39          LDCE                         0.000     0.000 r  seg/SEG_reg[3]/G
    SLICE_X5Y39          LDCE (EnToQ_ldce_G_Q)        0.559     0.559 r  seg/SEG_reg[3]/Q
                         net (fo=1, routed)           2.512     3.071    SEG_OBUF[3]
    K13                  OBUF (Prop_obuf_I_O)         3.536     6.607 r  SEG_OBUF[3]_inst/O
                         net (fo=0)                   0.000     6.607    SEG[3]
    K13                                                               r  SEG[3] (OUT)
  -------------------------------------------------------------------    -------------------

Slack:                    inf
  Source:                 seg/SEG_reg[1]/G
                            (positive level-sensitive latch)
  Destination:            SEG[1]
                            (output port)
  Path Group:             (none)
  Path Type:              Max at Slow Process Corner
  Data Path Delay:        6.531ns  (logic 4.095ns (62.708%)  route 2.436ns (37.292%))
  Logic Levels:           2  (LDCE=1 OBUF=1)

    Location             Delay type                Incr(ns)  Path(ns)    Netlist Resource(s)
  -------------------------------------------------------------------    -------------------
    SLICE_X4Y38          LDCE                         0.000     0.000 r  seg/SEG_reg[1]/G
    SLICE_X4Y38          LDCE (EnToQ_ldce_G_Q)        0.559     0.559 r  seg/SEG_reg[1]/Q
                         net (fo=1, routed)           2.436     2.995    SEG_OBUF[1]
    T11                  OBUF (Prop_obuf_I_O)         3.536     6.531 r  SEG_OBUF[1]_inst/O
                         net (fo=0)                   0.000     6.531    SEG[1]
    T11                                                               r  SEG[1] (OUT)
  -------------------------------------------------------------------    -------------------

Slack:                    inf
  Source:                 master/temp_data_reg_reg[7]_lopt_replica/C
                            (rising edge-triggered cell FDRE)
  Destination:            LED[7]
                            (output port)
  Path Group:             (none)
  Path Type:              Max at Slow Process Corner
  Data Path Delay:        6.511ns  (logic 4.129ns (63.420%)  route 2.382ns (36.580%))
  Logic Levels:           2  (FDRE=1 OBUF=1)

    Location             Delay type                Incr(ns)  Path(ns)    Netlist Resource(s)
  -------------------------------------------------------------------    -------------------
    SLICE_X1Y38          FDRE                         0.000     0.000 r  master/temp_data_reg_reg[7]_lopt_replica/C
    SLICE_X1Y38          FDRE (Prop_fdre_C_Q)         0.419     0.419 r  master/temp_data_reg_reg[7]_lopt_replica/Q
                         net (fo=1, routed)           2.382     2.801    lopt_7
    U16                  OBUF (Prop_obuf_I_O)         3.710     6.511 r  LED_OBUF[7]_inst/O
                         net (fo=0)                   0.000     6.511    LED[7]
    U16                                                               r  LED[7] (OUT)
  -------------------------------------------------------------------    -------------------

Slack:                    inf
  Source:                 master/temp_data_reg_reg[5]_lopt_replica/C
                            (rising edge-triggered cell FDRE)
  Destination:            LED[5]
                            (output port)
  Path Group:             (none)
  Path Type:              Max at Slow Process Corner
  Data Path Delay:        6.502ns  (logic 3.991ns (61.382%)  route 2.511ns (38.618%))
  Logic Levels:           2  (FDRE=1 OBUF=1)

    Location             Delay type                Incr(ns)  Path(ns)    Netlist Resource(s)
  -------------------------------------------------------------------    -------------------
    SLICE_X1Y36          FDRE                         0.000     0.000 r  master/temp_data_reg_reg[5]_lopt_replica/C
    SLICE_X1Y36          FDRE (Prop_fdre_C_Q)         0.456     0.456 r  master/temp_data_reg_reg[5]_lopt_replica/Q
                         net (fo=1, routed)           2.511     2.967    lopt_5
    V17                  OBUF (Prop_obuf_I_O)         3.535     6.502 r  LED_OBUF[5]_inst/O
                         net (fo=0)                   0.000     6.502    LED[5]
    V17                                                               r  LED[5] (OUT)
  -------------------------------------------------------------------    -------------------

Slack:                    inf
  Source:                 master/temp_data_reg_reg[0]_lopt_replica/C
                            (rising edge-triggered cell FDRE)
  Destination:            LED[0]
                            (output port)
  Path Group:             (none)
  Path Type:              Max at Slow Process Corner
  Data Path Delay:        6.437ns  (logic 3.980ns (61.836%)  route 2.456ns (38.164%))
  Logic Levels:           2  (FDRE=1 OBUF=1)

    Location             Delay type                Incr(ns)  Path(ns)    Netlist Resource(s)
  -------------------------------------------------------------------    -------------------
    SLICE_X1Y38          FDRE                         0.000     0.000 r  master/temp_data_reg_reg[0]_lopt_replica/C
    SLICE_X1Y38          FDRE (Prop_fdre_C_Q)         0.456     0.456 r  master/temp_data_reg_reg[0]_lopt_replica/Q
                         net (fo=1, routed)           2.456     2.912    lopt
    H17                  OBUF (Prop_obuf_I_O)         3.524     6.437 r  LED_OBUF[0]_inst/O
                         net (fo=0)                   0.000     6.437    LED[0]
    H17                                                               r  LED[0] (OUT)
  -------------------------------------------------------------------    -------------------





Min Delay Paths
--------------------------------------------------------------------------------------
Slack:                    inf
  Source:                 master/tMSB_reg[1]/C
                            (rising edge-triggered cell FDRE)
  Destination:            master/temp_data_reg_reg[2]/D
  Path Group:             (none)
  Path Type:              Min at Fast Process Corner
  Data Path Delay:        0.262ns  (logic 0.141ns (53.731%)  route 0.121ns (46.269%))
  Logic Levels:           1  (FDRE=1)

    Location             Delay type                Incr(ns)  Path(ns)    Netlist Resource(s)
  -------------------------------------------------------------------    -------------------
    SLICE_X1Y37          FDRE                         0.000     0.000 r  master/tMSB_reg[1]/C
    SLICE_X1Y37          FDRE (Prop_fdre_C_Q)         0.141     0.141 r  master/tMSB_reg[1]/Q
                         net (fo=3, routed)           0.121     0.262    master/p_0_in_0[2]
    SLICE_X3Y38          FDRE                                         r  master/temp_data_reg_reg[2]/D
  -------------------------------------------------------------------    -------------------

Slack:                    inf
  Source:                 master/tLSB_reg[7]/C
                            (rising edge-triggered cell FDRE)
  Destination:            master/temp_data_reg_reg[0]_lopt_replica/D
  Path Group:             (none)
  Path Type:              Min at Fast Process Corner
  Data Path Delay:        0.267ns  (logic 0.141ns (52.877%)  route 0.126ns (47.123%))
  Logic Levels:           1  (FDRE=1)

    Location             Delay type                Incr(ns)  Path(ns)    Netlist Resource(s)
  -------------------------------------------------------------------    -------------------
    SLICE_X0Y38          FDRE                         0.000     0.000 r  master/tLSB_reg[7]/C
    SLICE_X0Y38          FDRE (Prop_fdre_C_Q)         0.141     0.141 r  master/tLSB_reg[7]/Q
                         net (fo=3, routed)           0.126     0.267    master/p_0_in_0[0]
    SLICE_X1Y38          FDRE                                         r  master/temp_data_reg_reg[0]_lopt_replica/D
  -------------------------------------------------------------------    -------------------

Slack:                    inf
  Source:                 master/tLSB_reg[7]/C
                            (rising edge-triggered cell FDRE)
  Destination:            master/temp_data_reg_reg[0]/D
  Path Group:             (none)
  Path Type:              Min at Fast Process Corner
  Data Path Delay:        0.268ns  (logic 0.141ns (52.680%)  route 0.127ns (47.320%))
  Logic Levels:           1  (FDRE=1)

    Location             Delay type                Incr(ns)  Path(ns)    Netlist Resource(s)
  -------------------------------------------------------------------    -------------------
    SLICE_X0Y38          FDRE                         0.000     0.000 r  master/tLSB_reg[7]/C
    SLICE_X0Y38          FDRE (Prop_fdre_C_Q)         0.141     0.141 r  master/tLSB_reg[7]/Q
                         net (fo=3, routed)           0.127     0.268    master/p_0_in_0[0]
    SLICE_X1Y38          FDRE                                         r  master/temp_data_reg_reg[0]/D
  -------------------------------------------------------------------    -------------------

Slack:                    inf
  Source:                 master/tMSB_reg[6]/C
                            (rising edge-triggered cell FDRE)
  Destination:            master/temp_data_reg_reg[7]/D
  Path Group:             (none)
  Path Type:              Min at Fast Process Corner
  Data Path Delay:        0.270ns  (logic 0.141ns (52.131%)  route 0.129ns (47.869%))
  Logic Levels:           1  (FDRE=1)

    Location             Delay type                Incr(ns)  Path(ns)    Netlist Resource(s)
  -------------------------------------------------------------------    -------------------
    SLICE_X0Y38          FDRE                         0.000     0.000 r  master/tMSB_reg[6]/C
    SLICE_X0Y38          FDRE (Prop_fdre_C_Q)         0.141     0.141 r  master/tMSB_reg[6]/Q
                         net (fo=3, routed)           0.129     0.270    master/p_0_in_0[7]
    SLICE_X1Y38          FDRE                                         r  master/temp_data_reg_reg[7]/D
  -------------------------------------------------------------------    -------------------

Slack:                    inf
  Source:                 master/tMSB_reg[5]/C
                            (rising edge-triggered cell FDRE)
  Destination:            master/temp_data_reg_reg[6]/D
  Path Group:             (none)
  Path Type:              Min at Fast Process Corner
  Data Path Delay:        0.276ns  (logic 0.141ns (51.042%)  route 0.135ns (48.958%))
  Logic Levels:           1  (FDRE=1)

    Location             Delay type                Incr(ns)  Path(ns)    Netlist Resource(s)
  -------------------------------------------------------------------    -------------------
    SLICE_X3Y37          FDRE                         0.000     0.000 r  master/tMSB_reg[5]/C
    SLICE_X3Y37          FDRE (Prop_fdre_C_Q)         0.141     0.141 r  master/tMSB_reg[5]/Q
                         net (fo=3, routed)           0.135     0.276    master/p_0_in_0[6]
    SLICE_X3Y38          FDRE                                         r  master/temp_data_reg_reg[6]/D
  -------------------------------------------------------------------    -------------------

Slack:                    inf
  Source:                 master/tMSB_reg[0]/C
                            (rising edge-triggered cell FDRE)
  Destination:            master/temp_data_reg_reg[1]/D
  Path Group:             (none)
  Path Type:              Min at Fast Process Corner
  Data Path Delay:        0.288ns  (logic 0.148ns (51.341%)  route 0.140ns (48.659%))
  Logic Levels:           1  (FDRE=1)

    Location             Delay type                Incr(ns)  Path(ns)    Netlist Resource(s)
  -------------------------------------------------------------------    -------------------
    SLICE_X2Y37          FDRE                         0.000     0.000 r  master/tMSB_reg[0]/C
    SLICE_X2Y37          FDRE (Prop_fdre_C_Q)         0.148     0.148 r  master/tMSB_reg[0]/Q
                         net (fo=3, routed)           0.140     0.288    master/p_0_in_0[1]
    SLICE_X3Y38          FDRE                                         r  master/temp_data_reg_reg[1]/D
  -------------------------------------------------------------------    -------------------

Slack:                    inf
  Source:                 master/tMSB_reg[2]/C
                            (rising edge-triggered cell FDRE)
  Destination:            master/temp_data_reg_reg[3]_lopt_replica/D
  Path Group:             (none)
  Path Type:              Min at Fast Process Corner
  Data Path Delay:        0.309ns  (logic 0.141ns (45.622%)  route 0.168ns (54.378%))
  Logic Levels:           1  (FDRE=1)

    Location             Delay type                Incr(ns)  Path(ns)    Netlist Resource(s)
  -------------------------------------------------------------------    -------------------
    SLICE_X0Y37          FDRE                         0.000     0.000 r  master/tMSB_reg[2]/C
    SLICE_X0Y37          FDRE (Prop_fdre_C_Q)         0.141     0.141 r  master/tMSB_reg[2]/Q
                         net (fo=3, routed)           0.168     0.309    master/p_0_in_0[3]
    SLICE_X1Y36          FDRE                                         r  master/temp_data_reg_reg[3]_lopt_replica/D
  -------------------------------------------------------------------    -------------------

Slack:                    inf
  Source:                 master/tMSB_reg[6]/C
                            (rising edge-triggered cell FDRE)
  Destination:            master/tMSB_reg[6]/D
  Path Group:             (none)
  Path Type:              Min at Fast Process Corner
  Data Path Delay:        0.317ns  (logic 0.186ns (58.702%)  route 0.131ns (41.298%))
  Logic Levels:           2  (FDRE=1 LUT6=1)

    Location             Delay type                Incr(ns)  Path(ns)    Netlist Resource(s)
  -------------------------------------------------------------------    -------------------
    SLICE_X0Y38          FDRE                         0.000     0.000 r  master/tMSB_reg[6]/C
    SLICE_X0Y38          FDRE (Prop_fdre_C_Q)         0.141     0.141 r  master/tMSB_reg[6]/Q
                         net (fo=3, routed)           0.131     0.272    master/p_0_in_0[7]
    SLICE_X0Y38          LUT6 (Prop_lut6_I5_O)        0.045     0.317 r  master/tMSB[6]_i_1/O
                         net (fo=1, routed)           0.000     0.317    master/tMSB[6]_i_1_n_0
    SLICE_X0Y38          FDRE                                         r  master/tMSB_reg[6]/D
  -------------------------------------------------------------------    -------------------

Slack:                    inf
  Source:                 master/tMSB_reg[6]/C
                            (rising edge-triggered cell FDRE)
  Destination:            master/temp_data_reg_reg[7]_lopt_replica/D
  Path Group:             (none)
  Path Type:              Min at Fast Process Corner
  Data Path Delay:        0.331ns  (logic 0.141ns (42.631%)  route 0.190ns (57.369%))
  Logic Levels:           1  (FDRE=1)

    Location             Delay type                Incr(ns)  Path(ns)    Netlist Resource(s)
  -------------------------------------------------------------------    -------------------
    SLICE_X0Y38          FDRE                         0.000     0.000 r  master/tMSB_reg[6]/C
    SLICE_X0Y38          FDRE (Prop_fdre_C_Q)         0.141     0.141 r  master/tMSB_reg[6]/Q
                         net (fo=3, routed)           0.190     0.331    master/p_0_in_0[7]
    SLICE_X1Y38          FDRE                                         r  master/temp_data_reg_reg[7]_lopt_replica/D
  -------------------------------------------------------------------    -------------------

Slack:                    inf
  Source:                 master/tMSB_reg[3]/C
                            (rising edge-triggered cell FDRE)
  Destination:            master/temp_data_reg_reg[4]_lopt_replica/D
  Path Group:             (none)
  Path Type:              Min at Fast Process Corner
  Data Path Delay:        0.348ns  (logic 0.164ns (47.193%)  route 0.184ns (52.807%))
  Logic Levels:           1  (FDRE=1)

    Location             Delay type                Incr(ns)  Path(ns)    Netlist Resource(s)
  -------------------------------------------------------------------    -------------------
    SLICE_X2Y37          FDRE                         0.000     0.000 r  master/tMSB_reg[3]/C
    SLICE_X2Y37          FDRE (Prop_fdre_C_Q)         0.164     0.164 r  master/tMSB_reg[3]/Q
                         net (fo=3, routed)           0.184     0.348    master/p_0_in_0[4]
    SLICE_X1Y36          FDRE                                         r  master/temp_data_reg_reg[4]_lopt_replica/D
  -------------------------------------------------------------------    -------------------





--------------------------------------------------------------------------------------
Path Group:  (none)
From Clock:  sys_clk_pin
  To Clock:  

Max Delay            11 Endpoints
Min Delay            11 Endpoints
--------------------------------------------------------------------------------------


Max Delay Paths
--------------------------------------------------------------------------------------
Slack:                    inf
  Source:                 seg/anode_select_reg[1]/C
                            (rising edge-triggered cell FDRE clocked by sys_clk_pin  {rise@0.000ns fall@5.000ns period=10.000ns})
  Destination:            AN[2]
                            (output port)
  Path Group:             (none)
  Path Type:              Max at Slow Process Corner
  Data Path Delay:        8.191ns  (logic 4.492ns (54.838%)  route 3.699ns (45.162%))
  Logic Levels:           2  (LUT2=1 OBUF=1)
  Clock Uncertainty:      0.025ns  ((TSJ^2 + TIJ^2)^1/2 + DJ) / 2 + PE
    Total System Jitter     (TSJ):    0.050ns
    Total Input Jitter      (TIJ):    0.000ns
    Discrete Jitter          (DJ):    0.000ns
    Phase Error              (PE):    0.000ns

    Location             Delay type                Incr(ns)  Path(ns)    Netlist Resource(s)
  -------------------------------------------------------------------    -------------------
                         (clock sys_clk_pin rise edge)
                                                      0.000     0.000 r  
    E3                                                0.000     0.000 r  CLK100MHZ (IN)
                         net (fo=0)                   0.000     0.000    CLK100MHZ
    E3                   IBUF (Prop_ibuf_I_O)         1.489     1.489 r  CLK100MHZ_IBUF_inst/O
                         net (fo=1, routed)           1.967     3.455    CLK100MHZ_IBUF
    BUFGCTRL_X0Y16       BUFG (Prop_bufg_I_O)         0.096     3.551 r  CLK100MHZ_IBUF_BUFG_inst/O
                         net (fo=28, routed)          1.635     5.187    seg/CLK
    SLICE_X4Y40          FDRE                                         r  seg/anode_select_reg[1]/C
  -------------------------------------------------------------------    -------------------
    SLICE_X4Y40          FDRE (Prop_fdre_C_Q)         0.419     5.606 f  seg/anode_select_reg[1]/Q
                         net (fo=13, routed)          0.639     6.244    seg/p_0_in[1]
    SLICE_X4Y38          LUT2 (Prop_lut2_I1_O)        0.325     6.569 r  seg/AN_OBUF[2]_inst_i_1/O
                         net (fo=1, routed)           3.061     9.630    AN_OBUF[2]
    T9                   OBUF (Prop_obuf_I_O)         3.748    13.378 r  AN_OBUF[2]_inst/O
                         net (fo=0)                   0.000    13.378    AN[2]
    T9                                                                r  AN[2] (OUT)
  -------------------------------------------------------------------    -------------------

Slack:                    inf
  Source:                 seg/anode_select_reg[1]/C
                            (rising edge-triggered cell FDRE clocked by sys_clk_pin  {rise@0.000ns fall@5.000ns period=10.000ns})
  Destination:            AN[3]
                            (output port)
  Path Group:             (none)
  Path Type:              Max at Slow Process Corner
  Data Path Delay:        8.120ns  (logic 4.497ns (55.378%)  route 3.623ns (44.622%))
  Logic Levels:           2  (LUT2=1 OBUF=1)
  Clock Uncertainty:      0.025ns  ((TSJ^2 + TIJ^2)^1/2 + DJ) / 2 + PE
    Total System Jitter     (TSJ):    0.050ns
    Total Input Jitter      (TIJ):    0.000ns
    Discrete Jitter          (DJ):    0.000ns
    Phase Error              (PE):    0.000ns

    Location             Delay type                Incr(ns)  Path(ns)    Netlist Resource(s)
  -------------------------------------------------------------------    -------------------
                         (clock sys_clk_pin rise edge)
                                                      0.000     0.000 r  
    E3                                                0.000     0.000 r  CLK100MHZ (IN)
                         net (fo=0)                   0.000     0.000    CLK100MHZ
    E3                   IBUF (Prop_ibuf_I_O)         1.489     1.489 r  CLK100MHZ_IBUF_inst/O
                         net (fo=1, routed)           1.967     3.455    CLK100MHZ_IBUF
    BUFGCTRL_X0Y16       BUFG (Prop_bufg_I_O)         0.096     3.551 r  CLK100MHZ_IBUF_BUFG_inst/O
                         net (fo=28, routed)          1.635     5.187    seg/CLK
    SLICE_X4Y40          FDRE                                         r  seg/anode_select_reg[1]/C
  -------------------------------------------------------------------    -------------------
    SLICE_X4Y40          FDRE (Prop_fdre_C_Q)         0.419     5.606 f  seg/anode_select_reg[1]/Q
                         net (fo=13, routed)          1.181     6.787    seg/p_0_in[1]
    SLICE_X4Y40          LUT2 (Prop_lut2_I1_O)        0.329     7.116 r  seg/AN_OBUF[3]_inst_i_1/O
                         net (fo=1, routed)           2.442     9.558    AN_OBUF[3]
    J14                  OBUF (Prop_obuf_I_O)         3.749    13.307 r  AN_OBUF[3]_inst/O
                         net (fo=0)                   0.000    13.307    AN[3]
    J14                                                               r  AN[3] (OUT)
  -------------------------------------------------------------------    -------------------

Slack:                    inf
  Source:                 seg/anode_select_reg[1]/C
                            (rising edge-triggered cell FDRE clocked by sys_clk_pin  {rise@0.000ns fall@5.000ns period=10.000ns})
  Destination:            AN[0]
                            (output port)
  Path Group:             (none)
  Path Type:              Max at Slow Process Corner
  Data Path Delay:        7.676ns  (logic 4.265ns (55.558%)  route 3.411ns (44.442%))
  Logic Levels:           2  (LUT2=1 OBUF=1)
  Clock Uncertainty:      0.025ns  ((TSJ^2 + TIJ^2)^1/2 + DJ) / 2 + PE
    Total System Jitter     (TSJ):    0.050ns
    Total Input Jitter      (TIJ):    0.000ns
    Discrete Jitter          (DJ):    0.000ns
    Phase Error              (PE):    0.000ns

    Location             Delay type                Incr(ns)  Path(ns)    Netlist Resource(s)
  -------------------------------------------------------------------    -------------------
                         (clock sys_clk_pin rise edge)
                                                      0.000     0.000 r  
    E3                                                0.000     0.000 r  CLK100MHZ (IN)
                         net (fo=0)                   0.000     0.000    CLK100MHZ
    E3                   IBUF (Prop_ibuf_I_O)         1.489     1.489 r  CLK100MHZ_IBUF_inst/O
                         net (fo=1, routed)           1.967     3.455    CLK100MHZ_IBUF
    BUFGCTRL_X0Y16       BUFG (Prop_bufg_I_O)         0.096     3.551 r  CLK100MHZ_IBUF_BUFG_inst/O
                         net (fo=28, routed)          1.635     5.187    seg/CLK
    SLICE_X4Y40          FDRE                                         r  seg/anode_select_reg[1]/C
  -------------------------------------------------------------------    -------------------
    SLICE_X4Y40          FDRE (Prop_fdre_C_Q)         0.419     5.606 r  seg/anode_select_reg[1]/Q
                         net (fo=13, routed)          1.181     6.787    seg/p_0_in[1]
    SLICE_X4Y40          LUT2 (Prop_lut2_I1_O)        0.299     7.086 r  seg/AN_OBUF[0]_inst_i_1/O
                         net (fo=1, routed)           2.230     9.316    AN_OBUF[0]
    J17                  OBUF (Prop_obuf_I_O)         3.547    12.863 r  AN_OBUF[0]_inst/O
                         net (fo=0)                   0.000    12.863    AN[0]
    J17                                                               r  AN[0] (OUT)
  -------------------------------------------------------------------    -------------------

Slack:                    inf
  Source:                 seg/anode_select_reg[1]/C
                            (rising edge-triggered cell FDRE clocked by sys_clk_pin  {rise@0.000ns fall@5.000ns period=10.000ns})
  Destination:            AN[1]
                            (output port)
  Path Group:             (none)
  Path Type:              Max at Slow Process Corner
  Data Path Delay:        7.377ns  (logic 4.273ns (57.925%)  route 3.104ns (42.075%))
  Logic Levels:           2  (LUT2=1 OBUF=1)
  Clock Uncertainty:      0.025ns  ((TSJ^2 + TIJ^2)^1/2 + DJ) / 2 + PE
    Total System Jitter     (TSJ):    0.050ns
    Total Input Jitter      (TIJ):    0.000ns
    Discrete Jitter          (DJ):    0.000ns
    Phase Error              (PE):    0.000ns

    Location             Delay type                Incr(ns)  Path(ns)    Netlist Resource(s)
  -------------------------------------------------------------------    -------------------
                         (clock sys_clk_pin rise edge)
                                                      0.000     0.000 r  
    E3                                                0.000     0.000 r  CLK100MHZ (IN)
                         net (fo=0)                   0.000     0.000    CLK100MHZ
    E3                   IBUF (Prop_ibuf_I_O)         1.489     1.489 r  CLK100MHZ_IBUF_inst/O
                         net (fo=1, routed)           1.967     3.455    CLK100MHZ_IBUF
    BUFGCTRL_X0Y16       BUFG (Prop_bufg_I_O)         0.096     3.551 r  CLK100MHZ_IBUF_BUFG_inst/O
                         net (fo=28, routed)          1.635     5.187    seg/CLK
    SLICE_X4Y40          FDRE                                         r  seg/anode_select_reg[1]/C
  -------------------------------------------------------------------    -------------------
    SLICE_X4Y40          FDRE (Prop_fdre_C_Q)         0.419     5.606 r  seg/anode_select_reg[1]/Q
                         net (fo=13, routed)          1.022     6.628    seg/p_0_in[1]
    SLICE_X4Y39          LUT2 (Prop_lut2_I0_O)        0.299     6.927 r  seg/AN_OBUF[1]_inst_i_1/O
                         net (fo=1, routed)           2.082     9.009    AN_OBUF[1]
    J18                  OBUF (Prop_obuf_I_O)         3.555    12.564 r  AN_OBUF[1]_inst/O
                         net (fo=0)                   0.000    12.564    AN[1]
    J18                                                               r  AN[1] (OUT)
  -------------------------------------------------------------------    -------------------

Slack:                    inf
  Source:                 seg/anode_select_reg[0]/C
                            (rising edge-triggered cell FDRE clocked by sys_clk_pin  {rise@0.000ns fall@5.000ns period=10.000ns})
  Destination:            seg/SEG_reg[5]/D
  Path Group:             (none)
  Path Type:              Max at Slow Process Corner
  Data Path Delay:        2.515ns  (logic 0.580ns (23.057%)  route 1.935ns (76.943%))
  Logic Levels:           1  (LUT6=1)
  Clock Uncertainty:      0.025ns  ((TSJ^2 + TIJ^2)^1/2 + DJ) / 2 + PE
    Total System Jitter     (TSJ):    0.050ns
    Total Input Jitter      (TIJ):    0.000ns
    Discrete Jitter          (DJ):    0.000ns
    Phase Error              (PE):    0.000ns

    Location             Delay type                Incr(ns)  Path(ns)    Netlist Resource(s)
  -------------------------------------------------------------------    -------------------
                         (clock sys_clk_pin rise edge)
                                                      0.000     0.000 r  
    E3                                                0.000     0.000 r  CLK100MHZ (IN)
                         net (fo=0)                   0.000     0.000    CLK100MHZ
    E3                   IBUF (Prop_ibuf_I_O)         1.489     1.489 r  CLK100MHZ_IBUF_inst/O
                         net (fo=1, routed)           1.967     3.455    CLK100MHZ_IBUF
    BUFGCTRL_X0Y16       BUFG (Prop_bufg_I_O)         0.096     3.551 r  CLK100MHZ_IBUF_BUFG_inst/O
                         net (fo=28, routed)          1.635     5.187    seg/CLK
    SLICE_X4Y40          FDRE                                         r  seg/anode_select_reg[0]/C
  -------------------------------------------------------------------    -------------------
    SLICE_X4Y40          FDRE (Prop_fdre_C_Q)         0.456     5.643 r  seg/anode_select_reg[0]/Q
                         net (fo=14, routed)          1.340     6.983    master/p_0_in[0]
    SLICE_X4Y38          LUT6 (Prop_lut6_I5_O)        0.124     7.107 r  master/SEG_reg[5]_i_1/O
                         net (fo=1, routed)           0.595     7.702    seg/D[5]
    SLICE_X4Y38          LDCE                                         r  seg/SEG_reg[5]/D
  -------------------------------------------------------------------    -------------------

Slack:                    inf
  Source:                 seg/anode_select_reg[0]/C
                            (rising edge-triggered cell FDRE clocked by sys_clk_pin  {rise@0.000ns fall@5.000ns period=10.000ns})
  Destination:            seg/SEG_reg[1]/D
  Path Group:             (none)
  Path Type:              Max at Slow Process Corner
  Data Path Delay:        2.308ns  (logic 0.580ns (25.126%)  route 1.728ns (74.874%))
  Logic Levels:           1  (LUT6=1)
  Clock Uncertainty:      0.025ns  ((TSJ^2 + TIJ^2)^1/2 + DJ) / 2 + PE
    Total System Jitter     (TSJ):    0.050ns
    Total Input Jitter      (TIJ):    0.000ns
    Discrete Jitter          (DJ):    0.000ns
    Phase Error              (PE):    0.000ns

    Location             Delay type                Incr(ns)  Path(ns)    Netlist Resource(s)
  -------------------------------------------------------------------    -------------------
                         (clock sys_clk_pin rise edge)
                                                      0.000     0.000 r  
    E3                                                0.000     0.000 r  CLK100MHZ (IN)
                         net (fo=0)                   0.000     0.000    CLK100MHZ
    E3                   IBUF (Prop_ibuf_I_O)         1.489     1.489 r  CLK100MHZ_IBUF_inst/O
                         net (fo=1, routed)           1.967     3.455    CLK100MHZ_IBUF
    BUFGCTRL_X0Y16       BUFG (Prop_bufg_I_O)         0.096     3.551 r  CLK100MHZ_IBUF_BUFG_inst/O
                         net (fo=28, routed)          1.635     5.187    seg/CLK
    SLICE_X4Y40          FDRE                                         r  seg/anode_select_reg[0]/C
  -------------------------------------------------------------------    -------------------
    SLICE_X4Y40          FDRE (Prop_fdre_C_Q)         0.456     5.643 r  seg/anode_select_reg[0]/Q
                         net (fo=14, routed)          1.177     6.820    master/p_0_in[0]
    SLICE_X6Y39          LUT6 (Prop_lut6_I3_O)        0.124     6.944 r  master/SEG_reg[1]_i_1/O
                         net (fo=1, routed)           0.552     7.495    seg/D[1]
    SLICE_X4Y38          LDCE                                         r  seg/SEG_reg[1]/D
  -------------------------------------------------------------------    -------------------

Slack:                    inf
  Source:                 seg/anode_select_reg[1]/C
                            (rising edge-triggered cell FDRE clocked by sys_clk_pin  {rise@0.000ns fall@5.000ns period=10.000ns})
  Destination:            seg/SEG_reg[2]/D
  Path Group:             (none)
  Path Type:              Max at Slow Process Corner
  Data Path Delay:        2.249ns  (logic 0.746ns (33.169%)  route 1.503ns (66.831%))
  Logic Levels:           1  (LUT5=1)
  Clock Uncertainty:      0.025ns  ((TSJ^2 + TIJ^2)^1/2 + DJ) / 2 + PE
    Total System Jitter     (TSJ):    0.050ns
    Total Input Jitter      (TIJ):    0.000ns
    Discrete Jitter          (DJ):    0.000ns
    Phase Error              (PE):    0.000ns

    Location             Delay type                Incr(ns)  Path(ns)    Netlist Resource(s)
  -------------------------------------------------------------------    -------------------
                         (clock sys_clk_pin rise edge)
                                                      0.000     0.000 r  
    E3                                                0.000     0.000 r  CLK100MHZ (IN)
                         net (fo=0)                   0.000     0.000    CLK100MHZ
    E3                   IBUF (Prop_ibuf_I_O)         1.489     1.489 r  CLK100MHZ_IBUF_inst/O
                         net (fo=1, routed)           1.967     3.455    CLK100MHZ_IBUF
    BUFGCTRL_X0Y16       BUFG (Prop_bufg_I_O)         0.096     3.551 r  CLK100MHZ_IBUF_BUFG_inst/O
                         net (fo=28, routed)          1.635     5.187    seg/CLK
    SLICE_X4Y40          FDRE                                         r  seg/anode_select_reg[1]/C
  -------------------------------------------------------------------    -------------------
    SLICE_X4Y40          FDRE (Prop_fdre_C_Q)         0.419     5.606 r  seg/anode_select_reg[1]/Q
                         net (fo=13, routed)          1.022     6.628    master/p_0_in[1]
    SLICE_X4Y39          LUT5 (Prop_lut5_I3_O)        0.327     6.955 r  master/SEG_reg[2]_i_1/O
                         net (fo=1, routed)           0.481     7.436    seg/D[2]
    SLICE_X4Y38          LDCE                                         r  seg/SEG_reg[2]/D
  -------------------------------------------------------------------    -------------------

Slack:                    inf
  Source:                 seg/anode_select_reg[1]/C
                            (rising edge-triggered cell FDRE clocked by sys_clk_pin  {rise@0.000ns fall@5.000ns period=10.000ns})
  Destination:            seg/SEG_reg[6]/D
  Path Group:             (none)
  Path Type:              Max at Slow Process Corner
  Data Path Delay:        2.111ns  (logic 0.718ns (34.015%)  route 1.393ns (65.985%))
  Logic Levels:           1  (LUT6=1)
  Clock Uncertainty:      0.025ns  ((TSJ^2 + TIJ^2)^1/2 + DJ) / 2 + PE
    Total System Jitter     (TSJ):    0.050ns
    Total Input Jitter      (TIJ):    0.000ns
    Discrete Jitter          (DJ):    0.000ns
    Phase Error              (PE):    0.000ns

    Location             Delay type                Incr(ns)  Path(ns)    Netlist Resource(s)
  -------------------------------------------------------------------    -------------------
                         (clock sys_clk_pin rise edge)
                                                      0.000     0.000 r  
    E3                                                0.000     0.000 r  CLK100MHZ (IN)
                         net (fo=0)                   0.000     0.000    CLK100MHZ
    E3                   IBUF (Prop_ibuf_I_O)         1.489     1.489 r  CLK100MHZ_IBUF_inst/O
                         net (fo=1, routed)           1.967     3.455    CLK100MHZ_IBUF
    BUFGCTRL_X0Y16       BUFG (Prop_bufg_I_O)         0.096     3.551 r  CLK100MHZ_IBUF_BUFG_inst/O
                         net (fo=28, routed)          1.635     5.187    seg/CLK
    SLICE_X4Y40          FDRE                                         r  seg/anode_select_reg[1]/C
  -------------------------------------------------------------------    -------------------
    SLICE_X4Y40          FDRE (Prop_fdre_C_Q)         0.419     5.606 r  seg/anode_select_reg[1]/Q
                         net (fo=13, routed)          0.851     6.456    master/p_0_in[1]
    SLICE_X5Y38          LUT6 (Prop_lut6_I5_O)        0.299     6.755 r  master/SEG_reg[6]_i_1/O
                         net (fo=1, routed)           0.542     7.298    seg/D[6]
    SLICE_X4Y38          LDCE                                         r  seg/SEG_reg[6]/D
  -------------------------------------------------------------------    -------------------

Slack:                    inf
  Source:                 seg/anode_select_reg[0]/C
                            (rising edge-triggered cell FDRE clocked by sys_clk_pin  {rise@0.000ns fall@5.000ns period=10.000ns})
  Destination:            seg/SEG_reg[4]/D
  Path Group:             (none)
  Path Type:              Max at Slow Process Corner
  Data Path Delay:        2.090ns  (logic 0.580ns (27.755%)  route 1.510ns (72.245%))
  Logic Levels:           1  (LUT5=1)
  Clock Uncertainty:      0.025ns  ((TSJ^2 + TIJ^2)^1/2 + DJ) / 2 + PE
    Total System Jitter     (TSJ):    0.050ns
    Total Input Jitter      (TIJ):    0.000ns
    Discrete Jitter          (DJ):    0.000ns
    Phase Error              (PE):    0.000ns

    Location             Delay type                Incr(ns)  Path(ns)    Netlist Resource(s)
  -------------------------------------------------------------------    -------------------
                         (clock sys_clk_pin rise edge)
                                                      0.000     0.000 r  
    E3                                                0.000     0.000 r  CLK100MHZ (IN)
                         net (fo=0)                   0.000     0.000    CLK100MHZ
    E3                   IBUF (Prop_ibuf_I_O)         1.489     1.489 r  CLK100MHZ_IBUF_inst/O
                         net (fo=1, routed)           1.967     3.455    CLK100MHZ_IBUF
    BUFGCTRL_X0Y16       BUFG (Prop_bufg_I_O)         0.096     3.551 r  CLK100MHZ_IBUF_BUFG_inst/O
                         net (fo=28, routed)          1.635     5.187    seg/CLK
    SLICE_X4Y40          FDRE                                         r  seg/anode_select_reg[0]/C
  -------------------------------------------------------------------    -------------------
    SLICE_X4Y40          FDRE (Prop_fdre_C_Q)         0.456     5.643 r  seg/anode_select_reg[0]/Q
                         net (fo=14, routed)          1.186     6.829    master/p_0_in[0]
    SLICE_X6Y39          LUT5 (Prop_lut5_I2_O)        0.124     6.953 r  master/SEG_reg[4]_i_1/O
                         net (fo=1, routed)           0.324     7.277    seg/D[4]
    SLICE_X5Y39          LDCE                                         r  seg/SEG_reg[4]/D
  -------------------------------------------------------------------    -------------------

Slack:                    inf
  Source:                 seg/anode_select_reg[1]/C
                            (rising edge-triggered cell FDRE clocked by sys_clk_pin  {rise@0.000ns fall@5.000ns period=10.000ns})
  Destination:            seg/SEG_reg[3]/D
  Path Group:             (none)
  Path Type:              Max at Slow Process Corner
  Data Path Delay:        1.905ns  (logic 0.718ns (37.690%)  route 1.187ns (62.310%))
  Logic Levels:           1  (LUT6=1)
  Clock Uncertainty:      0.025ns  ((TSJ^2 + TIJ^2)^1/2 + DJ) / 2 + PE
    Total System Jitter     (TSJ):    0.050ns
    Total Input Jitter      (TIJ):    0.000ns
    Discrete Jitter          (DJ):    0.000ns
    Phase Error              (PE):    0.000ns

    Location             Delay type                Incr(ns)  Path(ns)    Netlist Resource(s)
  -------------------------------------------------------------------    -------------------
                         (clock sys_clk_pin rise edge)
                                                      0.000     0.000 r  
    E3                                                0.000     0.000 r  CLK100MHZ (IN)
                         net (fo=0)                   0.000     0.000    CLK100MHZ
    E3                   IBUF (Prop_ibuf_I_O)         1.489     1.489 r  CLK100MHZ_IBUF_inst/O
                         net (fo=1, routed)           1.967     3.455    CLK100MHZ_IBUF
    BUFGCTRL_X0Y16       BUFG (Prop_bufg_I_O)         0.096     3.551 r  CLK100MHZ_IBUF_BUFG_inst/O
                         net (fo=28, routed)          1.635     5.187    seg/CLK
    SLICE_X4Y40          FDRE                                         r  seg/anode_select_reg[1]/C
  -------------------------------------------------------------------    -------------------
    SLICE_X4Y40          FDRE (Prop_fdre_C_Q)         0.419     5.606 r  seg/anode_select_reg[1]/Q
                         net (fo=13, routed)          0.808     6.414    master/p_0_in[1]
    SLICE_X5Y39          LUT6 (Prop_lut6_I4_O)        0.299     6.713 r  master/SEG_reg[3]_i_1/O
                         net (fo=1, routed)           0.379     7.092    seg/D[3]
    SLICE_X5Y39          LDCE                                         r  seg/SEG_reg[3]/D
  -------------------------------------------------------------------    -------------------





Min Delay Paths
--------------------------------------------------------------------------------------
Slack:                    inf
  Source:                 seg/anode_select_reg[1]/C
                            (rising edge-triggered cell FDRE clocked by sys_clk_pin  {rise@0.000ns fall@5.000ns period=10.000ns})
  Destination:            seg/SEG_reg[4]/D
  Path Group:             (none)
  Path Type:              Min at Fast Process Corner
  Data Path Delay:        0.453ns  (logic 0.226ns (49.875%)  route 0.227ns (50.125%))
  Logic Levels:           1  (LUT5=1)
  Clock Uncertainty:      0.025ns  ((TSJ^2 + TIJ^2)^1/2 + DJ) / 2 + PE
    Total System Jitter     (TSJ):    0.050ns
    Total Input Jitter      (TIJ):    0.000ns
    Discrete Jitter          (DJ):    0.000ns
    Phase Error              (PE):    0.000ns

    Location             Delay type                Incr(ns)  Path(ns)    Netlist Resource(s)
  -------------------------------------------------------------------    -------------------
                         (clock sys_clk_pin rise edge)
                                                      0.000     0.000 r  
    E3                                                0.000     0.000 r  CLK100MHZ (IN)
                         net (fo=0)                   0.000     0.000    CLK100MHZ
    E3                   IBUF (Prop_ibuf_I_O)         0.257     0.257 r  CLK100MHZ_IBUF_inst/O
                         net (fo=1, routed)           0.631     0.888    CLK100MHZ_IBUF
    BUFGCTRL_X0Y16       BUFG (Prop_bufg_I_O)         0.026     0.914 r  CLK100MHZ_IBUF_BUFG_inst/O
                         net (fo=28, routed)          0.594     1.507    seg/CLK
    SLICE_X4Y40          FDRE                                         r  seg/anode_select_reg[1]/C
  -------------------------------------------------------------------    -------------------
    SLICE_X4Y40          FDRE (Prop_fdre_C_Q)         0.128     1.635 f  seg/anode_select_reg[1]/Q
                         net (fo=13, routed)          0.126     1.762    master/p_0_in[1]
    SLICE_X6Y39          LUT5 (Prop_lut5_I4_O)        0.098     1.860 r  master/SEG_reg[4]_i_1/O
                         net (fo=1, routed)           0.101     1.961    seg/D[4]
    SLICE_X5Y39          LDCE                                         r  seg/SEG_reg[4]/D
  -------------------------------------------------------------------    -------------------

Slack:                    inf
  Source:                 seg/anode_select_reg[1]/C
                            (rising edge-triggered cell FDRE clocked by sys_clk_pin  {rise@0.000ns fall@5.000ns period=10.000ns})
  Destination:            seg/SEG_reg[1]/D
  Path Group:             (none)
  Path Type:              Min at Fast Process Corner
  Data Path Delay:        0.533ns  (logic 0.226ns (42.419%)  route 0.307ns (57.581%))
  Logic Levels:           1  (LUT6=1)
  Clock Uncertainty:      0.025ns  ((TSJ^2 + TIJ^2)^1/2 + DJ) / 2 + PE
    Total System Jitter     (TSJ):    0.050ns
    Total Input Jitter      (TIJ):    0.000ns
    Discrete Jitter          (DJ):    0.000ns
    Phase Error              (PE):    0.000ns

    Location             Delay type                Incr(ns)  Path(ns)    Netlist Resource(s)
  -------------------------------------------------------------------    -------------------
                         (clock sys_clk_pin rise edge)
                                                      0.000     0.000 r  
    E3                                                0.000     0.000 r  CLK100MHZ (IN)
                         net (fo=0)                   0.000     0.000    CLK100MHZ
    E3                   IBUF (Prop_ibuf_I_O)         0.257     0.257 r  CLK100MHZ_IBUF_inst/O
                         net (fo=1, routed)           0.631     0.888    CLK100MHZ_IBUF
    BUFGCTRL_X0Y16       BUFG (Prop_bufg_I_O)         0.026     0.914 r  CLK100MHZ_IBUF_BUFG_inst/O
                         net (fo=28, routed)          0.594     1.507    seg/CLK
    SLICE_X4Y40          FDRE                                         r  seg/anode_select_reg[1]/C
  -------------------------------------------------------------------    -------------------
    SLICE_X4Y40          FDRE (Prop_fdre_C_Q)         0.128     1.635 r  seg/anode_select_reg[1]/Q
                         net (fo=13, routed)          0.128     1.764    master/p_0_in[1]
    SLICE_X6Y39          LUT6 (Prop_lut6_I5_O)        0.098     1.862 r  master/SEG_reg[1]_i_1/O
                         net (fo=1, routed)           0.179     2.040    seg/D[1]
    SLICE_X4Y38          LDCE                                         r  seg/SEG_reg[1]/D
  -------------------------------------------------------------------    -------------------

Slack:                    inf
  Source:                 seg/anode_select_reg[0]/C
                            (rising edge-triggered cell FDRE clocked by sys_clk_pin  {rise@0.000ns fall@5.000ns period=10.000ns})
  Destination:            seg/SEG_reg[3]/D
  Path Group:             (none)
  Path Type:              Min at Fast Process Corner
  Data Path Delay:        0.556ns  (logic 0.186ns (33.446%)  route 0.370ns (66.554%))
  Logic Levels:           1  (LUT6=1)
  Clock Uncertainty:      0.025ns  ((TSJ^2 + TIJ^2)^1/2 + DJ) / 2 + PE
    Total System Jitter     (TSJ):    0.050ns
    Total Input Jitter      (TIJ):    0.000ns
    Discrete Jitter          (DJ):    0.000ns
    Phase Error              (PE):    0.000ns

    Location             Delay type                Incr(ns)  Path(ns)    Netlist Resource(s)
  -------------------------------------------------------------------    -------------------
                         (clock sys_clk_pin rise edge)
                                                      0.000     0.000 r  
    E3                                                0.000     0.000 r  CLK100MHZ (IN)
                         net (fo=0)                   0.000     0.000    CLK100MHZ
    E3                   IBUF (Prop_ibuf_I_O)         0.257     0.257 r  CLK100MHZ_IBUF_inst/O
                         net (fo=1, routed)           0.631     0.888    CLK100MHZ_IBUF
    BUFGCTRL_X0Y16       BUFG (Prop_bufg_I_O)         0.026     0.914 r  CLK100MHZ_IBUF_BUFG_inst/O
                         net (fo=28, routed)          0.594     1.507    seg/CLK
    SLICE_X4Y40          FDRE                                         r  seg/anode_select_reg[0]/C
  -------------------------------------------------------------------    -------------------
    SLICE_X4Y40          FDRE (Prop_fdre_C_Q)         0.141     1.648 r  seg/anode_select_reg[0]/Q
                         net (fo=14, routed)          0.254     1.902    master/p_0_in[0]
    SLICE_X5Y39          LUT6 (Prop_lut6_I5_O)        0.045     1.947 r  master/SEG_reg[3]_i_1/O
                         net (fo=1, routed)           0.116     2.064    seg/D[3]
    SLICE_X5Y39          LDCE                                         r  seg/SEG_reg[3]/D
  -------------------------------------------------------------------    -------------------

Slack:                    inf
  Source:                 seg/anode_select_reg[0]/C
                            (rising edge-triggered cell FDRE clocked by sys_clk_pin  {rise@0.000ns fall@5.000ns period=10.000ns})
  Destination:            seg/SEG_reg[0]/D
  Path Group:             (none)
  Path Type:              Min at Fast Process Corner
  Data Path Delay:        0.557ns  (logic 0.186ns (33.365%)  route 0.371ns (66.635%))
  Logic Levels:           1  (LUT6=1)
  Clock Uncertainty:      0.025ns  ((TSJ^2 + TIJ^2)^1/2 + DJ) / 2 + PE
    Total System Jitter     (TSJ):    0.050ns
    Total Input Jitter      (TIJ):    0.000ns
    Discrete Jitter          (DJ):    0.000ns
    Phase Error              (PE):    0.000ns

    Location             Delay type                Incr(ns)  Path(ns)    Netlist Resource(s)
  -------------------------------------------------------------------    -------------------
                         (clock sys_clk_pin rise edge)
                                                      0.000     0.000 r  
    E3                                                0.000     0.000 r  CLK100MHZ (IN)
                         net (fo=0)                   0.000     0.000    CLK100MHZ
    E3                   IBUF (Prop_ibuf_I_O)         0.257     0.257 r  CLK100MHZ_IBUF_inst/O
                         net (fo=1, routed)           0.631     0.888    CLK100MHZ_IBUF
    BUFGCTRL_X0Y16       BUFG (Prop_bufg_I_O)         0.026     0.914 r  CLK100MHZ_IBUF_BUFG_inst/O
                         net (fo=28, routed)          0.594     1.507    seg/CLK
    SLICE_X4Y40          FDRE                                         r  seg/anode_select_reg[0]/C
  -------------------------------------------------------------------    -------------------
    SLICE_X4Y40          FDRE (Prop_fdre_C_Q)         0.141     1.648 r  seg/anode_select_reg[0]/Q
                         net (fo=14, routed)          0.255     1.903    master/p_0_in[0]
    SLICE_X5Y39          LUT6 (Prop_lut6_I5_O)        0.045     1.948 r  master/SEG_reg[0]_i_1/O
                         net (fo=1, routed)           0.116     2.065    seg/D[0]
    SLICE_X5Y39          LDCE                                         r  seg/SEG_reg[0]/D
  -------------------------------------------------------------------    -------------------

Slack:                    inf
  Source:                 seg/anode_select_reg[1]/C
                            (rising edge-triggered cell FDRE clocked by sys_clk_pin  {rise@0.000ns fall@5.000ns period=10.000ns})
  Destination:            seg/SEG_reg[5]/D
  Path Group:             (none)
  Path Type:              Min at Fast Process Corner
  Data Path Delay:        0.670ns  (logic 0.226ns (33.709%)  route 0.444ns (66.291%))
  Logic Levels:           1  (LUT6=1)
  Clock Uncertainty:      0.025ns  ((TSJ^2 + TIJ^2)^1/2 + DJ) / 2 + PE
    Total System Jitter     (TSJ):    0.050ns
    Total Input Jitter      (TIJ):    0.000ns
    Discrete Jitter          (DJ):    0.000ns
    Phase Error              (PE):    0.000ns

    Location             Delay type                Incr(ns)  Path(ns)    Netlist Resource(s)
  -------------------------------------------------------------------    -------------------
                         (clock sys_clk_pin rise edge)
                                                      0.000     0.000 r  
    E3                                                0.000     0.000 r  CLK100MHZ (IN)
                         net (fo=0)                   0.000     0.000    CLK100MHZ
    E3                   IBUF (Prop_ibuf_I_O)         0.257     0.257 r  CLK100MHZ_IBUF_inst/O
                         net (fo=1, routed)           0.631     0.888    CLK100MHZ_IBUF
    BUFGCTRL_X0Y16       BUFG (Prop_bufg_I_O)         0.026     0.914 r  CLK100MHZ_IBUF_BUFG_inst/O
                         net (fo=28, routed)          0.594     1.507    seg/CLK
    SLICE_X4Y40          FDRE                                         r  seg/anode_select_reg[1]/C
  -------------------------------------------------------------------    -------------------
    SLICE_X4Y40          FDRE (Prop_fdre_C_Q)         0.128     1.635 r  seg/anode_select_reg[1]/Q
                         net (fo=13, routed)          0.247     1.883    master/p_0_in[1]
    SLICE_X4Y38          LUT6 (Prop_lut6_I4_O)        0.098     1.981 r  master/SEG_reg[5]_i_1/O
                         net (fo=1, routed)           0.197     2.178    seg/D[5]
    SLICE_X4Y38          LDCE                                         r  seg/SEG_reg[5]/D
  -------------------------------------------------------------------    -------------------

Slack:                    inf
  Source:                 seg/anode_select_reg[0]/C
                            (rising edge-triggered cell FDRE clocked by sys_clk_pin  {rise@0.000ns fall@5.000ns period=10.000ns})
  Destination:            seg/SEG_reg[2]/D
  Path Group:             (none)
  Path Type:              Min at Fast Process Corner
  Data Path Delay:        0.676ns  (logic 0.186ns (27.503%)  route 0.490ns (72.497%))
  Logic Levels:           1  (LUT5=1)
  Clock Uncertainty:      0.025ns  ((TSJ^2 + TIJ^2)^1/2 + DJ) / 2 + PE
    Total System Jitter     (TSJ):    0.050ns
    Total Input Jitter      (TIJ):    0.000ns
    Discrete Jitter          (DJ):    0.000ns
    Phase Error              (PE):    0.000ns

    Location             Delay type                Incr(ns)  Path(ns)    Netlist Resource(s)
  -------------------------------------------------------------------    -------------------
                         (clock sys_clk_pin rise edge)
                                                      0.000     0.000 r  
    E3                                                0.000     0.000 r  CLK100MHZ (IN)
                         net (fo=0)                   0.000     0.000    CLK100MHZ
    E3                   IBUF (Prop_ibuf_I_O)         0.257     0.257 r  CLK100MHZ_IBUF_inst/O
                         net (fo=1, routed)           0.631     0.888    CLK100MHZ_IBUF
    BUFGCTRL_X0Y16       BUFG (Prop_bufg_I_O)         0.026     0.914 r  CLK100MHZ_IBUF_BUFG_inst/O
                         net (fo=28, routed)          0.594     1.507    seg/CLK
    SLICE_X4Y40          FDRE                                         r  seg/anode_select_reg[0]/C
  -------------------------------------------------------------------    -------------------
    SLICE_X4Y40          FDRE (Prop_fdre_C_Q)         0.141     1.648 r  seg/anode_select_reg[0]/Q
                         net (fo=14, routed)          0.316     1.964    master/p_0_in[0]
    SLICE_X4Y39          LUT5 (Prop_lut5_I4_O)        0.045     2.009 r  master/SEG_reg[2]_i_1/O
                         net (fo=1, routed)           0.174     2.184    seg/D[2]
    SLICE_X4Y38          LDCE                                         r  seg/SEG_reg[2]/D
  -------------------------------------------------------------------    -------------------

Slack:                    inf
  Source:                 seg/anode_select_reg[0]/C
                            (rising edge-triggered cell FDRE clocked by sys_clk_pin  {rise@0.000ns fall@5.000ns period=10.000ns})
  Destination:            seg/SEG_reg[6]/D
  Path Group:             (none)
  Path Type:              Min at Fast Process Corner
  Data Path Delay:        0.692ns  (logic 0.186ns (26.896%)  route 0.506ns (73.104%))
  Logic Levels:           1  (LUT6=1)
  Clock Uncertainty:      0.025ns  ((TSJ^2 + TIJ^2)^1/2 + DJ) / 2 + PE
    Total System Jitter     (TSJ):    0.050ns
    Total Input Jitter      (TIJ):    0.000ns
    Discrete Jitter          (DJ):    0.000ns
    Phase Error              (PE):    0.000ns

    Location             Delay type                Incr(ns)  Path(ns)    Netlist Resource(s)
  -------------------------------------------------------------------    -------------------
                         (clock sys_clk_pin rise edge)
                                                      0.000     0.000 r  
    E3                                                0.000     0.000 r  CLK100MHZ (IN)
                         net (fo=0)                   0.000     0.000    CLK100MHZ
    E3                   IBUF (Prop_ibuf_I_O)         0.257     0.257 r  CLK100MHZ_IBUF_inst/O
                         net (fo=1, routed)           0.631     0.888    CLK100MHZ_IBUF
    BUFGCTRL_X0Y16       BUFG (Prop_bufg_I_O)         0.026     0.914 r  CLK100MHZ_IBUF_BUFG_inst/O
                         net (fo=28, routed)          0.594     1.507    seg/CLK
    SLICE_X4Y40          FDRE                                         r  seg/anode_select_reg[0]/C
  -------------------------------------------------------------------    -------------------
    SLICE_X4Y40          FDRE (Prop_fdre_C_Q)         0.141     1.648 r  seg/anode_select_reg[0]/Q
                         net (fo=14, routed)          0.320     1.969    master/p_0_in[0]
    SLICE_X5Y38          LUT6 (Prop_lut6_I3_O)        0.045     2.014 r  master/SEG_reg[6]_i_1/O
                         net (fo=1, routed)           0.185     2.199    seg/D[6]
    SLICE_X4Y38          LDCE                                         r  seg/SEG_reg[6]/D
  -------------------------------------------------------------------    -------------------

Slack:                    inf
  Source:                 seg/anode_select_reg[0]/C
                            (rising edge-triggered cell FDRE clocked by sys_clk_pin  {rise@0.000ns fall@5.000ns period=10.000ns})
  Destination:            AN[0]
                            (output port)
  Path Group:             (none)
  Path Type:              Min at Fast Process Corner
  Data Path Delay:        2.173ns  (logic 1.433ns (65.973%)  route 0.739ns (34.027%))
  Logic Levels:           2  (LUT2=1 OBUF=1)
  Clock Uncertainty:      0.025ns  ((TSJ^2 + TIJ^2)^1/2 + DJ) / 2 + PE
    Total System Jitter     (TSJ):    0.050ns
    Total Input Jitter      (TIJ):    0.000ns
    Discrete Jitter          (DJ):    0.000ns
    Phase Error              (PE):    0.000ns

    Location             Delay type                Incr(ns)  Path(ns)    Netlist Resource(s)
  -------------------------------------------------------------------    -------------------
                         (clock sys_clk_pin rise edge)
                                                      0.000     0.000 r  
    E3                                                0.000     0.000 r  CLK100MHZ (IN)
                         net (fo=0)                   0.000     0.000    CLK100MHZ
    E3                   IBUF (Prop_ibuf_I_O)         0.257     0.257 r  CLK100MHZ_IBUF_inst/O
                         net (fo=1, routed)           0.631     0.888    CLK100MHZ_IBUF
    BUFGCTRL_X0Y16       BUFG (Prop_bufg_I_O)         0.026     0.914 r  CLK100MHZ_IBUF_BUFG_inst/O
                         net (fo=28, routed)          0.594     1.507    seg/CLK
    SLICE_X4Y40          FDRE                                         r  seg/anode_select_reg[0]/C
  -------------------------------------------------------------------    -------------------
    SLICE_X4Y40          FDRE (Prop_fdre_C_Q)         0.141     1.648 r  seg/anode_select_reg[0]/Q
                         net (fo=14, routed)          0.176     1.824    seg/p_0_in[0]
    SLICE_X4Y40          LUT2 (Prop_lut2_I0_O)        0.045     1.869 r  seg/AN_OBUF[0]_inst_i_1/O
                         net (fo=1, routed)           0.563     2.433    AN_OBUF[0]
    J17                  OBUF (Prop_obuf_I_O)         1.247     3.680 r  AN_OBUF[0]_inst/O
                         net (fo=0)                   0.000     3.680    AN[0]
    J17                                                               r  AN[0] (OUT)
  -------------------------------------------------------------------    -------------------

Slack:                    inf
  Source:                 seg/anode_select_reg[0]/C
                            (rising edge-triggered cell FDRE clocked by sys_clk_pin  {rise@0.000ns fall@5.000ns period=10.000ns})
  Destination:            AN[1]
                            (output port)
  Path Group:             (none)
  Path Type:              Min at Fast Process Corner
  Data Path Delay:        2.267ns  (logic 1.442ns (63.602%)  route 0.825ns (36.398%))
  Logic Levels:           2  (LUT2=1 OBUF=1)
  Clock Uncertainty:      0.025ns  ((TSJ^2 + TIJ^2)^1/2 + DJ) / 2 + PE
    Total System Jitter     (TSJ):    0.050ns
    Total Input Jitter      (TIJ):    0.000ns
    Discrete Jitter          (DJ):    0.000ns
    Phase Error              (PE):    0.000ns

    Location             Delay type                Incr(ns)  Path(ns)    Netlist Resource(s)
  -------------------------------------------------------------------    -------------------
                         (clock sys_clk_pin rise edge)
                                                      0.000     0.000 r  
    E3                                                0.000     0.000 r  CLK100MHZ (IN)
                         net (fo=0)                   0.000     0.000    CLK100MHZ
    E3                   IBUF (Prop_ibuf_I_O)         0.257     0.257 r  CLK100MHZ_IBUF_inst/O
                         net (fo=1, routed)           0.631     0.888    CLK100MHZ_IBUF
    BUFGCTRL_X0Y16       BUFG (Prop_bufg_I_O)         0.026     0.914 r  CLK100MHZ_IBUF_BUFG_inst/O
                         net (fo=28, routed)          0.594     1.507    seg/CLK
    SLICE_X4Y40          FDRE                                         r  seg/anode_select_reg[0]/C
  -------------------------------------------------------------------    -------------------
    SLICE_X4Y40          FDRE (Prop_fdre_C_Q)         0.141     1.648 f  seg/anode_select_reg[0]/Q
                         net (fo=14, routed)          0.316     1.964    seg/p_0_in[0]
    SLICE_X4Y39          LUT2 (Prop_lut2_I1_O)        0.045     2.009 r  seg/AN_OBUF[1]_inst_i_1/O
                         net (fo=1, routed)           0.509     2.519    AN_OBUF[1]
    J18                  OBUF (Prop_obuf_I_O)         1.256     3.774 r  AN_OBUF[1]_inst/O
                         net (fo=0)                   0.000     3.774    AN[1]
    J18                                                               r  AN[1] (OUT)
  -------------------------------------------------------------------    -------------------

Slack:                    inf
  Source:                 seg/anode_select_reg[0]/C
                            (rising edge-triggered cell FDRE clocked by sys_clk_pin  {rise@0.000ns fall@5.000ns period=10.000ns})
  Destination:            AN[3]
                            (output port)
  Path Group:             (none)
  Path Type:              Min at Fast Process Corner
  Data Path Delay:        2.334ns  (logic 1.495ns (64.037%)  route 0.839ns (35.963%))
  Logic Levels:           2  (LUT2=1 OBUF=1)
  Clock Uncertainty:      0.025ns  ((TSJ^2 + TIJ^2)^1/2 + DJ) / 2 + PE
    Total System Jitter     (TSJ):    0.050ns
    Total Input Jitter      (TIJ):    0.000ns
    Discrete Jitter          (DJ):    0.000ns
    Phase Error              (PE):    0.000ns

    Location             Delay type                Incr(ns)  Path(ns)    Netlist Resource(s)
  -------------------------------------------------------------------    -------------------
                         (clock sys_clk_pin rise edge)
                                                      0.000     0.000 r  
    E3                                                0.000     0.000 r  CLK100MHZ (IN)
                         net (fo=0)                   0.000     0.000    CLK100MHZ
    E3                   IBUF (Prop_ibuf_I_O)         0.257     0.257 r  CLK100MHZ_IBUF_inst/O
                         net (fo=1, routed)           0.631     0.888    CLK100MHZ_IBUF
    BUFGCTRL_X0Y16       BUFG (Prop_bufg_I_O)         0.026     0.914 r  CLK100MHZ_IBUF_BUFG_inst/O
                         net (fo=28, routed)          0.594     1.507    seg/CLK
    SLICE_X4Y40          FDRE                                         r  seg/anode_select_reg[0]/C
  -------------------------------------------------------------------    -------------------
    SLICE_X4Y40          FDRE (Prop_fdre_C_Q)         0.141     1.648 f  seg/anode_select_reg[0]/Q
                         net (fo=14, routed)          0.176     1.824    seg/p_0_in[0]
    SLICE_X4Y40          LUT2 (Prop_lut2_I0_O)        0.042     1.866 r  seg/AN_OBUF[3]_inst_i_1/O
                         net (fo=1, routed)           0.663     2.530    AN_OBUF[3]
    J14                  OBUF (Prop_obuf_I_O)         1.312     3.841 r  AN_OBUF[3]_inst/O
                         net (fo=0)                   0.000     3.841    AN[3]
    J14                                                               r  AN[3] (OUT)
  -------------------------------------------------------------------    -------------------





