Copyright 1986-2022 Xilinx, Inc. All Rights Reserved. Copyright 2022-2025 Advanced Micro Devices, Inc. All Rights Reserved.
---------------------------------------------------------------------------------------------------------------------------------------------------------------------------------------------------------------------
| Tool Version : Vivado v.2025.1 (win64) Build 6140274 Thu May 22 00:12:29 MDT 2025
| Date         : Thu Jan 29 22:25:39 2026
| Host         : DESKTOP-UL4A9AD running 64-bit major release  (build 9200)
| Command      : report_timing_summary -max_paths 10 -routable_nets -report_unconstrained -file top_timing_summary_routed.rpt -pb top_timing_summary_routed.pb -rpx top_timing_summary_routed.rpx -warn_on_violation
| Design       : top
| Device       : 7a50t-csg324
| Speed File   : -1  PRODUCTION 1.23 2018-06-13
| Design State : Routed
---------------------------------------------------------------------------------------------------------------------------------------------------------------------------------------------------------------------

Timing Summary Report

------------------------------------------------------------------------------------------------
| Timer Settings
| --------------
------------------------------------------------------------------------------------------------

  Enable Multi Corner Analysis               :  Yes
  Enable Pessimism Removal                   :  Yes
  Pessimism Removal Resolution               :  Nearest Common Node
  Enable Input Delay Default Clock           :  No
  Enable Preset / Clear Arcs                 :  No
  Disable Flight Delays                      :  No
  Ignore I/O Paths                           :  No
  Timing Early Launch at Borrowing Latches   :  No
  Borrow Time for Max Delay Exceptions       :  Yes
  Merge Timing Exceptions                    :  Yes
  Inter-SLR Compensation                     :  Conservative

  Corner  Analyze    Analyze    
  Name    Max Paths  Min Paths  
  ------  ---------  ---------  
  Slow    Yes        Yes        
  Fast    Yes        Yes        


------------------------------------------------------------------------------------------------
| Report Methodology
| ------------------
------------------------------------------------------------------------------------------------

Rule       Severity          Description                    Violations  
---------  ----------------  -----------------------------  ----------  
TIMING-17  Critical Warning  Non-clocked sequential cell    20          
TIMING-18  Warning           Missing input or output delay  35          

Note: This report is based on the most recent report_methodology run and may not be up-to-date. Run report_methodology on the current design for the latest report.



check_timing report

Table of Contents
-----------------
1. checking no_clock (20)
2. checking constant_clock (0)
3. checking pulse_width_clock (0)
4. checking unconstrained_internal_endpoints (42)
5. checking no_input_delay (18)
6. checking no_output_delay (19)
7. checking multiple_clock (0)
8. checking generated_clocks (0)
9. checking loops (0)
10. checking partial_input_delay (0)
11. checking partial_output_delay (0)
12. checking latch_loops (0)

1. checking no_clock (20)
-------------------------
 There are 20 register/latch pins with no clock driven by root clock pin: u_apb_i2c/u_i2c/div_reg[12]/Q (HIGH)


2. checking constant_clock (0)
------------------------------
 There are 0 register/latch pins with constant_clock.


3. checking pulse_width_clock (0)
---------------------------------
 There are 0 register/latch pins which need pulse_width check


4. checking unconstrained_internal_endpoints (42)
-------------------------------------------------
 There are 42 pins that are not constrained for maximum delay. (HIGH)

 There are 0 pins that are not constrained for maximum delay due to constant clock.


5. checking no_input_delay (18)
-------------------------------
 There are 18 input ports with no input delay specified. (HIGH)

 There are 0 input ports with no input delay but user has a false path constraint.


6. checking no_output_delay (19)
--------------------------------
 There are 19 ports with no output delay specified. (HIGH)

 There are 0 ports with no output delay but user has a false path constraint

 There are 0 ports with no output delay but with a timing clock defined on it or propagating through it


7. checking multiple_clock (0)
------------------------------
 There are 0 register/latch pins with multiple clocks.


8. checking generated_clocks (0)
--------------------------------
 There are 0 generated clocks that are not connected to a clock source.


9. checking loops (0)
---------------------
 There are 0 combinational loops in the design.


10. checking partial_input_delay (0)
------------------------------------
 There are 0 input ports with partial input delay specified.


11. checking partial_output_delay (0)
-------------------------------------
 There are 0 ports with partial output delay specified.


12. checking latch_loops (0)
----------------------------
 There are 0 combinational latch loops in the design through latch input



------------------------------------------------------------------------------------------------
| Design Timing Summary
| ---------------------
------------------------------------------------------------------------------------------------

    WNS(ns)      TNS(ns)  TNS Failing Endpoints  TNS Total Endpoints      WHS(ns)      THS(ns)  THS Failing Endpoints  THS Total Endpoints     WPWS(ns)     TPWS(ns)  TPWS Failing Endpoints  TPWS Total Endpoints  
    -------      -------  ---------------------  -------------------      -------      -------  ---------------------  -------------------     --------     --------  ----------------------  --------------------  
      1.540        0.000                      0                 3290        0.041        0.000                      0                 3290        3.750        0.000                       0                   748  


All user specified timing constraints are met.


------------------------------------------------------------------------------------------------
| Clock Summary
| -------------
------------------------------------------------------------------------------------------------

Clock        Waveform(ns)       Period(ns)      Frequency(MHz)
-----        ------------       ----------      --------------
sys_clk_pin  {0.000 5.000}      10.000          100.000         


------------------------------------------------------------------------------------------------
| Intra Clock Table
| -----------------
------------------------------------------------------------------------------------------------

Clock             WNS(ns)      TNS(ns)  TNS Failing Endpoints  TNS Total Endpoints      WHS(ns)      THS(ns)  THS Failing Endpoints  THS Total Endpoints     WPWS(ns)     TPWS(ns)  TPWS Failing Endpoints  TPWS Total Endpoints  
-----             -------      -------  ---------------------  -------------------      -------      -------  ---------------------  -------------------     --------     --------  ----------------------  --------------------  
sys_clk_pin         1.540        0.000                      0                 3290        0.041        0.000                      0                 3290        3.750        0.000                       0                   748  


------------------------------------------------------------------------------------------------
| Inter Clock Table
| -----------------
------------------------------------------------------------------------------------------------

From Clock    To Clock          WNS(ns)      TNS(ns)  TNS Failing Endpoints  TNS Total Endpoints      WHS(ns)      THS(ns)  THS Failing Endpoints  THS Total Endpoints  
----------    --------          -------      -------  ---------------------  -------------------      -------      -------  ---------------------  -------------------  


------------------------------------------------------------------------------------------------
| Other Path Groups Table
| -----------------------
------------------------------------------------------------------------------------------------

Path Group    From Clock    To Clock          WNS(ns)      TNS(ns)  TNS Failing Endpoints  TNS Total Endpoints      WHS(ns)      THS(ns)  THS Failing Endpoints  THS Total Endpoints  
----------    ----------    --------          -------      -------  ---------------------  -------------------      -------      -------  ---------------------  -------------------  


------------------------------------------------------------------------------------------------
| User Ignored Path Table
| -----------------------
------------------------------------------------------------------------------------------------

Path Group    From Clock    To Clock    
----------    ----------    --------    
(none)                      sys_clk_pin   
(none)        sys_clk_pin   sys_clk_pin   


------------------------------------------------------------------------------------------------
| Unconstrained Path Table
| ------------------------
------------------------------------------------------------------------------------------------

Path Group    From Clock    To Clock    
----------    ----------    --------    
(none)                                    
(none)        sys_clk_pin                 
(none)                      sys_clk_pin   


------------------------------------------------------------------------------------------------
| Timing Details
| --------------
------------------------------------------------------------------------------------------------


---------------------------------------------------------------------------------------------------
From Clock:  sys_clk_pin
  To Clock:  sys_clk_pin

Setup :            0  Failing Endpoints,  Worst Slack        1.540ns,  Total Violation        0.000ns
Hold  :            0  Failing Endpoints,  Worst Slack        0.041ns,  Total Violation        0.000ns
PW    :            0  Failing Endpoints,  Worst Slack        3.750ns,  Total Violation        0.000ns
---------------------------------------------------------------------------------------------------


Max Delay Paths
--------------------------------------------------------------------------------------
Slack (MET) :             1.540ns  (required time - arrival time)
  Source:                 <hidden>
                            (rising edge-triggered cell FDRE clocked by sys_clk_pin  {rise@0.000ns fall@5.000ns period=10.000ns})
  Destination:            <hidden>
                            (rising edge-triggered cell RAMB36E1 clocked by sys_clk_pin  {rise@0.000ns fall@5.000ns period=10.000ns})
  Path Group:             sys_clk_pin
  Path Type:              Setup (Max at Slow Process Corner)
  Requirement:            10.000ns  (sys_clk_pin rise@10.000ns - sys_clk_pin rise@0.000ns)
  Data Path Delay:        7.573ns  (logic 2.389ns (31.547%)  route 5.184ns (68.453%))
  Logic Levels:           6  (CARRY4=3 LUT2=1 LUT3=1 LUT5=1)
  Clock Path Skew:        -0.084ns (DCD - SCD + CPR)
    Destination Clock Delay (DCD):    4.851ns = ( 14.851 - 10.000 ) 
    Source Clock Delay      (SCD):    5.116ns
    Clock Pessimism Removal (CPR):    0.180ns
  Clock Uncertainty:      0.035ns  ((TSJ^2 + TIJ^2)^1/2 + DJ) / 2 + PE
    Total System Jitter     (TSJ):    0.071ns
    Total Input Jitter      (TIJ):    0.000ns
    Discrete Jitter          (DJ):    0.000ns
    Phase Error              (PE):    0.000ns

    Location             Delay type                Incr(ns)  Path(ns)    Netlist Resource(s)
  -------------------------------------------------------------------    -------------------
                         (clock sys_clk_pin rise edge)
                                                      0.000     0.000 r  
    E3                                                0.000     0.000 r  clock (IN)
                         net (fo=0)                   0.000     0.000    clock
    E3                   IBUF (Prop_ibuf_I_O)         1.489     1.489 r  clock_IBUF_inst/O
                         net (fo=1, routed)           1.967     3.455    clock_IBUF
    BUFGCTRL_X0Y16       BUFG (Prop_bufg_I_O)         0.096     3.551 r  clock_IBUF_BUFG_inst/O
                         net (fo=747, routed)         1.564     5.116    <hidden>
    SLICE_X47Y35         FDRE                                         r  <hidden>
  -------------------------------------------------------------------    -------------------
    SLICE_X47Y35         FDRE (Prop_fdre_C_Q)         0.419     5.535 f  <hidden>
                         net (fo=22, routed)          1.084     6.619    <hidden>
    SLICE_X48Y36         LUT5 (Prop_lut5_I0_O)        0.327     6.946 r  <hidden>
                         net (fo=1, routed)           0.758     7.704    <hidden>
    SLICE_X49Y29         LUT2 (Prop_lut2_I0_O)        0.332     8.036 r  <hidden>
                         net (fo=1, routed)           0.000     8.036    <hidden>
    SLICE_X49Y29         CARRY4 (Prop_carry4_S[0]_CO[3])
                                                      0.532     8.568 r  <hidden>
                         net (fo=1, routed)           0.000     8.568    <hidden>
    SLICE_X49Y30         CARRY4 (Prop_carry4_CI_CO[3])
                                                      0.114     8.682 r  <hidden>
                         net (fo=1, routed)           0.000     8.682    <hidden>
    SLICE_X49Y31         CARRY4 (Prop_carry4_CI_O[1])
                                                      0.334     9.016 r  <hidden>
                         net (fo=1, routed)           0.849     9.865    <hidden>
    SLICE_X48Y31         LUT3 (Prop_lut3_I0_O)        0.331    10.196 r  <hidden>
                         net (fo=33, routed)          2.493    12.689    <hidden>
    RAMB36_X0Y10         RAMB36E1                                     r  <hidden>
  -------------------------------------------------------------------    -------------------

                         (clock sys_clk_pin rise edge)
                                                     10.000    10.000 r  
    E3                                                0.000    10.000 r  clock (IN)
                         net (fo=0)                   0.000    10.000    clock
    E3                   IBUF (Prop_ibuf_I_O)         1.418    11.418 r  clock_IBUF_inst/O
                         net (fo=1, routed)           1.862    13.280    clock_IBUF
    BUFGCTRL_X0Y16       BUFG (Prop_bufg_I_O)         0.091    13.371 r  clock_IBUF_BUFG_inst/O
                         net (fo=747, routed)         1.480    14.851    <hidden>
    RAMB36_X0Y10         RAMB36E1                                     r  <hidden>
                         clock pessimism              0.180    15.032    
                         clock uncertainty           -0.035    14.996    
    RAMB36_X0Y10         RAMB36E1 (Setup_ramb36e1_CLKBWRCLK_ADDRBWRADDR[9])
                                                     -0.768    14.228    <hidden>
  -------------------------------------------------------------------
                         required time                         14.228    
                         arrival time                         -12.689    
  -------------------------------------------------------------------
                         slack                                  1.540    

Slack (MET) :             1.561ns  (required time - arrival time)
  Source:                 <hidden>
                            (rising edge-triggered cell FDRE clocked by sys_clk_pin  {rise@0.000ns fall@5.000ns period=10.000ns})
  Destination:            <hidden>
                            (rising edge-triggered cell RAMB36E1 clocked by sys_clk_pin  {rise@0.000ns fall@5.000ns period=10.000ns})
  Path Group:             sys_clk_pin
  Path Type:              Setup (Max at Slow Process Corner)
  Requirement:            10.000ns  (sys_clk_pin rise@10.000ns - sys_clk_pin rise@0.000ns)
  Data Path Delay:        7.573ns  (logic 2.389ns (31.547%)  route 5.184ns (68.453%))
  Logic Levels:           6  (CARRY4=3 LUT2=1 LUT3=1 LUT5=1)
  Clock Path Skew:        -0.063ns (DCD - SCD + CPR)
    Destination Clock Delay (DCD):    4.866ns = ( 14.866 - 10.000 ) 
    Source Clock Delay      (SCD):    5.116ns
    Clock Pessimism Removal (CPR):    0.187ns
  Clock Uncertainty:      0.035ns  ((TSJ^2 + TIJ^2)^1/2 + DJ) / 2 + PE
    Total System Jitter     (TSJ):    0.071ns
    Total Input Jitter      (TIJ):    0.000ns
    Discrete Jitter          (DJ):    0.000ns
    Phase Error              (PE):    0.000ns

    Location             Delay type                Incr(ns)  Path(ns)    Netlist Resource(s)
  -------------------------------------------------------------------    -------------------
                         (clock sys_clk_pin rise edge)
                                                      0.000     0.000 r  
    E3                                                0.000     0.000 r  clock (IN)
                         net (fo=0)                   0.000     0.000    clock
    E3                   IBUF (Prop_ibuf_I_O)         1.489     1.489 r  clock_IBUF_inst/O
                         net (fo=1, routed)           1.967     3.455    clock_IBUF
    BUFGCTRL_X0Y16       BUFG (Prop_bufg_I_O)         0.096     3.551 r  clock_IBUF_BUFG_inst/O
                         net (fo=747, routed)         1.564     5.116    <hidden>
    SLICE_X47Y35         FDRE                                         r  <hidden>
  -------------------------------------------------------------------    -------------------
    SLICE_X47Y35         FDRE (Prop_fdre_C_Q)         0.419     5.535 f  <hidden>
                         net (fo=22, routed)          1.084     6.619    <hidden>
    SLICE_X48Y36         LUT5 (Prop_lut5_I0_O)        0.327     6.946 r  <hidden>
                         net (fo=1, routed)           0.758     7.704    <hidden>
    SLICE_X49Y29         LUT2 (Prop_lut2_I0_O)        0.332     8.036 r  <hidden>
                         net (fo=1, routed)           0.000     8.036    <hidden>
    SLICE_X49Y29         CARRY4 (Prop_carry4_S[0]_CO[3])
                                                      0.532     8.568 r  <hidden>
                         net (fo=1, routed)           0.000     8.568    <hidden>
    SLICE_X49Y30         CARRY4 (Prop_carry4_CI_CO[3])
                                                      0.114     8.682 r  <hidden>
                         net (fo=1, routed)           0.000     8.682    <hidden>
    SLICE_X49Y31         CARRY4 (Prop_carry4_CI_O[1])
                                                      0.334     9.016 r  <hidden>
                         net (fo=1, routed)           0.849     9.865    <hidden>
    SLICE_X48Y31         LUT3 (Prop_lut3_I0_O)        0.331    10.196 r  <hidden>
                         net (fo=33, routed)          2.493    12.689    <hidden>
    RAMB36_X0Y8          RAMB36E1                                     r  <hidden>
  -------------------------------------------------------------------    -------------------

                         (clock sys_clk_pin rise edge)
                                                     10.000    10.000 r  
    E3                                                0.000    10.000 r  clock (IN)
                         net (fo=0)                   0.000    10.000    clock
    E3                   IBUF (Prop_ibuf_I_O)         1.418    11.418 r  clock_IBUF_inst/O
                         net (fo=1, routed)           1.862    13.280    clock_IBUF
    BUFGCTRL_X0Y16       BUFG (Prop_bufg_I_O)         0.091    13.371 r  clock_IBUF_BUFG_inst/O
                         net (fo=747, routed)         1.495    14.866    <hidden>
    RAMB36_X0Y8          RAMB36E1                                     r  <hidden>
                         clock pessimism              0.187    15.053    
                         clock uncertainty           -0.035    15.018    
    RAMB36_X0Y8          RAMB36E1 (Setup_ramb36e1_CLKBWRCLK_ADDRBWRADDR[9])
                                                     -0.768    14.250    <hidden>
  -------------------------------------------------------------------
                         required time                         14.250    
                         arrival time                         -12.689    
  -------------------------------------------------------------------
                         slack                                  1.561    

Slack (MET) :             1.756ns  (required time - arrival time)
  Source:                 <hidden>
                            (rising edge-triggered cell FDRE clocked by sys_clk_pin  {rise@0.000ns fall@5.000ns period=10.000ns})
  Destination:            <hidden>
                            (rising edge-triggered cell RAMB36E1 clocked by sys_clk_pin  {rise@0.000ns fall@5.000ns period=10.000ns})
  Path Group:             sys_clk_pin
  Path Type:              Setup (Max at Slow Process Corner)
  Requirement:            10.000ns  (sys_clk_pin rise@10.000ns - sys_clk_pin rise@0.000ns)
  Data Path Delay:        7.683ns  (logic 1.742ns (22.673%)  route 5.941ns (77.327%))
  Logic Levels:           6  (CARRY4=3 LUT2=1 LUT6=2)
  Clock Path Skew:        -0.082ns (DCD - SCD + CPR)
    Destination Clock Delay (DCD):    4.851ns = ( 14.851 - 10.000 ) 
    Source Clock Delay      (SCD):    5.114ns
    Clock Pessimism Removal (CPR):    0.180ns
  Clock Uncertainty:      0.035ns  ((TSJ^2 + TIJ^2)^1/2 + DJ) / 2 + PE
    Total System Jitter     (TSJ):    0.071ns
    Total Input Jitter      (TIJ):    0.000ns
    Discrete Jitter          (DJ):    0.000ns
    Phase Error              (PE):    0.000ns

    Location             Delay type                Incr(ns)  Path(ns)    Netlist Resource(s)
  -------------------------------------------------------------------    -------------------
                         (clock sys_clk_pin rise edge)
                                                      0.000     0.000 r  
    E3                                                0.000     0.000 r  clock (IN)
                         net (fo=0)                   0.000     0.000    clock
    E3                   IBUF (Prop_ibuf_I_O)         1.489     1.489 r  clock_IBUF_inst/O
                         net (fo=1, routed)           1.967     3.455    clock_IBUF
    BUFGCTRL_X0Y16       BUFG (Prop_bufg_I_O)         0.096     3.551 r  clock_IBUF_BUFG_inst/O
                         net (fo=747, routed)         1.562     5.114    <hidden>
    SLICE_X39Y35         FDRE                                         r  <hidden>
  -------------------------------------------------------------------    -------------------
    SLICE_X39Y35         FDRE (Prop_fdre_C_Q)         0.419     5.533 f  <hidden>
                         net (fo=1, routed)           1.284     6.817    <hidden>
    SLICE_X43Y32         LUT6 (Prop_lut6_I2_O)        0.297     7.114 r  <hidden>
                         net (fo=1, routed)           0.000     7.114    <hidden>
    SLICE_X43Y32         CARRY4 (Prop_carry4_S[1]_CO[3])
                                                      0.550     7.664 r  <hidden>
                         net (fo=1, routed)           0.000     7.664    <hidden>
    SLICE_X43Y33         CARRY4 (Prop_carry4_CI_CO[3])
                                                      0.114     7.778 r  <hidden>
                         net (fo=1, routed)           0.000     7.778    <hidden>
    SLICE_X43Y34         CARRY4 (Prop_carry4_CI_CO[3])
                                                      0.114     7.892 r  <hidden>
                         net (fo=2, routed)           0.758     8.650    <hidden>
    SLICE_X47Y35         LUT6 (Prop_lut6_I5_O)        0.124     8.774 r  <hidden>
                         net (fo=9, routed)           1.026     9.800    <hidden>
    SLICE_X56Y36         LUT2 (Prop_lut2_I1_O)        0.124     9.924 r  <hidden>
                         net (fo=10, routed)          2.873    12.797    <hidden>
    RAMB36_X0Y10         RAMB36E1                                     r  <hidden>
  -------------------------------------------------------------------    -------------------

                         (clock sys_clk_pin rise edge)
                                                     10.000    10.000 r  
    E3                                                0.000    10.000 r  clock (IN)
                         net (fo=0)                   0.000    10.000    clock
    E3                   IBUF (Prop_ibuf_I_O)         1.418    11.418 r  clock_IBUF_inst/O
                         net (fo=1, routed)           1.862    13.280    clock_IBUF
    BUFGCTRL_X0Y16       BUFG (Prop_bufg_I_O)         0.091    13.371 r  clock_IBUF_BUFG_inst/O
                         net (fo=747, routed)         1.480    14.851    <hidden>
    RAMB36_X0Y10         RAMB36E1                                     r  <hidden>
                         clock pessimism              0.180    15.032    
                         clock uncertainty           -0.035    14.996    
    RAMB36_X0Y10         RAMB36E1 (Setup_ramb36e1_CLKBWRCLK_ENBWREN)
                                                     -0.443    14.553    <hidden>
  -------------------------------------------------------------------
                         required time                         14.553    
                         arrival time                         -12.797    
  -------------------------------------------------------------------
                         slack                                  1.756    

Slack (MET) :             1.774ns  (required time - arrival time)
  Source:                 <hidden>
                            (rising edge-triggered cell FDRE clocked by sys_clk_pin  {rise@0.000ns fall@5.000ns period=10.000ns})
  Destination:            <hidden>
                            (rising edge-triggered cell RAMB36E1 clocked by sys_clk_pin  {rise@0.000ns fall@5.000ns period=10.000ns})
  Path Group:             sys_clk_pin
  Path Type:              Setup (Max at Slow Process Corner)
  Requirement:            10.000ns  (sys_clk_pin rise@10.000ns - sys_clk_pin rise@0.000ns)
  Data Path Delay:        7.474ns  (logic 1.735ns (23.215%)  route 5.739ns (76.785%))
  Logic Levels:           6  (CARRY4=3 LUT2=1 LUT6=2)
  Clock Path Skew:        -0.067ns (DCD - SCD + CPR)
    Destination Clock Delay (DCD):    4.860ns = ( 14.860 - 10.000 ) 
    Source Clock Delay      (SCD):    5.114ns
    Clock Pessimism Removal (CPR):    0.187ns
  Clock Uncertainty:      0.035ns  ((TSJ^2 + TIJ^2)^1/2 + DJ) / 2 + PE
    Total System Jitter     (TSJ):    0.071ns
    Total Input Jitter      (TIJ):    0.000ns
    Discrete Jitter          (DJ):    0.000ns
    Phase Error              (PE):    0.000ns

    Location             Delay type                Incr(ns)  Path(ns)    Netlist Resource(s)
  -------------------------------------------------------------------    -------------------
                         (clock sys_clk_pin rise edge)
                                                      0.000     0.000 r  
    E3                                                0.000     0.000 r  clock (IN)
                         net (fo=0)                   0.000     0.000    clock
    E3                   IBUF (Prop_ibuf_I_O)         1.489     1.489 r  clock_IBUF_inst/O
                         net (fo=1, routed)           1.967     3.455    clock_IBUF
    BUFGCTRL_X0Y16       BUFG (Prop_bufg_I_O)         0.096     3.551 r  clock_IBUF_BUFG_inst/O
                         net (fo=747, routed)         1.562     5.114    <hidden>
    SLICE_X39Y35         FDRE                                         r  <hidden>
  -------------------------------------------------------------------    -------------------
    SLICE_X39Y35         FDRE (Prop_fdre_C_Q)         0.419     5.533 f  <hidden>
                         net (fo=1, routed)           1.284     6.817    <hidden>
    SLICE_X43Y32         LUT6 (Prop_lut6_I2_O)        0.297     7.114 r  <hidden>
                         net (fo=1, routed)           0.000     7.114    <hidden>
    SLICE_X43Y32         CARRY4 (Prop_carry4_S[1]_CO[3])
                                                      0.550     7.664 r  <hidden>
                         net (fo=1, routed)           0.000     7.664    <hidden>
    SLICE_X43Y33         CARRY4 (Prop_carry4_CI_CO[3])
                                                      0.114     7.778 r  <hidden>
                         net (fo=1, routed)           0.000     7.778    <hidden>
    SLICE_X43Y34         CARRY4 (Prop_carry4_CI_CO[3])
                                                      0.114     7.892 r  <hidden>
                         net (fo=2, routed)           0.758     8.650    <hidden>
    SLICE_X47Y35         LUT6 (Prop_lut6_I5_O)        0.124     8.774 r  <hidden>
                         net (fo=9, routed)           1.022     9.796    <hidden>
    SLICE_X56Y36         LUT2 (Prop_lut2_I1_O)        0.117     9.913 r  <hidden>
                         net (fo=10, routed)          2.674    12.587    <hidden>
    RAMB36_X0Y3          RAMB36E1                                     r  <hidden>
  -------------------------------------------------------------------    -------------------

                         (clock sys_clk_pin rise edge)
                                                     10.000    10.000 r  
    E3                                                0.000    10.000 r  clock (IN)
                         net (fo=0)                   0.000    10.000    clock
    E3                   IBUF (Prop_ibuf_I_O)         1.418    11.418 r  clock_IBUF_inst/O
                         net (fo=1, routed)           1.862    13.280    clock_IBUF
    BUFGCTRL_X0Y16       BUFG (Prop_bufg_I_O)         0.091    13.371 r  clock_IBUF_BUFG_inst/O
                         net (fo=747, routed)         1.489    14.860    <hidden>
    RAMB36_X0Y3          RAMB36E1                                     r  <hidden>
                         clock pessimism              0.187    15.047    
                         clock uncertainty           -0.035    15.012    
    RAMB36_X0Y3          RAMB36E1 (Setup_ramb36e1_CLKBWRCLK_ENBWREN)
                                                     -0.650    14.362    <hidden>
  -------------------------------------------------------------------
                         required time                         14.362    
                         arrival time                         -12.587    
  -------------------------------------------------------------------
                         slack                                  1.774    

Slack (MET) :             1.791ns  (required time - arrival time)
  Source:                 <hidden>
                            (rising edge-triggered cell FDRE clocked by sys_clk_pin  {rise@0.000ns fall@5.000ns period=10.000ns})
  Destination:            <hidden>
                            (rising edge-triggered cell RAMB36E1 clocked by sys_clk_pin  {rise@0.000ns fall@5.000ns period=10.000ns})
  Path Group:             sys_clk_pin
  Path Type:              Setup (Max at Slow Process Corner)
  Requirement:            10.000ns  (sys_clk_pin rise@10.000ns - sys_clk_pin rise@0.000ns)
  Data Path Delay:        7.341ns  (logic 2.389ns (32.544%)  route 4.952ns (67.456%))
  Logic Levels:           6  (CARRY4=3 LUT2=1 LUT3=1 LUT5=1)
  Clock Path Skew:        -0.065ns (DCD - SCD + CPR)
    Destination Clock Delay (DCD):    4.864ns = ( 14.864 - 10.000 ) 
    Source Clock Delay      (SCD):    5.116ns
    Clock Pessimism Removal (CPR):    0.187ns
  Clock Uncertainty:      0.035ns  ((TSJ^2 + TIJ^2)^1/2 + DJ) / 2 + PE
    Total System Jitter     (TSJ):    0.071ns
    Total Input Jitter      (TIJ):    0.000ns
    Discrete Jitter          (DJ):    0.000ns
    Phase Error              (PE):    0.000ns

    Location             Delay type                Incr(ns)  Path(ns)    Netlist Resource(s)
  -------------------------------------------------------------------    -------------------
                         (clock sys_clk_pin rise edge)
                                                      0.000     0.000 r  
    E3                                                0.000     0.000 r  clock (IN)
                         net (fo=0)                   0.000     0.000    clock
    E3                   IBUF (Prop_ibuf_I_O)         1.489     1.489 r  clock_IBUF_inst/O
                         net (fo=1, routed)           1.967     3.455    clock_IBUF
    BUFGCTRL_X0Y16       BUFG (Prop_bufg_I_O)         0.096     3.551 r  clock_IBUF_BUFG_inst/O
                         net (fo=747, routed)         1.564     5.116    <hidden>
    SLICE_X47Y35         FDRE                                         r  <hidden>
  -------------------------------------------------------------------    -------------------
    SLICE_X47Y35         FDRE (Prop_fdre_C_Q)         0.419     5.535 f  <hidden>
                         net (fo=22, routed)          1.084     6.619    <hidden>
    SLICE_X48Y36         LUT5 (Prop_lut5_I0_O)        0.327     6.946 r  <hidden>
                         net (fo=1, routed)           0.758     7.704    <hidden>
    SLICE_X49Y29         LUT2 (Prop_lut2_I0_O)        0.332     8.036 r  <hidden>
                         net (fo=1, routed)           0.000     8.036    <hidden>
    SLICE_X49Y29         CARRY4 (Prop_carry4_S[0]_CO[3])
                                                      0.532     8.568 r  <hidden>
                         net (fo=1, routed)           0.000     8.568    <hidden>
    SLICE_X49Y30         CARRY4 (Prop_carry4_CI_CO[3])
                                                      0.114     8.682 r  <hidden>
                         net (fo=1, routed)           0.000     8.682    <hidden>
    SLICE_X49Y31         CARRY4 (Prop_carry4_CI_O[1])
                                                      0.334     9.016 r  <hidden>
                         net (fo=1, routed)           0.849     9.865    <hidden>
    SLICE_X48Y31         LUT3 (Prop_lut3_I0_O)        0.331    10.196 r  <hidden>
                         net (fo=33, routed)          2.261    12.457    <hidden>
    RAMB36_X0Y2          RAMB36E1                                     r  <hidden>
  -------------------------------------------------------------------    -------------------

                         (clock sys_clk_pin rise edge)
                                                     10.000    10.000 r  
    E3                                                0.000    10.000 r  clock (IN)
                         net (fo=0)                   0.000    10.000    clock
    E3                   IBUF (Prop_ibuf_I_O)         1.418    11.418 r  clock_IBUF_inst/O
                         net (fo=1, routed)           1.862    13.280    clock_IBUF
    BUFGCTRL_X0Y16       BUFG (Prop_bufg_I_O)         0.091    13.371 r  clock_IBUF_BUFG_inst/O
                         net (fo=747, routed)         1.493    14.864    <hidden>
    RAMB36_X0Y2          RAMB36E1                                     r  <hidden>
                         clock pessimism              0.187    15.051    
                         clock uncertainty           -0.035    15.016    
    RAMB36_X0Y2          RAMB36E1 (Setup_ramb36e1_CLKBWRCLK_ADDRBWRADDR[9])
                                                     -0.768    14.248    <hidden>
  -------------------------------------------------------------------
                         required time                         14.248    
                         arrival time                         -12.457    
  -------------------------------------------------------------------
                         slack                                  1.791    

Slack (MET) :             1.805ns  (required time - arrival time)
  Source:                 <hidden>
                            (rising edge-triggered cell FDRE clocked by sys_clk_pin  {rise@0.000ns fall@5.000ns period=10.000ns})
  Destination:            <hidden>
                            (rising edge-triggered cell RAMB36E1 clocked by sys_clk_pin  {rise@0.000ns fall@5.000ns period=10.000ns})
  Path Group:             sys_clk_pin
  Path Type:              Setup (Max at Slow Process Corner)
  Requirement:            10.000ns  (sys_clk_pin rise@10.000ns - sys_clk_pin rise@0.000ns)
  Data Path Delay:        7.448ns  (logic 1.735ns (23.296%)  route 5.713ns (76.704%))
  Logic Levels:           6  (CARRY4=3 LUT2=1 LUT6=2)
  Clock Path Skew:        -0.063ns (DCD - SCD + CPR)
    Destination Clock Delay (DCD):    4.864ns = ( 14.864 - 10.000 ) 
    Source Clock Delay      (SCD):    5.114ns
    Clock Pessimism Removal (CPR):    0.187ns
  Clock Uncertainty:      0.035ns  ((TSJ^2 + TIJ^2)^1/2 + DJ) / 2 + PE
    Total System Jitter     (TSJ):    0.071ns
    Total Input Jitter      (TIJ):    0.000ns
    Discrete Jitter          (DJ):    0.000ns
    Phase Error              (PE):    0.000ns

    Location             Delay type                Incr(ns)  Path(ns)    Netlist Resource(s)
  -------------------------------------------------------------------    -------------------
                         (clock sys_clk_pin rise edge)
                                                      0.000     0.000 r  
    E3                                                0.000     0.000 r  clock (IN)
                         net (fo=0)                   0.000     0.000    clock
    E3                   IBUF (Prop_ibuf_I_O)         1.489     1.489 r  clock_IBUF_inst/O
                         net (fo=1, routed)           1.967     3.455    clock_IBUF
    BUFGCTRL_X0Y16       BUFG (Prop_bufg_I_O)         0.096     3.551 r  clock_IBUF_BUFG_inst/O
                         net (fo=747, routed)         1.562     5.114    <hidden>
    SLICE_X39Y35         FDRE                                         r  <hidden>
  -------------------------------------------------------------------    -------------------
    SLICE_X39Y35         FDRE (Prop_fdre_C_Q)         0.419     5.533 f  <hidden>
                         net (fo=1, routed)           1.284     6.817    <hidden>
    SLICE_X43Y32         LUT6 (Prop_lut6_I2_O)        0.297     7.114 r  <hidden>
                         net (fo=1, routed)           0.000     7.114    <hidden>
    SLICE_X43Y32         CARRY4 (Prop_carry4_S[1]_CO[3])
                                                      0.550     7.664 r  <hidden>
                         net (fo=1, routed)           0.000     7.664    <hidden>
    SLICE_X43Y33         CARRY4 (Prop_carry4_CI_CO[3])
                                                      0.114     7.778 r  <hidden>
                         net (fo=1, routed)           0.000     7.778    <hidden>
    SLICE_X43Y34         CARRY4 (Prop_carry4_CI_CO[3])
                                                      0.114     7.892 r  <hidden>
                         net (fo=2, routed)           0.758     8.650    <hidden>
    SLICE_X47Y35         LUT6 (Prop_lut6_I5_O)        0.124     8.774 r  <hidden>
                         net (fo=9, routed)           1.022     9.796    <hidden>
    SLICE_X56Y36         LUT2 (Prop_lut2_I1_O)        0.117     9.913 r  <hidden>
                         net (fo=10, routed)          2.648    12.561    <hidden>
    RAMB36_X0Y2          RAMB36E1                                     r  <hidden>
  -------------------------------------------------------------------    -------------------

                         (clock sys_clk_pin rise edge)
                                                     10.000    10.000 r  
    E3                                                0.000    10.000 r  clock (IN)
                         net (fo=0)                   0.000    10.000    clock
    E3                   IBUF (Prop_ibuf_I_O)         1.418    11.418 r  clock_IBUF_inst/O
                         net (fo=1, routed)           1.862    13.280    clock_IBUF
    BUFGCTRL_X0Y16       BUFG (Prop_bufg_I_O)         0.091    13.371 r  clock_IBUF_BUFG_inst/O
                         net (fo=747, routed)         1.493    14.864    <hidden>
    RAMB36_X0Y2          RAMB36E1                                     r  <hidden>
                         clock pessimism              0.187    15.051    
                         clock uncertainty           -0.035    15.016    
    RAMB36_X0Y2          RAMB36E1 (Setup_ramb36e1_CLKBWRCLK_ENBWREN)
                                                     -0.650    14.366    <hidden>
  -------------------------------------------------------------------
                         required time                         14.366    
                         arrival time                         -12.561    
  -------------------------------------------------------------------
                         slack                                  1.805    

Slack (MET) :             1.852ns  (required time - arrival time)
  Source:                 <hidden>
                            (rising edge-triggered cell FDRE clocked by sys_clk_pin  {rise@0.000ns fall@5.000ns period=10.000ns})
  Destination:            <hidden>
                            (rising edge-triggered cell RAMB36E1 clocked by sys_clk_pin  {rise@0.000ns fall@5.000ns period=10.000ns})
  Path Group:             sys_clk_pin
  Path Type:              Setup (Max at Slow Process Corner)
  Requirement:            10.000ns  (sys_clk_pin rise@10.000ns - sys_clk_pin rise@0.000ns)
  Data Path Delay:        7.463ns  (logic 2.475ns (33.164%)  route 4.988ns (66.836%))
  Logic Levels:           7  (CARRY4=4 LUT2=1 LUT3=1 LUT5=1)
  Clock Path Skew:        -0.084ns (DCD - SCD + CPR)
    Destination Clock Delay (DCD):    4.851ns = ( 14.851 - 10.000 ) 
    Source Clock Delay      (SCD):    5.116ns
    Clock Pessimism Removal (CPR):    0.180ns
  Clock Uncertainty:      0.035ns  ((TSJ^2 + TIJ^2)^1/2 + DJ) / 2 + PE
    Total System Jitter     (TSJ):    0.071ns
    Total Input Jitter      (TIJ):    0.000ns
    Discrete Jitter          (DJ):    0.000ns
    Phase Error              (PE):    0.000ns

    Location             Delay type                Incr(ns)  Path(ns)    Netlist Resource(s)
  -------------------------------------------------------------------    -------------------
                         (clock sys_clk_pin rise edge)
                                                      0.000     0.000 r  
    E3                                                0.000     0.000 r  clock (IN)
                         net (fo=0)                   0.000     0.000    clock
    E3                   IBUF (Prop_ibuf_I_O)         1.489     1.489 r  clock_IBUF_inst/O
                         net (fo=1, routed)           1.967     3.455    clock_IBUF
    BUFGCTRL_X0Y16       BUFG (Prop_bufg_I_O)         0.096     3.551 r  clock_IBUF_BUFG_inst/O
                         net (fo=747, routed)         1.564     5.116    <hidden>
    SLICE_X47Y35         FDRE                                         r  <hidden>
  -------------------------------------------------------------------    -------------------
    SLICE_X47Y35         FDRE (Prop_fdre_C_Q)         0.419     5.535 f  <hidden>
                         net (fo=22, routed)          1.084     6.619    <hidden>
    SLICE_X48Y36         LUT5 (Prop_lut5_I0_O)        0.327     6.946 r  <hidden>
                         net (fo=1, routed)           0.758     7.704    <hidden>
    SLICE_X49Y29         LUT2 (Prop_lut2_I0_O)        0.332     8.036 r  <hidden>
                         net (fo=1, routed)           0.000     8.036    <hidden>
    SLICE_X49Y29         CARRY4 (Prop_carry4_S[0]_CO[3])
                                                      0.532     8.568 r  <hidden>
                         net (fo=1, routed)           0.000     8.568    <hidden>
    SLICE_X49Y30         CARRY4 (Prop_carry4_CI_CO[3])
                                                      0.114     8.682 r  <hidden>
                         net (fo=1, routed)           0.000     8.682    <hidden>
    SLICE_X49Y31         CARRY4 (Prop_carry4_CI_CO[3])
                                                      0.114     8.796 r  <hidden>
                         net (fo=1, routed)           0.000     8.796    <hidden>
    SLICE_X49Y32         CARRY4 (Prop_carry4_CI_O[1])
                                                      0.334     9.130 r  <hidden>
                         net (fo=1, routed)           0.644     9.774    <hidden>
    SLICE_X48Y32         LUT3 (Prop_lut3_I0_O)        0.303    10.077 r  <hidden>
                         net (fo=33, routed)          2.502    12.579    <hidden>
    RAMB36_X0Y10         RAMB36E1                                     r  <hidden>
  -------------------------------------------------------------------    -------------------

                         (clock sys_clk_pin rise edge)
                                                     10.000    10.000 r  
    E3                                                0.000    10.000 r  clock (IN)
                         net (fo=0)                   0.000    10.000    clock
    E3                   IBUF (Prop_ibuf_I_O)         1.418    11.418 r  clock_IBUF_inst/O
                         net (fo=1, routed)           1.862    13.280    clock_IBUF
    BUFGCTRL_X0Y16       BUFG (Prop_bufg_I_O)         0.091    13.371 r  clock_IBUF_BUFG_inst/O
                         net (fo=747, routed)         1.480    14.851    <hidden>
    RAMB36_X0Y10         RAMB36E1                                     r  <hidden>
                         clock pessimism              0.180    15.032    
                         clock uncertainty           -0.035    14.996    
    RAMB36_X0Y10         RAMB36E1 (Setup_ramb36e1_CLKBWRCLK_ADDRBWRADDR[13])
                                                     -0.566    14.430    <hidden>
  -------------------------------------------------------------------
                         required time                         14.430    
                         arrival time                         -12.579    
  -------------------------------------------------------------------
                         slack                                  1.852    

Slack (MET) :             1.873ns  (required time - arrival time)
  Source:                 <hidden>
                            (rising edge-triggered cell FDRE clocked by sys_clk_pin  {rise@0.000ns fall@5.000ns period=10.000ns})
  Destination:            <hidden>
                            (rising edge-triggered cell RAMB36E1 clocked by sys_clk_pin  {rise@0.000ns fall@5.000ns period=10.000ns})
  Path Group:             sys_clk_pin
  Path Type:              Setup (Max at Slow Process Corner)
  Requirement:            10.000ns  (sys_clk_pin rise@10.000ns - sys_clk_pin rise@0.000ns)
  Data Path Delay:        7.257ns  (logic 2.389ns (32.920%)  route 4.868ns (67.080%))
  Logic Levels:           6  (CARRY4=3 LUT2=1 LUT3=1 LUT5=1)
  Clock Path Skew:        -0.067ns (DCD - SCD + CPR)
    Destination Clock Delay (DCD):    4.862ns = ( 14.862 - 10.000 ) 
    Source Clock Delay      (SCD):    5.116ns
    Clock Pessimism Removal (CPR):    0.187ns
  Clock Uncertainty:      0.035ns  ((TSJ^2 + TIJ^2)^1/2 + DJ) / 2 + PE
    Total System Jitter     (TSJ):    0.071ns
    Total Input Jitter      (TIJ):    0.000ns
    Discrete Jitter          (DJ):    0.000ns
    Phase Error              (PE):    0.000ns

    Location             Delay type                Incr(ns)  Path(ns)    Netlist Resource(s)
  -------------------------------------------------------------------    -------------------
                         (clock sys_clk_pin rise edge)
                                                      0.000     0.000 r  
    E3                                                0.000     0.000 r  clock (IN)
                         net (fo=0)                   0.000     0.000    clock
    E3                   IBUF (Prop_ibuf_I_O)         1.489     1.489 r  clock_IBUF_inst/O
                         net (fo=1, routed)           1.967     3.455    clock_IBUF
    BUFGCTRL_X0Y16       BUFG (Prop_bufg_I_O)         0.096     3.551 r  clock_IBUF_BUFG_inst/O
                         net (fo=747, routed)         1.564     5.116    <hidden>
    SLICE_X47Y35         FDRE                                         r  <hidden>
  -------------------------------------------------------------------    -------------------
    SLICE_X47Y35         FDRE (Prop_fdre_C_Q)         0.419     5.535 f  <hidden>
                         net (fo=22, routed)          1.084     6.619    <hidden>
    SLICE_X48Y36         LUT5 (Prop_lut5_I0_O)        0.327     6.946 r  <hidden>
                         net (fo=1, routed)           0.758     7.704    <hidden>
    SLICE_X49Y29         LUT2 (Prop_lut2_I0_O)        0.332     8.036 r  <hidden>
                         net (fo=1, routed)           0.000     8.036    <hidden>
    SLICE_X49Y29         CARRY4 (Prop_carry4_S[0]_CO[3])
                                                      0.532     8.568 r  <hidden>
                         net (fo=1, routed)           0.000     8.568    <hidden>
    SLICE_X49Y30         CARRY4 (Prop_carry4_CI_CO[3])
                                                      0.114     8.682 r  <hidden>
                         net (fo=1, routed)           0.000     8.682    <hidden>
    SLICE_X49Y31         CARRY4 (Prop_carry4_CI_O[1])
                                                      0.334     9.016 r  <hidden>
                         net (fo=1, routed)           0.849     9.865    <hidden>
    SLICE_X48Y31         LUT3 (Prop_lut3_I0_O)        0.331    10.196 r  <hidden>
                         net (fo=33, routed)          2.177    12.373    <hidden>
    RAMB36_X0Y7          RAMB36E1                                     r  <hidden>
  -------------------------------------------------------------------    -------------------

                         (clock sys_clk_pin rise edge)
                                                     10.000    10.000 r  
    E3                                                0.000    10.000 r  clock (IN)
                         net (fo=0)                   0.000    10.000    clock
    E3                   IBUF (Prop_ibuf_I_O)         1.418    11.418 r  clock_IBUF_inst/O
                         net (fo=1, routed)           1.862    13.280    clock_IBUF
    BUFGCTRL_X0Y16       BUFG (Prop_bufg_I_O)         0.091    13.371 r  clock_IBUF_BUFG_inst/O
                         net (fo=747, routed)         1.491    14.862    <hidden>
    RAMB36_X0Y7          RAMB36E1                                     r  <hidden>
                         clock pessimism              0.187    15.049    
                         clock uncertainty           -0.035    15.014    
    RAMB36_X0Y7          RAMB36E1 (Setup_ramb36e1_CLKBWRCLK_ADDRBWRADDR[9])
                                                     -0.768    14.246    <hidden>
  -------------------------------------------------------------------
                         required time                         14.246    
                         arrival time                         -12.373    
  -------------------------------------------------------------------
                         slack                                  1.873    

Slack (MET) :             1.900ns  (required time - arrival time)
  Source:                 <hidden>
                            (rising edge-triggered cell FDRE clocked by sys_clk_pin  {rise@0.000ns fall@5.000ns period=10.000ns})
  Destination:            <hidden>
                            (rising edge-triggered cell RAMB36E1 clocked by sys_clk_pin  {rise@0.000ns fall@5.000ns period=10.000ns})
  Path Group:             sys_clk_pin
  Path Type:              Setup (Max at Slow Process Corner)
  Requirement:            10.000ns  (sys_clk_pin rise@10.000ns - sys_clk_pin rise@0.000ns)
  Data Path Delay:        7.235ns  (logic 2.389ns (33.021%)  route 4.846ns (66.979%))
  Logic Levels:           6  (CARRY4=3 LUT2=1 LUT3=1 LUT5=1)
  Clock Path Skew:        -0.062ns (DCD - SCD + CPR)
    Destination Clock Delay (DCD):    4.867ns = ( 14.867 - 10.000 ) 
    Source Clock Delay      (SCD):    5.116ns
    Clock Pessimism Removal (CPR):    0.187ns
  Clock Uncertainty:      0.035ns  ((TSJ^2 + TIJ^2)^1/2 + DJ) / 2 + PE
    Total System Jitter     (TSJ):    0.071ns
    Total Input Jitter      (TIJ):    0.000ns
    Discrete Jitter          (DJ):    0.000ns
    Phase Error              (PE):    0.000ns

    Location             Delay type                Incr(ns)  Path(ns)    Netlist Resource(s)
  -------------------------------------------------------------------    -------------------
                         (clock sys_clk_pin rise edge)
                                                      0.000     0.000 r  
    E3                                                0.000     0.000 r  clock (IN)
                         net (fo=0)                   0.000     0.000    clock
    E3                   IBUF (Prop_ibuf_I_O)         1.489     1.489 r  clock_IBUF_inst/O
                         net (fo=1, routed)           1.967     3.455    clock_IBUF
    BUFGCTRL_X0Y16       BUFG (Prop_bufg_I_O)         0.096     3.551 r  clock_IBUF_BUFG_inst/O
                         net (fo=747, routed)         1.564     5.116    <hidden>
    SLICE_X47Y35         FDRE                                         r  <hidden>
  -------------------------------------------------------------------    -------------------
    SLICE_X47Y35         FDRE (Prop_fdre_C_Q)         0.419     5.535 f  <hidden>
                         net (fo=22, routed)          1.084     6.619    <hidden>
    SLICE_X48Y36         LUT5 (Prop_lut5_I0_O)        0.327     6.946 r  <hidden>
                         net (fo=1, routed)           0.758     7.704    <hidden>
    SLICE_X49Y29         LUT2 (Prop_lut2_I0_O)        0.332     8.036 r  <hidden>
                         net (fo=1, routed)           0.000     8.036    <hidden>
    SLICE_X49Y29         CARRY4 (Prop_carry4_S[0]_CO[3])
                                                      0.532     8.568 r  <hidden>
                         net (fo=1, routed)           0.000     8.568    <hidden>
    SLICE_X49Y30         CARRY4 (Prop_carry4_CI_CO[3])
                                                      0.114     8.682 r  <hidden>
                         net (fo=1, routed)           0.000     8.682    <hidden>
    SLICE_X49Y31         CARRY4 (Prop_carry4_CI_O[1])
                                                      0.334     9.016 r  <hidden>
                         net (fo=1, routed)           0.849     9.865    <hidden>
    SLICE_X48Y31         LUT3 (Prop_lut3_I0_O)        0.331    10.196 r  <hidden>
                         net (fo=33, routed)          2.155    12.351    <hidden>
    RAMB36_X0Y9          RAMB36E1                                     r  <hidden>
  -------------------------------------------------------------------    -------------------

                         (clock sys_clk_pin rise edge)
                                                     10.000    10.000 r  
    E3                                                0.000    10.000 r  clock (IN)
                         net (fo=0)                   0.000    10.000    clock
    E3                   IBUF (Prop_ibuf_I_O)         1.418    11.418 r  clock_IBUF_inst/O
                         net (fo=1, routed)           1.862    13.280    clock_IBUF
    BUFGCTRL_X0Y16       BUFG (Prop_bufg_I_O)         0.091    13.371 r  clock_IBUF_BUFG_inst/O
                         net (fo=747, routed)         1.496    14.867    <hidden>
    RAMB36_X0Y9          RAMB36E1                                     r  <hidden>
                         clock pessimism              0.187    15.054    
                         clock uncertainty           -0.035    15.019    
    RAMB36_X0Y9          RAMB36E1 (Setup_ramb36e1_CLKBWRCLK_ADDRBWRADDR[9])
                                                     -0.768    14.251    <hidden>
  -------------------------------------------------------------------
                         required time                         14.251    
                         arrival time                         -12.351    
  -------------------------------------------------------------------
                         slack                                  1.900    

Slack (MET) :             1.916ns  (required time - arrival time)
  Source:                 <hidden>
                            (rising edge-triggered cell FDRE clocked by sys_clk_pin  {rise@0.000ns fall@5.000ns period=10.000ns})
  Destination:            <hidden>
                            (rising edge-triggered cell RAMB36E1 clocked by sys_clk_pin  {rise@0.000ns fall@5.000ns period=10.000ns})
  Path Group:             sys_clk_pin
  Path Type:              Setup (Max at Slow Process Corner)
  Requirement:            10.000ns  (sys_clk_pin rise@10.000ns - sys_clk_pin rise@0.000ns)
  Data Path Delay:        7.418ns  (logic 2.475ns (33.365%)  route 4.943ns (66.635%))
  Logic Levels:           7  (CARRY4=4 LUT2=1 LUT3=1 LUT5=1)
  Clock Path Skew:        -0.065ns (DCD - SCD + CPR)
    Destination Clock Delay (DCD):    4.864ns = ( 14.864 - 10.000 ) 
    Source Clock Delay      (SCD):    5.116ns
    Clock Pessimism Removal (CPR):    0.187ns
  Clock Uncertainty:      0.035ns  ((TSJ^2 + TIJ^2)^1/2 + DJ) / 2 + PE
    Total System Jitter     (TSJ):    0.071ns
    Total Input Jitter      (TIJ):    0.000ns
    Discrete Jitter          (DJ):    0.000ns
    Phase Error              (PE):    0.000ns

    Location             Delay type                Incr(ns)  Path(ns)    Netlist Resource(s)
  -------------------------------------------------------------------    -------------------
                         (clock sys_clk_pin rise edge)
                                                      0.000     0.000 r  
    E3                                                0.000     0.000 r  clock (IN)
                         net (fo=0)                   0.000     0.000    clock
    E3                   IBUF (Prop_ibuf_I_O)         1.489     1.489 r  clock_IBUF_inst/O
                         net (fo=1, routed)           1.967     3.455    clock_IBUF
    BUFGCTRL_X0Y16       BUFG (Prop_bufg_I_O)         0.096     3.551 r  clock_IBUF_BUFG_inst/O
                         net (fo=747, routed)         1.564     5.116    <hidden>
    SLICE_X47Y35         FDRE                                         r  <hidden>
  -------------------------------------------------------------------    -------------------
    SLICE_X47Y35         FDRE (Prop_fdre_C_Q)         0.419     5.535 f  <hidden>
                         net (fo=22, routed)          1.084     6.619    <hidden>
    SLICE_X48Y36         LUT5 (Prop_lut5_I0_O)        0.327     6.946 r  <hidden>
                         net (fo=1, routed)           0.758     7.704    <hidden>
    SLICE_X49Y29         LUT2 (Prop_lut2_I0_O)        0.332     8.036 r  <hidden>
                         net (fo=1, routed)           0.000     8.036    <hidden>
    SLICE_X49Y29         CARRY4 (Prop_carry4_S[0]_CO[3])
                                                      0.532     8.568 r  <hidden>
                         net (fo=1, routed)           0.000     8.568    <hidden>
    SLICE_X49Y30         CARRY4 (Prop_carry4_CI_CO[3])
                                                      0.114     8.682 r  <hidden>
                         net (fo=1, routed)           0.000     8.682    <hidden>
    SLICE_X49Y31         CARRY4 (Prop_carry4_CI_CO[3])
                                                      0.114     8.796 r  <hidden>
                         net (fo=1, routed)           0.000     8.796    <hidden>
    SLICE_X49Y32         CARRY4 (Prop_carry4_CI_O[1])
                                                      0.334     9.130 r  <hidden>
                         net (fo=1, routed)           0.644     9.774    <hidden>
    SLICE_X48Y32         LUT3 (Prop_lut3_I0_O)        0.303    10.077 r  <hidden>
                         net (fo=33, routed)          2.457    12.534    <hidden>
    RAMB36_X0Y2          RAMB36E1                                     r  <hidden>
  -------------------------------------------------------------------    -------------------

                         (clock sys_clk_pin rise edge)
                                                     10.000    10.000 r  
    E3                                                0.000    10.000 r  clock (IN)
                         net (fo=0)                   0.000    10.000    clock
    E3                   IBUF (Prop_ibuf_I_O)         1.418    11.418 r  clock_IBUF_inst/O
                         net (fo=1, routed)           1.862    13.280    clock_IBUF
    BUFGCTRL_X0Y16       BUFG (Prop_bufg_I_O)         0.091    13.371 r  clock_IBUF_BUFG_inst/O
                         net (fo=747, routed)         1.493    14.864    <hidden>
    RAMB36_X0Y2          RAMB36E1                                     r  <hidden>
                         clock pessimism              0.187    15.051    
                         clock uncertainty           -0.035    15.016    
    RAMB36_X0Y2          RAMB36E1 (Setup_ramb36e1_CLKBWRCLK_ADDRBWRADDR[13])
                                                     -0.566    14.450    <hidden>
  -------------------------------------------------------------------
                         required time                         14.450    
                         arrival time                         -12.534    
  -------------------------------------------------------------------
                         slack                                  1.916    





Min Delay Paths
--------------------------------------------------------------------------------------
Slack (MET) :             0.041ns  (arrival time - required time)
  Source:                 your_instance_name/inst/iomodule_0/U0/Using_IO_Bus.IO_Write_Data_reg[9]/C
                            (rising edge-triggered cell FDRE clocked by sys_clk_pin  {rise@0.000ns fall@5.000ns period=10.000ns})
  Destination:            u_apb_gpio/buf_gpo_reg[9]/D
                            (rising edge-triggered cell FDRE clocked by sys_clk_pin  {rise@0.000ns fall@5.000ns period=10.000ns})
  Path Group:             sys_clk_pin
  Path Type:              Hold (Min at Fast Process Corner)
  Requirement:            0.000ns  (sys_clk_pin rise@0.000ns - sys_clk_pin rise@0.000ns)
  Data Path Delay:        0.374ns  (logic 0.141ns (37.691%)  route 0.233ns (62.309%))
  Logic Levels:           0  
  Clock Path Skew:        0.261ns (DCD - SCD - CPR)
    Destination Clock Delay (DCD):    1.979ns
    Source Clock Delay      (SCD):    1.468ns
    Clock Pessimism Removal (CPR):    0.250ns

    Location             Delay type                Incr(ns)  Path(ns)    Netlist Resource(s)
  -------------------------------------------------------------------    -------------------
                         (clock sys_clk_pin rise edge)
                                                      0.000     0.000 r  
    E3                                                0.000     0.000 r  clock (IN)
                         net (fo=0)                   0.000     0.000    clock
    E3                   IBUF (Prop_ibuf_I_O)         0.257     0.257 r  clock_IBUF_inst/O
                         net (fo=1, routed)           0.631     0.888    clock_IBUF
    BUFGCTRL_X0Y16       BUFG (Prop_bufg_I_O)         0.026     0.914 r  clock_IBUF_BUFG_inst/O
                         net (fo=747, routed)         0.555     1.468    your_instance_name/inst/iomodule_0/U0/Clk
    SLICE_X36Y22         FDRE                                         r  your_instance_name/inst/iomodule_0/U0/Using_IO_Bus.IO_Write_Data_reg[9]/C
  -------------------------------------------------------------------    -------------------
    SLICE_X36Y22         FDRE (Prop_fdre_C_Q)         0.141     1.609 r  your_instance_name/inst/iomodule_0/U0/Using_IO_Bus.IO_Write_Data_reg[9]/Q
                         net (fo=2, routed)           0.233     1.842    u_apb_gpio/D[9]
    SLICE_X32Y22         FDRE                                         r  u_apb_gpio/buf_gpo_reg[9]/D
  -------------------------------------------------------------------    -------------------

                         (clock sys_clk_pin rise edge)
                                                      0.000     0.000 r  
    E3                                                0.000     0.000 r  clock (IN)
                         net (fo=0)                   0.000     0.000    clock
    E3                   IBUF (Prop_ibuf_I_O)         0.445     0.445 r  clock_IBUF_inst/O
                         net (fo=1, routed)           0.685     1.129    clock_IBUF
    BUFGCTRL_X0Y16       BUFG (Prop_bufg_I_O)         0.029     1.158 r  clock_IBUF_BUFG_inst/O
                         net (fo=747, routed)         0.821     1.979    u_apb_gpio/CLK
    SLICE_X32Y22         FDRE                                         r  u_apb_gpio/buf_gpo_reg[9]/C
                         clock pessimism             -0.250     1.729    
    SLICE_X32Y22         FDRE (Hold_fdre_C_D)         0.072     1.801    u_apb_gpio/buf_gpo_reg[9]
  -------------------------------------------------------------------
                         required time                         -1.801    
                         arrival time                           1.842    
  -------------------------------------------------------------------
                         slack                                  0.041    

Slack (MET) :             0.068ns  (arrival time - required time)
  Source:                 your_instance_name/inst/iomodule_0/U0/Using_IO_Bus.IO_Write_Data_reg[4]/C
                            (rising edge-triggered cell FDRE clocked by sys_clk_pin  {rise@0.000ns fall@5.000ns period=10.000ns})
  Destination:            u_apb_gpio/buf_gpo_reg[4]/D
                            (rising edge-triggered cell FDRE clocked by sys_clk_pin  {rise@0.000ns fall@5.000ns period=10.000ns})
  Path Group:             sys_clk_pin
  Path Type:              Hold (Min at Fast Process Corner)
  Requirement:            0.000ns  (sys_clk_pin rise@0.000ns - sys_clk_pin rise@0.000ns)
  Data Path Delay:        0.380ns  (logic 0.164ns (43.116%)  route 0.216ns (56.884%))
  Logic Levels:           0  
  Clock Path Skew:        0.260ns (DCD - SCD - CPR)
    Destination Clock Delay (DCD):    1.975ns
    Source Clock Delay      (SCD):    1.465ns
    Clock Pessimism Removal (CPR):    0.250ns

    Location             Delay type                Incr(ns)  Path(ns)    Netlist Resource(s)
  -------------------------------------------------------------------    -------------------
                         (clock sys_clk_pin rise edge)
                                                      0.000     0.000 r  
    E3                                                0.000     0.000 r  clock (IN)
                         net (fo=0)                   0.000     0.000    clock
    E3                   IBUF (Prop_ibuf_I_O)         0.257     0.257 r  clock_IBUF_inst/O
                         net (fo=1, routed)           0.631     0.888    clock_IBUF
    BUFGCTRL_X0Y16       BUFG (Prop_bufg_I_O)         0.026     0.914 r  clock_IBUF_BUFG_inst/O
                         net (fo=747, routed)         0.552     1.465    your_instance_name/inst/iomodule_0/U0/Clk
    SLICE_X38Y24         FDRE                                         r  your_instance_name/inst/iomodule_0/U0/Using_IO_Bus.IO_Write_Data_reg[4]/C
  -------------------------------------------------------------------    -------------------
    SLICE_X38Y24         FDRE (Prop_fdre_C_Q)         0.164     1.629 r  your_instance_name/inst/iomodule_0/U0/Using_IO_Bus.IO_Write_Data_reg[4]/Q
                         net (fo=3, routed)           0.216     1.846    u_apb_gpio/D[4]
    SLICE_X34Y25         FDRE                                         r  u_apb_gpio/buf_gpo_reg[4]/D
  -------------------------------------------------------------------    -------------------

                         (clock sys_clk_pin rise edge)
                                                      0.000     0.000 r  
    E3                                                0.000     0.000 r  clock (IN)
                         net (fo=0)                   0.000     0.000    clock
    E3                   IBUF (Prop_ibuf_I_O)         0.445     0.445 r  clock_IBUF_inst/O
                         net (fo=1, routed)           0.685     1.129    clock_IBUF
    BUFGCTRL_X0Y16       BUFG (Prop_bufg_I_O)         0.029     1.158 r  clock_IBUF_BUFG_inst/O
                         net (fo=747, routed)         0.817     1.975    u_apb_gpio/CLK
    SLICE_X34Y25         FDRE                                         r  u_apb_gpio/buf_gpo_reg[4]/C
                         clock pessimism             -0.250     1.725    
    SLICE_X34Y25         FDRE (Hold_fdre_C_D)         0.052     1.777    u_apb_gpio/buf_gpo_reg[4]
  -------------------------------------------------------------------
                         required time                         -1.777    
                         arrival time                           1.846    
  -------------------------------------------------------------------
                         slack                                  0.068    

Slack (MET) :             0.085ns  (arrival time - required time)
  Source:                 <hidden>
                            (rising edge-triggered cell FDRE clocked by sys_clk_pin  {rise@0.000ns fall@5.000ns period=10.000ns})
  Destination:            <hidden>
                            (rising edge-triggered cell RAMD32 clocked by sys_clk_pin  {rise@0.000ns fall@5.000ns period=10.000ns})
  Path Group:             sys_clk_pin
  Path Type:              Hold (Min at Fast Process Corner)
  Requirement:            0.000ns  (sys_clk_pin rise@0.000ns - sys_clk_pin rise@0.000ns)
  Data Path Delay:        0.338ns  (logic 0.141ns (41.683%)  route 0.197ns (58.317%))
  Logic Levels:           0  
  Clock Path Skew:        0.013ns (DCD - SCD - CPR)
    Destination Clock Delay (DCD):    1.987ns
    Source Clock Delay      (SCD):    1.474ns
    Clock Pessimism Removal (CPR):    0.500ns

    Location             Delay type                Incr(ns)  Path(ns)    Netlist Resource(s)
  -------------------------------------------------------------------    -------------------
                         (clock sys_clk_pin rise edge)
                                                      0.000     0.000 r  
    E3                                                0.000     0.000 r  clock (IN)
                         net (fo=0)                   0.000     0.000    clock
    E3                   IBUF (Prop_ibuf_I_O)         0.257     0.257 r  clock_IBUF_inst/O
                         net (fo=1, routed)           0.631     0.888    clock_IBUF
    BUFGCTRL_X0Y16       BUFG (Prop_bufg_I_O)         0.026     0.914 r  clock_IBUF_BUFG_inst/O
                         net (fo=747, routed)         0.561     1.474    <hidden>
    SLICE_X43Y34         FDRE                                         r  <hidden>
  -------------------------------------------------------------------    -------------------
    SLICE_X43Y34         FDRE (Prop_fdre_C_Q)         0.141     1.615 r  <hidden>
                         net (fo=195, routed)         0.197     1.813    <hidden>
    SLICE_X42Y34         RAMD32                                       r  <hidden>
  -------------------------------------------------------------------    -------------------

                         (clock sys_clk_pin rise edge)
                                                      0.000     0.000 r  
    E3                                                0.000     0.000 r  clock (IN)
                         net (fo=0)                   0.000     0.000    clock
    E3                   IBUF (Prop_ibuf_I_O)         0.445     0.445 r  clock_IBUF_inst/O
                         net (fo=1, routed)           0.685     1.129    clock_IBUF
    BUFGCTRL_X0Y16       BUFG (Prop_bufg_I_O)         0.029     1.158 r  clock_IBUF_BUFG_inst/O
                         net (fo=747, routed)         0.829     1.987    <hidden>
    SLICE_X42Y34         RAMD32                                       r  <hidden>
                         clock pessimism             -0.500     1.487    
    SLICE_X42Y34         RAMD32 (Hold_ramd32_CLK_WADR3)
                                                      0.240     1.727    <hidden>
  -------------------------------------------------------------------
                         required time                         -1.727    
                         arrival time                           1.813    
  -------------------------------------------------------------------
                         slack                                  0.085    

Slack (MET) :             0.085ns  (arrival time - required time)
  Source:                 <hidden>
                            (rising edge-triggered cell FDRE clocked by sys_clk_pin  {rise@0.000ns fall@5.000ns period=10.000ns})
  Destination:            <hidden>
                            (rising edge-triggered cell RAMD32 clocked by sys_clk_pin  {rise@0.000ns fall@5.000ns period=10.000ns})
  Path Group:             sys_clk_pin
  Path Type:              Hold (Min at Fast Process Corner)
  Requirement:            0.000ns  (sys_clk_pin rise@0.000ns - sys_clk_pin rise@0.000ns)
  Data Path Delay:        0.338ns  (logic 0.141ns (41.683%)  route 0.197ns (58.317%))
  Logic Levels:           0  
  Clock Path Skew:        0.013ns (DCD - SCD - CPR)
    Destination Clock Delay (DCD):    1.987ns
    Source Clock Delay      (SCD):    1.474ns
    Clock Pessimism Removal (CPR):    0.500ns

    Location             Delay type                Incr(ns)  Path(ns)    Netlist Resource(s)
  -------------------------------------------------------------------    -------------------
                         (clock sys_clk_pin rise edge)
                                                      0.000     0.000 r  
    E3                                                0.000     0.000 r  clock (IN)
                         net (fo=0)                   0.000     0.000    clock
    E3                   IBUF (Prop_ibuf_I_O)         0.257     0.257 r  clock_IBUF_inst/O
                         net (fo=1, routed)           0.631     0.888    clock_IBUF
    BUFGCTRL_X0Y16       BUFG (Prop_bufg_I_O)         0.026     0.914 r  clock_IBUF_BUFG_inst/O
                         net (fo=747, routed)         0.561     1.474    <hidden>
    SLICE_X43Y34         FDRE                                         r  <hidden>
  -------------------------------------------------------------------    -------------------
    SLICE_X43Y34         FDRE (Prop_fdre_C_Q)         0.141     1.615 r  <hidden>
                         net (fo=195, routed)         0.197     1.813    <hidden>
    SLICE_X42Y34         RAMD32                                       r  <hidden>
  -------------------------------------------------------------------    -------------------

                         (clock sys_clk_pin rise edge)
                                                      0.000     0.000 r  
    E3                                                0.000     0.000 r  clock (IN)
                         net (fo=0)                   0.000     0.000    clock
    E3                   IBUF (Prop_ibuf_I_O)         0.445     0.445 r  clock_IBUF_inst/O
                         net (fo=1, routed)           0.685     1.129    clock_IBUF
    BUFGCTRL_X0Y16       BUFG (Prop_bufg_I_O)         0.029     1.158 r  clock_IBUF_BUFG_inst/O
                         net (fo=747, routed)         0.829     1.987    <hidden>
    SLICE_X42Y34         RAMD32                                       r  <hidden>
                         clock pessimism             -0.500     1.487    
    SLICE_X42Y34         RAMD32 (Hold_ramd32_CLK_WADR3)
                                                      0.240     1.727    <hidden>
  -------------------------------------------------------------------
                         required time                         -1.727    
                         arrival time                           1.813    
  -------------------------------------------------------------------
                         slack                                  0.085    

Slack (MET) :             0.085ns  (arrival time - required time)
  Source:                 <hidden>
                            (rising edge-triggered cell FDRE clocked by sys_clk_pin  {rise@0.000ns fall@5.000ns period=10.000ns})
  Destination:            <hidden>
                            (rising edge-triggered cell RAMD32 clocked by sys_clk_pin  {rise@0.000ns fall@5.000ns period=10.000ns})
  Path Group:             sys_clk_pin
  Path Type:              Hold (Min at Fast Process Corner)
  Requirement:            0.000ns  (sys_clk_pin rise@0.000ns - sys_clk_pin rise@0.000ns)
  Data Path Delay:        0.338ns  (logic 0.141ns (41.683%)  route 0.197ns (58.317%))
  Logic Levels:           0  
  Clock Path Skew:        0.013ns (DCD - SCD - CPR)
    Destination Clock Delay (DCD):    1.987ns
    Source Clock Delay      (SCD):    1.474ns
    Clock Pessimism Removal (CPR):    0.500ns

    Location             Delay type                Incr(ns)  Path(ns)    Netlist Resource(s)
  -------------------------------------------------------------------    -------------------
                         (clock sys_clk_pin rise edge)
                                                      0.000     0.000 r  
    E3                                                0.000     0.000 r  clock (IN)
                         net (fo=0)                   0.000     0.000    clock
    E3                   IBUF (Prop_ibuf_I_O)         0.257     0.257 r  clock_IBUF_inst/O
                         net (fo=1, routed)           0.631     0.888    clock_IBUF
    BUFGCTRL_X0Y16       BUFG (Prop_bufg_I_O)         0.026     0.914 r  clock_IBUF_BUFG_inst/O
                         net (fo=747, routed)         0.561     1.474    <hidden>
    SLICE_X43Y34         FDRE                                         r  <hidden>
  -------------------------------------------------------------------    -------------------
    SLICE_X43Y34         FDRE (Prop_fdre_C_Q)         0.141     1.615 r  <hidden>
                         net (fo=195, routed)         0.197     1.813    <hidden>
    SLICE_X42Y34         RAMD32                                       r  <hidden>
  -------------------------------------------------------------------    -------------------

                         (clock sys_clk_pin rise edge)
                                                      0.000     0.000 r  
    E3                                                0.000     0.000 r  clock (IN)
                         net (fo=0)                   0.000     0.000    clock
    E3                   IBUF (Prop_ibuf_I_O)         0.445     0.445 r  clock_IBUF_inst/O
                         net (fo=1, routed)           0.685     1.129    clock_IBUF
    BUFGCTRL_X0Y16       BUFG (Prop_bufg_I_O)         0.029     1.158 r  clock_IBUF_BUFG_inst/O
                         net (fo=747, routed)         0.829     1.987    <hidden>
    SLICE_X42Y34         RAMD32                                       r  <hidden>
                         clock pessimism             -0.500     1.487    
    SLICE_X42Y34         RAMD32 (Hold_ramd32_CLK_WADR3)
                                                      0.240     1.727    <hidden>
  -------------------------------------------------------------------
                         required time                         -1.727    
                         arrival time                           1.813    
  -------------------------------------------------------------------
                         slack                                  0.085    

Slack (MET) :             0.085ns  (arrival time - required time)
  Source:                 <hidden>
                            (rising edge-triggered cell FDRE clocked by sys_clk_pin  {rise@0.000ns fall@5.000ns period=10.000ns})
  Destination:            <hidden>
                            (rising edge-triggered cell RAMD32 clocked by sys_clk_pin  {rise@0.000ns fall@5.000ns period=10.000ns})
  Path Group:             sys_clk_pin
  Path Type:              Hold (Min at Fast Process Corner)
  Requirement:            0.000ns  (sys_clk_pin rise@0.000ns - sys_clk_pin rise@0.000ns)
  Data Path Delay:        0.338ns  (logic 0.141ns (41.683%)  route 0.197ns (58.317%))
  Logic Levels:           0  
  Clock Path Skew:        0.013ns (DCD - SCD - CPR)
    Destination Clock Delay (DCD):    1.987ns
    Source Clock Delay      (SCD):    1.474ns
    Clock Pessimism Removal (CPR):    0.500ns

    Location             Delay type                Incr(ns)  Path(ns)    Netlist Resource(s)
  -------------------------------------------------------------------    -------------------
                         (clock sys_clk_pin rise edge)
                                                      0.000     0.000 r  
    E3                                                0.000     0.000 r  clock (IN)
                         net (fo=0)                   0.000     0.000    clock
    E3                   IBUF (Prop_ibuf_I_O)         0.257     0.257 r  clock_IBUF_inst/O
                         net (fo=1, routed)           0.631     0.888    clock_IBUF
    BUFGCTRL_X0Y16       BUFG (Prop_bufg_I_O)         0.026     0.914 r  clock_IBUF_BUFG_inst/O
                         net (fo=747, routed)         0.561     1.474    <hidden>
    SLICE_X43Y34         FDRE                                         r  <hidden>
  -------------------------------------------------------------------    -------------------
    SLICE_X43Y34         FDRE (Prop_fdre_C_Q)         0.141     1.615 r  <hidden>
                         net (fo=195, routed)         0.197     1.813    <hidden>
    SLICE_X42Y34         RAMD32                                       r  <hidden>
  -------------------------------------------------------------------    -------------------

                         (clock sys_clk_pin rise edge)
                                                      0.000     0.000 r  
    E3                                                0.000     0.000 r  clock (IN)
                         net (fo=0)                   0.000     0.000    clock
    E3                   IBUF (Prop_ibuf_I_O)         0.445     0.445 r  clock_IBUF_inst/O
                         net (fo=1, routed)           0.685     1.129    clock_IBUF
    BUFGCTRL_X0Y16       BUFG (Prop_bufg_I_O)         0.029     1.158 r  clock_IBUF_BUFG_inst/O
                         net (fo=747, routed)         0.829     1.987    <hidden>
    SLICE_X42Y34         RAMD32                                       r  <hidden>
                         clock pessimism             -0.500     1.487    
    SLICE_X42Y34         RAMD32 (Hold_ramd32_CLK_WADR3)
                                                      0.240     1.727    <hidden>
  -------------------------------------------------------------------
                         required time                         -1.727    
                         arrival time                           1.813    
  -------------------------------------------------------------------
                         slack                                  0.085    

Slack (MET) :             0.104ns  (arrival time - required time)
  Source:                 your_instance_name/inst/iomodule_0/U0/Using_IO_Bus.IO_Write_Data_reg[0]/C
                            (rising edge-triggered cell FDRE clocked by sys_clk_pin  {rise@0.000ns fall@5.000ns period=10.000ns})
  Destination:            u_apb_gpio/buf_gpo_reg[0]/D
                            (rising edge-triggered cell FDRE clocked by sys_clk_pin  {rise@0.000ns fall@5.000ns period=10.000ns})
  Path Group:             sys_clk_pin
  Path Type:              Hold (Min at Fast Process Corner)
  Requirement:            0.000ns  (sys_clk_pin rise@0.000ns - sys_clk_pin rise@0.000ns)
  Data Path Delay:        0.436ns  (logic 0.141ns (32.346%)  route 0.295ns (67.654%))
  Logic Levels:           0  
  Clock Path Skew:        0.262ns (DCD - SCD - CPR)
    Destination Clock Delay (DCD):    1.980ns
    Source Clock Delay      (SCD):    1.468ns
    Clock Pessimism Removal (CPR):    0.250ns

    Location             Delay type                Incr(ns)  Path(ns)    Netlist Resource(s)
  -------------------------------------------------------------------    -------------------
                         (clock sys_clk_pin rise edge)
                                                      0.000     0.000 r  
    E3                                                0.000     0.000 r  clock (IN)
                         net (fo=0)                   0.000     0.000    clock
    E3                   IBUF (Prop_ibuf_I_O)         0.257     0.257 r  clock_IBUF_inst/O
                         net (fo=1, routed)           0.631     0.888    clock_IBUF
    BUFGCTRL_X0Y16       BUFG (Prop_bufg_I_O)         0.026     0.914 r  clock_IBUF_BUFG_inst/O
                         net (fo=747, routed)         0.555     1.468    your_instance_name/inst/iomodule_0/U0/Clk
    SLICE_X40Y27         FDRE                                         r  your_instance_name/inst/iomodule_0/U0/Using_IO_Bus.IO_Write_Data_reg[0]/C
  -------------------------------------------------------------------    -------------------
    SLICE_X40Y27         FDRE (Prop_fdre_C_Q)         0.141     1.609 r  your_instance_name/inst/iomodule_0/U0/Using_IO_Bus.IO_Write_Data_reg[0]/Q
                         net (fo=6, routed)           0.295     1.904    u_apb_gpio/D[0]
    SLICE_X29Y27         FDRE                                         r  u_apb_gpio/buf_gpo_reg[0]/D
  -------------------------------------------------------------------    -------------------

                         (clock sys_clk_pin rise edge)
                                                      0.000     0.000 r  
    E3                                                0.000     0.000 r  clock (IN)
                         net (fo=0)                   0.000     0.000    clock
    E3                   IBUF (Prop_ibuf_I_O)         0.445     0.445 r  clock_IBUF_inst/O
                         net (fo=1, routed)           0.685     1.129    clock_IBUF
    BUFGCTRL_X0Y16       BUFG (Prop_bufg_I_O)         0.029     1.158 r  clock_IBUF_BUFG_inst/O
                         net (fo=747, routed)         0.822     1.980    u_apb_gpio/CLK
    SLICE_X29Y27         FDRE                                         r  u_apb_gpio/buf_gpo_reg[0]/C
                         clock pessimism             -0.250     1.730    
    SLICE_X29Y27         FDRE (Hold_fdre_C_D)         0.070     1.800    u_apb_gpio/buf_gpo_reg[0]
  -------------------------------------------------------------------
                         required time                         -1.800    
                         arrival time                           1.904    
  -------------------------------------------------------------------
                         slack                                  0.104    

Slack (MET) :             0.105ns  (arrival time - required time)
  Source:                 your_instance_name/inst/iomodule_0/U0/Using_IO_Bus.IO_Write_Data_reg[10]/C
                            (rising edge-triggered cell FDRE clocked by sys_clk_pin  {rise@0.000ns fall@5.000ns period=10.000ns})
  Destination:            u_apb_gpio/buf_gpo_reg[10]/D
                            (rising edge-triggered cell FDRE clocked by sys_clk_pin  {rise@0.000ns fall@5.000ns period=10.000ns})
  Path Group:             sys_clk_pin
  Path Type:              Hold (Min at Fast Process Corner)
  Requirement:            0.000ns  (sys_clk_pin rise@0.000ns - sys_clk_pin rise@0.000ns)
  Data Path Delay:        0.436ns  (logic 0.141ns (32.303%)  route 0.295ns (67.697%))
  Logic Levels:           0  
  Clock Path Skew:        0.261ns (DCD - SCD - CPR)
    Destination Clock Delay (DCD):    1.979ns
    Source Clock Delay      (SCD):    1.468ns
    Clock Pessimism Removal (CPR):    0.250ns

    Location             Delay type                Incr(ns)  Path(ns)    Netlist Resource(s)
  -------------------------------------------------------------------    -------------------
                         (clock sys_clk_pin rise edge)
                                                      0.000     0.000 r  
    E3                                                0.000     0.000 r  clock (IN)
                         net (fo=0)                   0.000     0.000    clock
    E3                   IBUF (Prop_ibuf_I_O)         0.257     0.257 r  clock_IBUF_inst/O
                         net (fo=1, routed)           0.631     0.888    clock_IBUF
    BUFGCTRL_X0Y16       BUFG (Prop_bufg_I_O)         0.026     0.914 r  clock_IBUF_BUFG_inst/O
                         net (fo=747, routed)         0.555     1.468    your_instance_name/inst/iomodule_0/U0/Clk
    SLICE_X41Y22         FDRE                                         r  your_instance_name/inst/iomodule_0/U0/Using_IO_Bus.IO_Write_Data_reg[10]/C
  -------------------------------------------------------------------    -------------------
    SLICE_X41Y22         FDRE (Prop_fdre_C_Q)         0.141     1.609 r  your_instance_name/inst/iomodule_0/U0/Using_IO_Bus.IO_Write_Data_reg[10]/Q
                         net (fo=2, routed)           0.295     1.905    u_apb_gpio/D[10]
    SLICE_X33Y22         FDRE                                         r  u_apb_gpio/buf_gpo_reg[10]/D
  -------------------------------------------------------------------    -------------------

                         (clock sys_clk_pin rise edge)
                                                      0.000     0.000 r  
    E3                                                0.000     0.000 r  clock (IN)
                         net (fo=0)                   0.000     0.000    clock
    E3                   IBUF (Prop_ibuf_I_O)         0.445     0.445 r  clock_IBUF_inst/O
                         net (fo=1, routed)           0.685     1.129    clock_IBUF
    BUFGCTRL_X0Y16       BUFG (Prop_bufg_I_O)         0.029     1.158 r  clock_IBUF_BUFG_inst/O
                         net (fo=747, routed)         0.821     1.979    u_apb_gpio/CLK
    SLICE_X33Y22         FDRE                                         r  u_apb_gpio/buf_gpo_reg[10]/C
                         clock pessimism             -0.250     1.729    
    SLICE_X33Y22         FDRE (Hold_fdre_C_D)         0.070     1.799    u_apb_gpio/buf_gpo_reg[10]
  -------------------------------------------------------------------
                         required time                         -1.799    
                         arrival time                           1.905    
  -------------------------------------------------------------------
                         slack                                  0.105    

Slack (MET) :             0.108ns  (arrival time - required time)
  Source:                 your_instance_name/inst/rst_0/U0/PR_OUT_DFF[0].FDRE_PER/C
                            (rising edge-triggered cell FDRE clocked by sys_clk_pin  {rise@0.000ns fall@5.000ns period=10.000ns})
  Destination:            your_instance_name/inst/iomodule_0/U0/Using_IO_Bus.IO_Address_reg[24]/R
                            (rising edge-triggered cell FDRE clocked by sys_clk_pin  {rise@0.000ns fall@5.000ns period=10.000ns})
  Path Group:             sys_clk_pin
  Path Type:              Hold (Min at Fast Process Corner)
  Requirement:            0.000ns  (sys_clk_pin rise@0.000ns - sys_clk_pin rise@0.000ns)
  Data Path Delay:        0.351ns  (logic 0.164ns (46.693%)  route 0.187ns (53.307%))
  Logic Levels:           0  
  Clock Path Skew:        0.261ns (DCD - SCD - CPR)
    Destination Clock Delay (DCD):    1.985ns
    Source Clock Delay      (SCD):    1.474ns
    Clock Pessimism Removal (CPR):    0.250ns

    Location             Delay type                Incr(ns)  Path(ns)    Netlist Resource(s)
  -------------------------------------------------------------------    -------------------
                         (clock sys_clk_pin rise edge)
                                                      0.000     0.000 r  
    E3                                                0.000     0.000 r  clock (IN)
                         net (fo=0)                   0.000     0.000    clock
    E3                   IBUF (Prop_ibuf_I_O)         0.257     0.257 r  clock_IBUF_inst/O
                         net (fo=1, routed)           0.631     0.888    clock_IBUF
    BUFGCTRL_X0Y16       BUFG (Prop_bufg_I_O)         0.026     0.914 r  clock_IBUF_BUFG_inst/O
                         net (fo=747, routed)         0.561     1.474    your_instance_name/inst/rst_0/U0/slowest_sync_clk
    SLICE_X34Y37         FDRE                                         r  your_instance_name/inst/rst_0/U0/PR_OUT_DFF[0].FDRE_PER/C
  -------------------------------------------------------------------    -------------------
    SLICE_X34Y37         FDRE (Prop_fdre_C_Q)         0.164     1.638 r  your_instance_name/inst/rst_0/U0/PR_OUT_DFF[0].FDRE_PER/Q
                         net (fo=42, routed)          0.187     1.826    your_instance_name/inst/iomodule_0/U0/Rst
    SLICE_X36Y33         FDRE                                         r  your_instance_name/inst/iomodule_0/U0/Using_IO_Bus.IO_Address_reg[24]/R
  -------------------------------------------------------------------    -------------------

                         (clock sys_clk_pin rise edge)
                                                      0.000     0.000 r  
    E3                                                0.000     0.000 r  clock (IN)
                         net (fo=0)                   0.000     0.000    clock
    E3                   IBUF (Prop_ibuf_I_O)         0.445     0.445 r  clock_IBUF_inst/O
                         net (fo=1, routed)           0.685     1.129    clock_IBUF
    BUFGCTRL_X0Y16       BUFG (Prop_bufg_I_O)         0.029     1.158 r  clock_IBUF_BUFG_inst/O
                         net (fo=747, routed)         0.827     1.985    your_instance_name/inst/iomodule_0/U0/Clk
    SLICE_X36Y33         FDRE                                         r  your_instance_name/inst/iomodule_0/U0/Using_IO_Bus.IO_Address_reg[24]/C
                         clock pessimism             -0.250     1.735    
    SLICE_X36Y33         FDRE (Hold_fdre_C_R)        -0.018     1.717    your_instance_name/inst/iomodule_0/U0/Using_IO_Bus.IO_Address_reg[24]
  -------------------------------------------------------------------
                         required time                         -1.717    
                         arrival time                           1.826    
  -------------------------------------------------------------------
                         slack                                  0.108    

Slack (MET) :             0.108ns  (arrival time - required time)
  Source:                 your_instance_name/inst/rst_0/U0/PR_OUT_DFF[0].FDRE_PER/C
                            (rising edge-triggered cell FDRE clocked by sys_clk_pin  {rise@0.000ns fall@5.000ns period=10.000ns})
  Destination:            your_instance_name/inst/iomodule_0/U0/Using_IO_Bus.IO_Address_reg[25]/R
                            (rising edge-triggered cell FDRE clocked by sys_clk_pin  {rise@0.000ns fall@5.000ns period=10.000ns})
  Path Group:             sys_clk_pin
  Path Type:              Hold (Min at Fast Process Corner)
  Requirement:            0.000ns  (sys_clk_pin rise@0.000ns - sys_clk_pin rise@0.000ns)
  Data Path Delay:        0.351ns  (logic 0.164ns (46.693%)  route 0.187ns (53.307%))
  Logic Levels:           0  
  Clock Path Skew:        0.261ns (DCD - SCD - CPR)
    Destination Clock Delay (DCD):    1.985ns
    Source Clock Delay      (SCD):    1.474ns
    Clock Pessimism Removal (CPR):    0.250ns

    Location             Delay type                Incr(ns)  Path(ns)    Netlist Resource(s)
  -------------------------------------------------------------------    -------------------
                         (clock sys_clk_pin rise edge)
                                                      0.000     0.000 r  
    E3                                                0.000     0.000 r  clock (IN)
                         net (fo=0)                   0.000     0.000    clock
    E3                   IBUF (Prop_ibuf_I_O)         0.257     0.257 r  clock_IBUF_inst/O
                         net (fo=1, routed)           0.631     0.888    clock_IBUF
    BUFGCTRL_X0Y16       BUFG (Prop_bufg_I_O)         0.026     0.914 r  clock_IBUF_BUFG_inst/O
                         net (fo=747, routed)         0.561     1.474    your_instance_name/inst/rst_0/U0/slowest_sync_clk
    SLICE_X34Y37         FDRE                                         r  your_instance_name/inst/rst_0/U0/PR_OUT_DFF[0].FDRE_PER/C
  -------------------------------------------------------------------    -------------------
    SLICE_X34Y37         FDRE (Prop_fdre_C_Q)         0.164     1.638 r  your_instance_name/inst/rst_0/U0/PR_OUT_DFF[0].FDRE_PER/Q
                         net (fo=42, routed)          0.187     1.826    your_instance_name/inst/iomodule_0/U0/Rst
    SLICE_X36Y33         FDRE                                         r  your_instance_name/inst/iomodule_0/U0/Using_IO_Bus.IO_Address_reg[25]/R
  -------------------------------------------------------------------    -------------------

                         (clock sys_clk_pin rise edge)
                                                      0.000     0.000 r  
    E3                                                0.000     0.000 r  clock (IN)
                         net (fo=0)                   0.000     0.000    clock
    E3                   IBUF (Prop_ibuf_I_O)         0.445     0.445 r  clock_IBUF_inst/O
                         net (fo=1, routed)           0.685     1.129    clock_IBUF
    BUFGCTRL_X0Y16       BUFG (Prop_bufg_I_O)         0.029     1.158 r  clock_IBUF_BUFG_inst/O
                         net (fo=747, routed)         0.827     1.985    your_instance_name/inst/iomodule_0/U0/Clk
    SLICE_X36Y33         FDRE                                         r  your_instance_name/inst/iomodule_0/U0/Using_IO_Bus.IO_Address_reg[25]/C
                         clock pessimism             -0.250     1.735    
    SLICE_X36Y33         FDRE (Hold_fdre_C_R)        -0.018     1.717    your_instance_name/inst/iomodule_0/U0/Using_IO_Bus.IO_Address_reg[25]
  -------------------------------------------------------------------
                         required time                         -1.717    
                         arrival time                           1.826    
  -------------------------------------------------------------------
                         slack                                  0.108    





Pulse Width Checks
--------------------------------------------------------------------------------------
Clock Name:         sys_clk_pin
Waveform(ns):       { 0.000 5.000 }
Period(ns):         10.000
Sources:            { clock }

Check Type        Corner  Lib Pin             Reference Pin  Required(ns)  Actual(ns)  Slack(ns)  Location      Pin
Min Period        n/a     RAMB36E1/CLKARDCLK  n/a            2.576         10.000      7.424      RAMB36_X2Y3   <hidden>
Min Period        n/a     RAMB36E1/CLKBWRCLK  n/a            2.576         10.000      7.424      RAMB36_X2Y3   <hidden>
Min Period        n/a     RAMB36E1/CLKARDCLK  n/a            2.576         10.000      7.424      RAMB36_X1Y2   <hidden>
Min Period        n/a     RAMB36E1/CLKBWRCLK  n/a            2.576         10.000      7.424      RAMB36_X1Y2   <hidden>
Min Period        n/a     RAMB36E1/CLKARDCLK  n/a            2.576         10.000      7.424      RAMB36_X1Y3   <hidden>
Min Period        n/a     RAMB36E1/CLKBWRCLK  n/a            2.576         10.000      7.424      RAMB36_X1Y3   <hidden>
Min Period        n/a     RAMB36E1/CLKARDCLK  n/a            2.576         10.000      7.424      RAMB36_X1Y1   <hidden>
Min Period        n/a     RAMB36E1/CLKBWRCLK  n/a            2.576         10.000      7.424      RAMB36_X1Y1   <hidden>
Min Period        n/a     RAMB36E1/CLKARDCLK  n/a            2.576         10.000      7.424      RAMB36_X1Y8   <hidden>
Min Period        n/a     RAMB36E1/CLKBWRCLK  n/a            2.576         10.000      7.424      RAMB36_X1Y8   <hidden>
Low Pulse Width   Slow    RAMD32/CLK          n/a            1.250         5.000       3.750      SLICE_X42Y36  <hidden>
Low Pulse Width   Fast    RAMD32/CLK          n/a            1.250         5.000       3.750      SLICE_X42Y36  <hidden>
Low Pulse Width   Slow    RAMD32/CLK          n/a            1.250         5.000       3.750      SLICE_X42Y36  <hidden>
Low Pulse Width   Fast    RAMD32/CLK          n/a            1.250         5.000       3.750      SLICE_X42Y36  <hidden>
Low Pulse Width   Slow    RAMD32/CLK          n/a            1.250         5.000       3.750      SLICE_X42Y36  <hidden>
Low Pulse Width   Fast    RAMD32/CLK          n/a            1.250         5.000       3.750      SLICE_X42Y36  <hidden>
Low Pulse Width   Slow    RAMD32/CLK          n/a            1.250         5.000       3.750      SLICE_X42Y36  <hidden>
Low Pulse Width   Fast    RAMD32/CLK          n/a            1.250         5.000       3.750      SLICE_X42Y36  <hidden>
Low Pulse Width   Slow    RAMD32/CLK          n/a            1.250         5.000       3.750      SLICE_X38Y35  <hidden>
Low Pulse Width   Fast    RAMD32/CLK          n/a            1.250         5.000       3.750      SLICE_X38Y35  <hidden>
High Pulse Width  Slow    RAMD32/CLK          n/a            1.250         5.000       3.750      SLICE_X42Y36  <hidden>
High Pulse Width  Fast    RAMD32/CLK          n/a            1.250         5.000       3.750      SLICE_X42Y36  <hidden>
High Pulse Width  Slow    RAMD32/CLK          n/a            1.250         5.000       3.750      SLICE_X42Y36  <hidden>
High Pulse Width  Fast    RAMD32/CLK          n/a            1.250         5.000       3.750      SLICE_X42Y36  <hidden>
High Pulse Width  Slow    RAMD32/CLK          n/a            1.250         5.000       3.750      SLICE_X42Y36  <hidden>
High Pulse Width  Fast    RAMD32/CLK          n/a            1.250         5.000       3.750      SLICE_X42Y36  <hidden>
High Pulse Width  Slow    RAMD32/CLK          n/a            1.250         5.000       3.750      SLICE_X42Y36  <hidden>
High Pulse Width  Fast    RAMD32/CLK          n/a            1.250         5.000       3.750      SLICE_X42Y36  <hidden>
High Pulse Width  Slow    RAMD32/CLK          n/a            1.250         5.000       3.750      SLICE_X38Y35  <hidden>
High Pulse Width  Fast    RAMD32/CLK          n/a            1.250         5.000       3.750      SLICE_X38Y35  <hidden>



--------------------------------------------------------------------------------------
Path Group:  (none)
From Clock:  
  To Clock:  sys_clk_pin

Max Delay             1 Endpoint
Min Delay             1 Endpoint
--------------------------------------------------------------------------------------


Max Delay Paths
--------------------------------------------------------------------------------------
Slack:                    inf
  Source:                 resetn
                            (input port)
  Destination:            your_instance_name/inst/rst_0/U0/EXT_LPF/ACTIVE_HIGH_EXT.ACT_HI_EXT/syncstages_ff_reg[0]/D
                            (rising edge-triggered cell FDRE clocked by sys_clk_pin  {rise@0.000ns fall@5.000ns period=10.000ns})
  Path Group:             (none)
  Path Type:              Setup (Max at Slow Process Corner)
  Data Path Delay:        7.313ns  (logic 1.630ns (22.287%)  route 5.683ns (77.713%))
  Logic Levels:           2  (IBUF=1 LUT1=1)
  Clock Path Skew:        4.816ns (DCD - SCD + CPR)
    Destination Clock Delay (DCD):    4.816ns
    Source Clock Delay      (SCD):    0.000ns
    Clock Pessimism Removal (CPR):    0.000ns
  Clock Uncertainty:      0.025ns  ((TSJ^2 + TIJ^2)^1/2 + DJ) / 2 + PE
    Total System Jitter     (TSJ):    0.050ns
    Total Input Jitter      (TIJ):    0.000ns
    Discrete Jitter          (DJ):    0.000ns
    Phase Error              (PE):    0.000ns
  Timing Exception:       False Path

    Location             Delay type                Incr(ns)  Path(ns)    Netlist Resource(s)
  -------------------------------------------------------------------    -------------------
    C12                                               0.000     0.000 f  resetn (IN)
                         net (fo=0)                   0.000     0.000    resetn
    C12                  IBUF (Prop_ibuf_I_O)         1.506     1.506 f  resetn_IBUF_inst/O
                         net (fo=4, routed)           4.289     5.794    u_apb_uart/transmitter_system_inst/uart_fsm_inst/resetn_IBUF
    SLICE_X32Y27         LUT1 (Prop_lut1_I0_O)        0.124     5.918 r  u_apb_uart/transmitter_system_inst/uart_fsm_inst/your_instance_name_i_1/O
                         net (fo=108, routed)         1.395     7.313    your_instance_name/inst/rst_0/U0/EXT_LPF/ACTIVE_HIGH_EXT.ACT_HI_EXT/src_in
    SLICE_X29Y34         FDRE                                         r  your_instance_name/inst/rst_0/U0/EXT_LPF/ACTIVE_HIGH_EXT.ACT_HI_EXT/syncstages_ff_reg[0]/D
  -------------------------------------------------------------------    -------------------

                         (clock sys_clk_pin rise edge)
                                                      0.000     0.000 r  
    E3                                                0.000     0.000 r  clock (IN)
                         net (fo=0)                   0.000     0.000    clock
    E3                   IBUF (Prop_ibuf_I_O)         1.418     1.418 r  clock_IBUF_inst/O
                         net (fo=1, routed)           1.862     3.280    clock_IBUF
    BUFGCTRL_X0Y16       BUFG (Prop_bufg_I_O)         0.091     3.371 r  clock_IBUF_BUFG_inst/O
                         net (fo=747, routed)         1.444     4.816    your_instance_name/inst/rst_0/U0/EXT_LPF/ACTIVE_HIGH_EXT.ACT_HI_EXT/dest_clk
    SLICE_X29Y34         FDRE                                         r  your_instance_name/inst/rst_0/U0/EXT_LPF/ACTIVE_HIGH_EXT.ACT_HI_EXT/syncstages_ff_reg[0]/C





Min Delay Paths
--------------------------------------------------------------------------------------
Slack:                    inf
  Source:                 resetn
                            (input port)
  Destination:            your_instance_name/inst/rst_0/U0/EXT_LPF/ACTIVE_HIGH_EXT.ACT_HI_EXT/syncstages_ff_reg[0]/D
                            (rising edge-triggered cell FDRE clocked by sys_clk_pin  {rise@0.000ns fall@5.000ns period=10.000ns})
  Path Group:             (none)
  Path Type:              Hold (Min at Fast Process Corner)
  Data Path Delay:        2.741ns  (logic 0.318ns (11.619%)  route 2.422ns (88.381%))
  Logic Levels:           2  (IBUF=1 LUT1=1)
  Clock Path Skew:        1.987ns (DCD - SCD - CPR)
    Destination Clock Delay (DCD):    1.987ns
    Source Clock Delay      (SCD):    0.000ns
    Clock Pessimism Removal (CPR):    -0.000ns
  Timing Exception:       False Path

    Location             Delay type                Incr(ns)  Path(ns)    Netlist Resource(s)
  -------------------------------------------------------------------    -------------------
    C12                                               0.000     0.000 f  resetn (IN)
                         net (fo=0)                   0.000     0.000    resetn
    C12                  IBUF (Prop_ibuf_I_O)         0.273     0.273 f  resetn_IBUF_inst/O
                         net (fo=4, routed)           1.818     2.091    u_apb_uart/transmitter_system_inst/uart_fsm_inst/resetn_IBUF
    SLICE_X32Y27         LUT1 (Prop_lut1_I0_O)        0.045     2.136 r  u_apb_uart/transmitter_system_inst/uart_fsm_inst/your_instance_name_i_1/O
                         net (fo=108, routed)         0.605     2.741    your_instance_name/inst/rst_0/U0/EXT_LPF/ACTIVE_HIGH_EXT.ACT_HI_EXT/src_in
    SLICE_X29Y34         FDRE                                         r  your_instance_name/inst/rst_0/U0/EXT_LPF/ACTIVE_HIGH_EXT.ACT_HI_EXT/syncstages_ff_reg[0]/D
  -------------------------------------------------------------------    -------------------

                         (clock sys_clk_pin rise edge)
                                                      0.000     0.000 r  
    E3                                                0.000     0.000 r  clock (IN)
                         net (fo=0)                   0.000     0.000    clock
    E3                   IBUF (Prop_ibuf_I_O)         0.445     0.445 r  clock_IBUF_inst/O
                         net (fo=1, routed)           0.685     1.129    clock_IBUF
    BUFGCTRL_X0Y16       BUFG (Prop_bufg_I_O)         0.029     1.158 r  clock_IBUF_BUFG_inst/O
                         net (fo=747, routed)         0.829     1.987    your_instance_name/inst/rst_0/U0/EXT_LPF/ACTIVE_HIGH_EXT.ACT_HI_EXT/dest_clk
    SLICE_X29Y34         FDRE                                         r  your_instance_name/inst/rst_0/U0/EXT_LPF/ACTIVE_HIGH_EXT.ACT_HI_EXT/syncstages_ff_reg[0]/C





--------------------------------------------------------------------------------------
Path Group:  (none)
From Clock:  sys_clk_pin
  To Clock:  sys_clk_pin

Max Delay             1 Endpoint
Min Delay             1 Endpoint
--------------------------------------------------------------------------------------


Max Delay Paths
--------------------------------------------------------------------------------------
Slack:                    inf
  Source:                 your_instance_name/inst/rst_0/U0/FDRE_inst/C
                            (rising edge-triggered cell FDRE clocked by sys_clk_pin  {rise@0.000ns fall@5.000ns period=10.000ns})
  Destination:            <hidden>
                            (rising edge-triggered cell FDRE clocked by sys_clk_pin  {rise@0.000ns fall@5.000ns period=10.000ns})
  Path Group:             (none)
  Path Type:              Setup (Max at Slow Process Corner)
  Data Path Delay:        1.039ns  (logic 0.456ns (43.885%)  route 0.583ns (56.115%))
  Logic Levels:           0  
  Clock Path Skew:        -0.299ns (DCD - SCD + CPR)
    Destination Clock Delay (DCD):    4.816ns
    Source Clock Delay      (SCD):    5.115ns
    Clock Pessimism Removal (CPR):    0.000ns
  Clock Uncertainty:      0.035ns  ((TSJ^2 + TIJ^2)^1/2 + DJ) / 2 + PE
    Total System Jitter     (TSJ):    0.071ns
    Total Input Jitter      (TIJ):    0.000ns
    Discrete Jitter          (DJ):    0.000ns
    Phase Error              (PE):    0.000ns
  Timing Exception:       False Path

    Location             Delay type                Incr(ns)  Path(ns)    Netlist Resource(s)
  -------------------------------------------------------------------    -------------------
                         (clock sys_clk_pin rise edge)
                                                      0.000     0.000 r  
    E3                                                0.000     0.000 r  clock (IN)
                         net (fo=0)                   0.000     0.000    clock
    E3                   IBUF (Prop_ibuf_I_O)         1.489     1.489 r  clock_IBUF_inst/O
                         net (fo=1, routed)           1.967     3.455    clock_IBUF
    BUFGCTRL_X0Y16       BUFG (Prop_bufg_I_O)         0.096     3.551 r  clock_IBUF_BUFG_inst/O
                         net (fo=747, routed)         1.563     5.115    your_instance_name/inst/rst_0/U0/slowest_sync_clk
    SLICE_X35Y38         FDRE                                         r  your_instance_name/inst/rst_0/U0/FDRE_inst/C
  -------------------------------------------------------------------    -------------------
    SLICE_X35Y38         FDRE (Prop_fdre_C_Q)         0.456     5.571 r  your_instance_name/inst/rst_0/U0/FDRE_inst/Q
                         net (fo=1, routed)           0.583     6.154    <hidden>
    SLICE_X35Y38         FDRE                                         r  <hidden>
  -------------------------------------------------------------------    -------------------

                         (clock sys_clk_pin rise edge)
                                                      0.000     0.000 r  
    E3                                                0.000     0.000 r  clock (IN)
                         net (fo=0)                   0.000     0.000    clock
    E3                   IBUF (Prop_ibuf_I_O)         1.418     1.418 r  clock_IBUF_inst/O
                         net (fo=1, routed)           1.862     3.280    clock_IBUF
    BUFGCTRL_X0Y16       BUFG (Prop_bufg_I_O)         0.091     3.371 r  clock_IBUF_BUFG_inst/O
                         net (fo=747, routed)         1.444     4.816    <hidden>
    SLICE_X35Y38         FDRE                                         r  <hidden>





Min Delay Paths
--------------------------------------------------------------------------------------
Slack:                    inf
  Source:                 your_instance_name/inst/rst_0/U0/FDRE_inst/C
                            (rising edge-triggered cell FDRE clocked by sys_clk_pin  {rise@0.000ns fall@5.000ns period=10.000ns})
  Destination:            <hidden>
                            (rising edge-triggered cell FDRE clocked by sys_clk_pin  {rise@0.000ns fall@5.000ns period=10.000ns})
  Path Group:             (none)
  Path Type:              Hold (Min at Fast Process Corner)
  Data Path Delay:        0.357ns  (logic 0.141ns (39.488%)  route 0.216ns (60.512%))
  Logic Levels:           0  
  Clock Path Skew:        0.514ns (DCD - SCD - CPR)
    Destination Clock Delay (DCD):    1.989ns
    Source Clock Delay      (SCD):    1.475ns
    Clock Pessimism Removal (CPR):    -0.000ns
  Clock Uncertainty:      0.035ns  ((TSJ^2 + TIJ^2)^1/2 + DJ) / 2 + PE
    Total System Jitter     (TSJ):    0.071ns
    Total Input Jitter      (TIJ):    0.000ns
    Discrete Jitter          (DJ):    0.000ns
    Phase Error              (PE):    0.000ns
  Timing Exception:       False Path

    Location             Delay type                Incr(ns)  Path(ns)    Netlist Resource(s)
  -------------------------------------------------------------------    -------------------
                         (clock sys_clk_pin rise edge)
                                                      0.000     0.000 r  
    E3                                                0.000     0.000 r  clock (IN)
                         net (fo=0)                   0.000     0.000    clock
    E3                   IBUF (Prop_ibuf_I_O)         0.257     0.257 r  clock_IBUF_inst/O
                         net (fo=1, routed)           0.631     0.888    clock_IBUF
    BUFGCTRL_X0Y16       BUFG (Prop_bufg_I_O)         0.026     0.914 r  clock_IBUF_BUFG_inst/O
                         net (fo=747, routed)         0.562     1.475    your_instance_name/inst/rst_0/U0/slowest_sync_clk
    SLICE_X35Y38         FDRE                                         r  your_instance_name/inst/rst_0/U0/FDRE_inst/C
  -------------------------------------------------------------------    -------------------
    SLICE_X35Y38         FDRE (Prop_fdre_C_Q)         0.141     1.616 r  your_instance_name/inst/rst_0/U0/FDRE_inst/Q
                         net (fo=1, routed)           0.216     1.832    <hidden>
    SLICE_X35Y38         FDRE                                         r  <hidden>
  -------------------------------------------------------------------    -------------------

                         (clock sys_clk_pin rise edge)
                                                      0.000     0.000 r  
    E3                                                0.000     0.000 r  clock (IN)
                         net (fo=0)                   0.000     0.000    clock
    E3                   IBUF (Prop_ibuf_I_O)         0.445     0.445 r  clock_IBUF_inst/O
                         net (fo=1, routed)           0.685     1.129    clock_IBUF
    BUFGCTRL_X0Y16       BUFG (Prop_bufg_I_O)         0.029     1.158 r  clock_IBUF_BUFG_inst/O
                         net (fo=747, routed)         0.831     1.989    <hidden>
    SLICE_X35Y38         FDRE                                         r  <hidden>





--------------------------------------------------------------------------------------
Path Group:  (none)
From Clock:  
  To Clock:  

Max Delay            43 Endpoints
Min Delay            43 Endpoints
--------------------------------------------------------------------------------------


Max Delay Paths
--------------------------------------------------------------------------------------
Slack:                    inf
  Source:                 u_apb_i2c/u_i2c/sda_oe_reg/C
                            (rising edge-triggered cell FDCE)
  Destination:            i2c_sda
                            (output port)
  Path Group:             (none)
  Path Type:              Max at Slow Process Corner
  Data Path Delay:        7.748ns  (logic 4.033ns (52.052%)  route 3.715ns (47.948%))
  Logic Levels:           2  (FDCE=1 OBUFT=1)

    Location             Delay type                Incr(ns)  Path(ns)    Netlist Resource(s)
  -------------------------------------------------------------------    -------------------
    SLICE_X29Y33         FDCE                         0.000     0.000 r  u_apb_i2c/u_i2c/sda_oe_reg/C
    SLICE_X29Y33         FDCE (Prop_fdce_C_Q)         0.456     0.456 f  u_apb_i2c/u_i2c/sda_oe_reg/Q
                         net (fo=2, routed)           3.715     4.171    i2c_sda_IOBUF_inst/T
    C15                  OBUFT (TriStatE_obuft_T_O)
                                                      3.577     7.748 r  i2c_sda_IOBUF_inst/OBUFT/O
                         net (fo=1, unset)            0.000     7.748    i2c_sda
    C15                                                               r  i2c_sda (INOUT)
  -------------------------------------------------------------------    -------------------

Slack:                    inf
  Source:                 resetn
                            (input port)
  Destination:            u_apb_i2c/u_i2c/FSM_sequential_state_reg[0]/CLR
  Path Group:             (none)
  Path Type:              Max at Slow Process Corner
  Data Path Delay:        7.562ns  (logic 1.630ns (21.554%)  route 5.932ns (78.446%))
  Logic Levels:           2  (IBUF=1 LUT1=1)

    Location             Delay type                Incr(ns)  Path(ns)    Netlist Resource(s)
  -------------------------------------------------------------------    -------------------
    C12                                               0.000     0.000 r  resetn (IN)
                         net (fo=0)                   0.000     0.000    resetn
    C12                  IBUF (Prop_ibuf_I_O)         1.506     1.506 r  resetn_IBUF_inst/O
                         net (fo=4, routed)           4.289     5.794    u_apb_uart/transmitter_system_inst/uart_fsm_inst/resetn_IBUF
    SLICE_X32Y27         LUT1 (Prop_lut1_I0_O)        0.124     5.918 f  u_apb_uart/transmitter_system_inst/uart_fsm_inst/your_instance_name_i_1/O
                         net (fo=108, routed)         1.643     7.562    u_apb_i2c/u_i2c/reset
    SLICE_X30Y33         FDCE                                         f  u_apb_i2c/u_i2c/FSM_sequential_state_reg[0]/CLR
  -------------------------------------------------------------------    -------------------

Slack:                    inf
  Source:                 resetn
                            (input port)
  Destination:            u_apb_i2c/u_i2c/FSM_sequential_state_reg[1]/CLR
  Path Group:             (none)
  Path Type:              Max at Slow Process Corner
  Data Path Delay:        7.562ns  (logic 1.630ns (21.554%)  route 5.932ns (78.446%))
  Logic Levels:           2  (IBUF=1 LUT1=1)

    Location             Delay type                Incr(ns)  Path(ns)    Netlist Resource(s)
  -------------------------------------------------------------------    -------------------
    C12                                               0.000     0.000 r  resetn (IN)
                         net (fo=0)                   0.000     0.000    resetn
    C12                  IBUF (Prop_ibuf_I_O)         1.506     1.506 r  resetn_IBUF_inst/O
                         net (fo=4, routed)           4.289     5.794    u_apb_uart/transmitter_system_inst/uart_fsm_inst/resetn_IBUF
    SLICE_X32Y27         LUT1 (Prop_lut1_I0_O)        0.124     5.918 f  u_apb_uart/transmitter_system_inst/uart_fsm_inst/your_instance_name_i_1/O
                         net (fo=108, routed)         1.643     7.562    u_apb_i2c/u_i2c/reset
    SLICE_X30Y33         FDCE                                         f  u_apb_i2c/u_i2c/FSM_sequential_state_reg[1]/CLR
  -------------------------------------------------------------------    -------------------

Slack:                    inf
  Source:                 resetn
                            (input port)
  Destination:            u_apb_i2c/u_i2c/FSM_sequential_state_reg[2]/CLR
  Path Group:             (none)
  Path Type:              Max at Slow Process Corner
  Data Path Delay:        7.562ns  (logic 1.630ns (21.554%)  route 5.932ns (78.446%))
  Logic Levels:           2  (IBUF=1 LUT1=1)

    Location             Delay type                Incr(ns)  Path(ns)    Netlist Resource(s)
  -------------------------------------------------------------------    -------------------
    C12                                               0.000     0.000 r  resetn (IN)
                         net (fo=0)                   0.000     0.000    resetn
    C12                  IBUF (Prop_ibuf_I_O)         1.506     1.506 r  resetn_IBUF_inst/O
                         net (fo=4, routed)           4.289     5.794    u_apb_uart/transmitter_system_inst/uart_fsm_inst/resetn_IBUF
    SLICE_X32Y27         LUT1 (Prop_lut1_I0_O)        0.124     5.918 f  u_apb_uart/transmitter_system_inst/uart_fsm_inst/your_instance_name_i_1/O
                         net (fo=108, routed)         1.643     7.562    u_apb_i2c/u_i2c/reset
    SLICE_X30Y33         FDCE                                         f  u_apb_i2c/u_i2c/FSM_sequential_state_reg[2]/CLR
  -------------------------------------------------------------------    -------------------

Slack:                    inf
  Source:                 resetn
                            (input port)
  Destination:            u_apb_i2c/u_i2c/FSM_sequential_state_reg[3]/CLR
  Path Group:             (none)
  Path Type:              Max at Slow Process Corner
  Data Path Delay:        7.562ns  (logic 1.630ns (21.554%)  route 5.932ns (78.446%))
  Logic Levels:           2  (IBUF=1 LUT1=1)

    Location             Delay type                Incr(ns)  Path(ns)    Netlist Resource(s)
  -------------------------------------------------------------------    -------------------
    C12                                               0.000     0.000 r  resetn (IN)
                         net (fo=0)                   0.000     0.000    resetn
    C12                  IBUF (Prop_ibuf_I_O)         1.506     1.506 r  resetn_IBUF_inst/O
                         net (fo=4, routed)           4.289     5.794    u_apb_uart/transmitter_system_inst/uart_fsm_inst/resetn_IBUF
    SLICE_X32Y27         LUT1 (Prop_lut1_I0_O)        0.124     5.918 f  u_apb_uart/transmitter_system_inst/uart_fsm_inst/your_instance_name_i_1/O
                         net (fo=108, routed)         1.643     7.562    u_apb_i2c/u_i2c/reset
    SLICE_X30Y33         FDCE                                         f  u_apb_i2c/u_i2c/FSM_sequential_state_reg[3]/CLR
  -------------------------------------------------------------------    -------------------

Slack:                    inf
  Source:                 resetn
                            (input port)
  Destination:            u_apb_i2c/u_i2c/sda_oe_reg/CLR
  Path Group:             (none)
  Path Type:              Max at Slow Process Corner
  Data Path Delay:        7.219ns  (logic 1.630ns (22.578%)  route 5.589ns (77.422%))
  Logic Levels:           2  (IBUF=1 LUT1=1)

    Location             Delay type                Incr(ns)  Path(ns)    Netlist Resource(s)
  -------------------------------------------------------------------    -------------------
    C12                                               0.000     0.000 r  resetn (IN)
                         net (fo=0)                   0.000     0.000    resetn
    C12                  IBUF (Prop_ibuf_I_O)         1.506     1.506 r  resetn_IBUF_inst/O
                         net (fo=4, routed)           4.289     5.794    u_apb_uart/transmitter_system_inst/uart_fsm_inst/resetn_IBUF
    SLICE_X32Y27         LUT1 (Prop_lut1_I0_O)        0.124     5.918 f  u_apb_uart/transmitter_system_inst/uart_fsm_inst/your_instance_name_i_1/O
                         net (fo=108, routed)         1.300     7.219    u_apb_i2c/u_i2c/reset
    SLICE_X29Y33         FDCE                                         f  u_apb_i2c/u_i2c/sda_oe_reg/CLR
  -------------------------------------------------------------------    -------------------

Slack:                    inf
  Source:                 resetn
                            (input port)
  Destination:            u_apb_i2c/u_i2c/sda_out_reg/PRE
  Path Group:             (none)
  Path Type:              Max at Slow Process Corner
  Data Path Delay:        7.065ns  (logic 1.630ns (23.069%)  route 5.435ns (76.931%))
  Logic Levels:           2  (IBUF=1 LUT1=1)

    Location             Delay type                Incr(ns)  Path(ns)    Netlist Resource(s)
  -------------------------------------------------------------------    -------------------
    C12                                               0.000     0.000 r  resetn (IN)
                         net (fo=0)                   0.000     0.000    resetn
    C12                  IBUF (Prop_ibuf_I_O)         1.506     1.506 r  resetn_IBUF_inst/O
                         net (fo=4, routed)           4.289     5.794    u_apb_uart/transmitter_system_inst/uart_fsm_inst/resetn_IBUF
    SLICE_X32Y27         LUT1 (Prop_lut1_I0_O)        0.124     5.918 f  u_apb_uart/transmitter_system_inst/uart_fsm_inst/your_instance_name_i_1/O
                         net (fo=108, routed)         1.147     7.065    u_apb_i2c/u_i2c/reset
    SLICE_X28Y32         FDPE                                         f  u_apb_i2c/u_i2c/sda_out_reg/PRE
  -------------------------------------------------------------------    -------------------

Slack:                    inf
  Source:                 resetn
                            (input port)
  Destination:            u_apb_i2c/u_i2c/bitt_reg[1]/PRE
  Path Group:             (none)
  Path Type:              Max at Slow Process Corner
  Data Path Delay:        7.061ns  (logic 1.630ns (23.083%)  route 5.431ns (76.917%))
  Logic Levels:           2  (IBUF=1 LUT1=1)

    Location             Delay type                Incr(ns)  Path(ns)    Netlist Resource(s)
  -------------------------------------------------------------------    -------------------
    C12                                               0.000     0.000 r  resetn (IN)
                         net (fo=0)                   0.000     0.000    resetn
    C12                  IBUF (Prop_ibuf_I_O)         1.506     1.506 r  resetn_IBUF_inst/O
                         net (fo=4, routed)           4.289     5.794    u_apb_uart/transmitter_system_inst/uart_fsm_inst/resetn_IBUF
    SLICE_X32Y27         LUT1 (Prop_lut1_I0_O)        0.124     5.918 f  u_apb_uart/transmitter_system_inst/uart_fsm_inst/your_instance_name_i_1/O
                         net (fo=108, routed)         1.142     7.061    u_apb_i2c/u_i2c/reset
    SLICE_X29Y32         FDPE                                         f  u_apb_i2c/u_i2c/bitt_reg[1]/PRE
  -------------------------------------------------------------------    -------------------

Slack:                    inf
  Source:                 resetn
                            (input port)
  Destination:            u_apb_i2c/u_i2c/busy_reg/CLR
  Path Group:             (none)
  Path Type:              Max at Slow Process Corner
  Data Path Delay:        7.061ns  (logic 1.630ns (23.083%)  route 5.431ns (76.917%))
  Logic Levels:           2  (IBUF=1 LUT1=1)

    Location             Delay type                Incr(ns)  Path(ns)    Netlist Resource(s)
  -------------------------------------------------------------------    -------------------
    C12                                               0.000     0.000 r  resetn (IN)
                         net (fo=0)                   0.000     0.000    resetn
    C12                  IBUF (Prop_ibuf_I_O)         1.506     1.506 r  resetn_IBUF_inst/O
                         net (fo=4, routed)           4.289     5.794    u_apb_uart/transmitter_system_inst/uart_fsm_inst/resetn_IBUF
    SLICE_X32Y27         LUT1 (Prop_lut1_I0_O)        0.124     5.918 f  u_apb_uart/transmitter_system_inst/uart_fsm_inst/your_instance_name_i_1/O
                         net (fo=108, routed)         1.142     7.061    u_apb_i2c/u_i2c/reset
    SLICE_X29Y32         FDCE                                         f  u_apb_i2c/u_i2c/busy_reg/CLR
  -------------------------------------------------------------------    -------------------

Slack:                    inf
  Source:                 resetn
                            (input port)
  Destination:            u_apb_i2c/u_i2c/bitt_reg[0]/PRE
  Path Group:             (none)
  Path Type:              Max at Slow Process Corner
  Data Path Delay:        6.909ns  (logic 1.630ns (23.589%)  route 5.280ns (76.411%))
  Logic Levels:           2  (IBUF=1 LUT1=1)

    Location             Delay type                Incr(ns)  Path(ns)    Netlist Resource(s)
  -------------------------------------------------------------------    -------------------
    C12                                               0.000     0.000 r  resetn (IN)
                         net (fo=0)                   0.000     0.000    resetn
    C12                  IBUF (Prop_ibuf_I_O)         1.506     1.506 r  resetn_IBUF_inst/O
                         net (fo=4, routed)           4.289     5.794    u_apb_uart/transmitter_system_inst/uart_fsm_inst/resetn_IBUF
    SLICE_X32Y27         LUT1 (Prop_lut1_I0_O)        0.124     5.918 f  u_apb_uart/transmitter_system_inst/uart_fsm_inst/your_instance_name_i_1/O
                         net (fo=108, routed)         0.991     6.909    u_apb_i2c/u_i2c/reset
    SLICE_X28Y31         FDPE                                         f  u_apb_i2c/u_i2c/bitt_reg[0]/PRE
  -------------------------------------------------------------------    -------------------





Min Delay Paths
--------------------------------------------------------------------------------------
Slack:                    inf
  Source:                 u_apb_i2c/u_i2c/temp_msb_reg[1]/C
                            (rising edge-triggered cell FDCE)
  Destination:            u_apb_i2c/u_i2c/temp_msb_reg[1]/D
  Path Group:             (none)
  Path Type:              Min at Fast Process Corner
  Data Path Delay:        0.309ns  (logic 0.186ns (60.289%)  route 0.123ns (39.711%))
  Logic Levels:           2  (FDCE=1 LUT5=1)

    Location             Delay type                Incr(ns)  Path(ns)    Netlist Resource(s)
  -------------------------------------------------------------------    -------------------
    SLICE_X29Y30         FDCE                         0.000     0.000 r  u_apb_i2c/u_i2c/temp_msb_reg[1]/C
    SLICE_X29Y30         FDCE (Prop_fdce_C_Q)         0.141     0.141 r  u_apb_i2c/u_i2c/temp_msb_reg[1]/Q
                         net (fo=2, routed)           0.123     0.264    u_apb_i2c/u_i2c/temp_msb_reg[1]_0
    SLICE_X29Y30         LUT5 (Prop_lut5_I4_O)        0.045     0.309 r  u_apb_i2c/u_i2c/temp_msb[1]_i_1/O
                         net (fo=1, routed)           0.000     0.309    u_apb_i2c/u_i2c/temp_msb[1]_i_1_n_0
    SLICE_X29Y30         FDCE                                         r  u_apb_i2c/u_i2c/temp_msb_reg[1]/D
  -------------------------------------------------------------------    -------------------

Slack:                    inf
  Source:                 u_apb_i2c/u_i2c/temp_msb_reg[3]/C
                            (rising edge-triggered cell FDCE)
  Destination:            u_apb_i2c/u_i2c/temp_msb_reg[3]/D
  Path Group:             (none)
  Path Type:              Min at Fast Process Corner
  Data Path Delay:        0.354ns  (logic 0.186ns (52.507%)  route 0.168ns (47.493%))
  Logic Levels:           2  (FDCE=1 LUT5=1)

    Location             Delay type                Incr(ns)  Path(ns)    Netlist Resource(s)
  -------------------------------------------------------------------    -------------------
    SLICE_X29Y29         FDCE                         0.000     0.000 r  u_apb_i2c/u_i2c/temp_msb_reg[3]/C
    SLICE_X29Y29         FDCE (Prop_fdce_C_Q)         0.141     0.141 r  u_apb_i2c/u_i2c/temp_msb_reg[3]/Q
                         net (fo=2, routed)           0.168     0.309    u_apb_i2c/u_i2c/temp_msb_reg[3]_0
    SLICE_X29Y29         LUT5 (Prop_lut5_I4_O)        0.045     0.354 r  u_apb_i2c/u_i2c/temp_msb[3]_i_1/O
                         net (fo=1, routed)           0.000     0.354    u_apb_i2c/u_i2c/temp_msb[3]_i_1_n_0
    SLICE_X29Y29         FDCE                                         r  u_apb_i2c/u_i2c/temp_msb_reg[3]/D
  -------------------------------------------------------------------    -------------------

Slack:                    inf
  Source:                 u_apb_i2c/u_i2c/temp_msb_reg[0]/C
                            (rising edge-triggered cell FDCE)
  Destination:            u_apb_i2c/u_i2c/temp_msb_reg[0]/D
  Path Group:             (none)
  Path Type:              Min at Fast Process Corner
  Data Path Delay:        0.356ns  (logic 0.186ns (52.203%)  route 0.170ns (47.797%))
  Logic Levels:           2  (FDCE=1 LUT5=1)

    Location             Delay type                Incr(ns)  Path(ns)    Netlist Resource(s)
  -------------------------------------------------------------------    -------------------
    SLICE_X29Y30         FDCE                         0.000     0.000 r  u_apb_i2c/u_i2c/temp_msb_reg[0]/C
    SLICE_X29Y30         FDCE (Prop_fdce_C_Q)         0.141     0.141 r  u_apb_i2c/u_i2c/temp_msb_reg[0]/Q
                         net (fo=2, routed)           0.170     0.311    u_apb_i2c/u_i2c/temp_msb_reg_n_0_[0]
    SLICE_X29Y30         LUT5 (Prop_lut5_I4_O)        0.045     0.356 r  u_apb_i2c/u_i2c/temp_msb[0]_i_1/O
                         net (fo=1, routed)           0.000     0.356    u_apb_i2c/u_i2c/temp_msb[0]_i_1_n_0
    SLICE_X29Y30         FDCE                                         r  u_apb_i2c/u_i2c/temp_msb_reg[0]/D
  -------------------------------------------------------------------    -------------------

Slack:                    inf
  Source:                 u_apb_i2c/u_i2c/sda_oe_reg/C
                            (rising edge-triggered cell FDCE)
  Destination:            u_apb_i2c/u_i2c/sda_oe_reg/D
  Path Group:             (none)
  Path Type:              Min at Fast Process Corner
  Data Path Delay:        0.356ns  (logic 0.186ns (52.178%)  route 0.170ns (47.822%))
  Logic Levels:           2  (FDCE=1 LUT5=1)

    Location             Delay type                Incr(ns)  Path(ns)    Netlist Resource(s)
  -------------------------------------------------------------------    -------------------
    SLICE_X29Y33         FDCE                         0.000     0.000 r  u_apb_i2c/u_i2c/sda_oe_reg/C
    SLICE_X29Y33         FDCE (Prop_fdce_C_Q)         0.141     0.141 r  u_apb_i2c/u_i2c/sda_oe_reg/Q
                         net (fo=2, routed)           0.170     0.311    u_apb_i2c/u_i2c/i2c_sda_TRI
    SLICE_X29Y33         LUT5 (Prop_lut5_I0_O)        0.045     0.356 r  u_apb_i2c/u_i2c/sda_oe_i_1/O
                         net (fo=1, routed)           0.000     0.356    u_apb_i2c/u_i2c/sda_oe_i_1_n_0
    SLICE_X29Y33         FDCE                                         r  u_apb_i2c/u_i2c/sda_oe_reg/D
  -------------------------------------------------------------------    -------------------

Slack:                    inf
  Source:                 u_apb_i2c/u_i2c/bitt_reg[2]/C
                            (rising edge-triggered cell FDPE)
  Destination:            u_apb_i2c/u_i2c/bitt_reg[2]/D
  Path Group:             (none)
  Path Type:              Min at Fast Process Corner
  Data Path Delay:        0.371ns  (logic 0.186ns (50.171%)  route 0.185ns (49.829%))
  Logic Levels:           2  (FDPE=1 LUT6=1)

    Location             Delay type                Incr(ns)  Path(ns)    Netlist Resource(s)
  -------------------------------------------------------------------    -------------------
    SLICE_X28Y31         FDPE                         0.000     0.000 r  u_apb_i2c/u_i2c/bitt_reg[2]/C
    SLICE_X28Y31         FDPE (Prop_fdpe_C_Q)         0.141     0.141 r  u_apb_i2c/u_i2c/bitt_reg[2]/Q
                         net (fo=5, routed)           0.185     0.326    u_apb_i2c/u_i2c/bitt_reg_n_0_[2]
    SLICE_X28Y31         LUT6 (Prop_lut6_I0_O)        0.045     0.371 r  u_apb_i2c/u_i2c/bitt[2]_i_1/O
                         net (fo=1, routed)           0.000     0.371    u_apb_i2c/u_i2c/bitt[2]_i_1_n_0
    SLICE_X28Y31         FDPE                                         r  u_apb_i2c/u_i2c/bitt_reg[2]/D
  -------------------------------------------------------------------    -------------------

Slack:                    inf
  Source:                 u_apb_i2c/u_i2c/shift_reg[1]/C
                            (rising edge-triggered cell FDRE)
  Destination:            u_apb_i2c/u_i2c/shift_reg[1]/D
  Path Group:             (none)
  Path Type:              Min at Fast Process Corner
  Data Path Delay:        0.371ns  (logic 0.186ns (50.171%)  route 0.185ns (49.829%))
  Logic Levels:           2  (FDRE=1 LUT4=1)

    Location             Delay type                Incr(ns)  Path(ns)    Netlist Resource(s)
  -------------------------------------------------------------------    -------------------
    SLICE_X28Y33         FDRE                         0.000     0.000 r  u_apb_i2c/u_i2c/shift_reg[1]/C
    SLICE_X28Y33         FDRE (Prop_fdre_C_Q)         0.141     0.141 r  u_apb_i2c/u_i2c/shift_reg[1]/Q
                         net (fo=2, routed)           0.185     0.326    u_apb_i2c/u_i2c/shift_reg_n_0_[1]
    SLICE_X28Y33         LUT4 (Prop_lut4_I3_O)        0.045     0.371 r  u_apb_i2c/u_i2c/shift[1]_i_1/O
                         net (fo=1, routed)           0.000     0.371    u_apb_i2c/u_i2c/shift[1]_i_1_n_0
    SLICE_X28Y33         FDRE                                         r  u_apb_i2c/u_i2c/shift_reg[1]/D
  -------------------------------------------------------------------    -------------------

Slack:                    inf
  Source:                 u_apb_i2c/u_i2c/temp_msb_reg[2]/C
                            (rising edge-triggered cell FDCE)
  Destination:            u_apb_i2c/u_i2c/temp_msb_reg[2]/D
  Path Group:             (none)
  Path Type:              Min at Fast Process Corner
  Data Path Delay:        0.371ns  (logic 0.186ns (50.171%)  route 0.185ns (49.829%))
  Logic Levels:           2  (FDCE=1 LUT5=1)

    Location             Delay type                Incr(ns)  Path(ns)    Netlist Resource(s)
  -------------------------------------------------------------------    -------------------
    SLICE_X28Y30         FDCE                         0.000     0.000 r  u_apb_i2c/u_i2c/temp_msb_reg[2]/C
    SLICE_X28Y30         FDCE (Prop_fdce_C_Q)         0.141     0.141 r  u_apb_i2c/u_i2c/temp_msb_reg[2]/Q
                         net (fo=2, routed)           0.185     0.326    u_apb_i2c/u_i2c/temp_msb_reg[2]_0
    SLICE_X28Y30         LUT5 (Prop_lut5_I4_O)        0.045     0.371 r  u_apb_i2c/u_i2c/temp_msb[2]_i_1/O
                         net (fo=1, routed)           0.000     0.371    u_apb_i2c/u_i2c/temp_msb[2]_i_1_n_0
    SLICE_X28Y30         FDCE                                         r  u_apb_i2c/u_i2c/temp_msb_reg[2]/D
  -------------------------------------------------------------------    -------------------

Slack:                    inf
  Source:                 u_apb_i2c/u_i2c/sda_out_reg/C
                            (rising edge-triggered cell FDPE)
  Destination:            u_apb_i2c/u_i2c/sda_out_reg/D
  Path Group:             (none)
  Path Type:              Min at Fast Process Corner
  Data Path Delay:        0.373ns  (logic 0.186ns (49.871%)  route 0.187ns (50.129%))
  Logic Levels:           2  (FDPE=1 LUT6=1)

    Location             Delay type                Incr(ns)  Path(ns)    Netlist Resource(s)
  -------------------------------------------------------------------    -------------------
    SLICE_X28Y32         FDPE                         0.000     0.000 r  u_apb_i2c/u_i2c/sda_out_reg/C
    SLICE_X28Y32         FDPE (Prop_fdpe_C_Q)         0.141     0.141 r  u_apb_i2c/u_i2c/sda_out_reg/Q
                         net (fo=2, routed)           0.187     0.328    u_apb_i2c/u_i2c/i2c_sda_OBUF
    SLICE_X28Y32         LUT6 (Prop_lut6_I5_O)        0.045     0.373 r  u_apb_i2c/u_i2c/sda_out_i_1/O
                         net (fo=1, routed)           0.000     0.373    u_apb_i2c/u_i2c/sda_out_i_1_n_0
    SLICE_X28Y32         FDPE                                         r  u_apb_i2c/u_i2c/sda_out_reg/D
  -------------------------------------------------------------------    -------------------

Slack:                    inf
  Source:                 u_apb_i2c/u_i2c/bitt_reg[1]/C
                            (rising edge-triggered cell FDPE)
  Destination:            u_apb_i2c/u_i2c/bitt_reg[1]/D
  Path Group:             (none)
  Path Type:              Min at Fast Process Corner
  Data Path Delay:        0.378ns  (logic 0.186ns (49.266%)  route 0.192ns (50.734%))
  Logic Levels:           2  (FDPE=1 LUT6=1)

    Location             Delay type                Incr(ns)  Path(ns)    Netlist Resource(s)
  -------------------------------------------------------------------    -------------------
    SLICE_X29Y32         FDPE                         0.000     0.000 r  u_apb_i2c/u_i2c/bitt_reg[1]/C
    SLICE_X29Y32         FDPE (Prop_fdpe_C_Q)         0.141     0.141 r  u_apb_i2c/u_i2c/bitt_reg[1]/Q
                         net (fo=13, routed)          0.192     0.333    u_apb_i2c/u_i2c/bitt_reg_n_0_[1]
    SLICE_X29Y32         LUT6 (Prop_lut6_I5_O)        0.045     0.378 r  u_apb_i2c/u_i2c/bitt[1]_i_1/O
                         net (fo=1, routed)           0.000     0.378    u_apb_i2c/u_i2c/bitt[1]_i_1_n_0
    SLICE_X29Y32         FDPE                                         r  u_apb_i2c/u_i2c/bitt_reg[1]/D
  -------------------------------------------------------------------    -------------------

Slack:                    inf
  Source:                 u_apb_i2c/u_i2c/bitt_reg[0]/C
                            (rising edge-triggered cell FDPE)
  Destination:            u_apb_i2c/u_i2c/temp_msb_reg[6]/D
  Path Group:             (none)
  Path Type:              Min at Fast Process Corner
  Data Path Delay:        0.389ns  (logic 0.186ns (47.786%)  route 0.203ns (52.214%))
  Logic Levels:           2  (FDPE=1 LUT5=1)

    Location             Delay type                Incr(ns)  Path(ns)    Netlist Resource(s)
  -------------------------------------------------------------------    -------------------
    SLICE_X28Y31         FDPE                         0.000     0.000 r  u_apb_i2c/u_i2c/bitt_reg[0]/C
    SLICE_X28Y31         FDPE (Prop_fdpe_C_Q)         0.141     0.141 r  u_apb_i2c/u_i2c/bitt_reg[0]/Q
                         net (fo=13, routed)          0.203     0.344    u_apb_i2c/u_i2c/bitt_reg_n_0_[0]
    SLICE_X29Y30         LUT5 (Prop_lut5_I1_O)        0.045     0.389 r  u_apb_i2c/u_i2c/temp_msb[6]_i_1/O
                         net (fo=1, routed)           0.000     0.389    u_apb_i2c/u_i2c/temp_msb[6]_i_1_n_0
    SLICE_X29Y30         FDCE                                         r  u_apb_i2c/u_i2c/temp_msb_reg[6]/D
  -------------------------------------------------------------------    -------------------





--------------------------------------------------------------------------------------
Path Group:  (none)
From Clock:  sys_clk_pin
  To Clock:  

Max Delay            23 Endpoints
Min Delay            23 Endpoints
--------------------------------------------------------------------------------------


Max Delay Paths
--------------------------------------------------------------------------------------
Slack:                    inf
  Source:                 u_apb_uart/transmitter_system_inst/uart_fsm_inst/tx_reg_reg/C
                            (rising edge-triggered cell FDSE clocked by sys_clk_pin  {rise@0.000ns fall@5.000ns period=10.000ns})
  Destination:            tx
                            (output port)
  Path Group:             (none)
  Path Type:              Max at Slow Process Corner
  Data Path Delay:        8.218ns  (logic 4.002ns (48.699%)  route 4.216ns (51.301%))
  Logic Levels:           1  (OBUF=1)
  Clock Uncertainty:      0.025ns  ((TSJ^2 + TIJ^2)^1/2 + DJ) / 2 + PE
    Total System Jitter     (TSJ):    0.050ns
    Total Input Jitter      (TIJ):    0.000ns
    Discrete Jitter          (DJ):    0.000ns
    Phase Error              (PE):    0.000ns

    Location             Delay type                Incr(ns)  Path(ns)    Netlist Resource(s)
  -------------------------------------------------------------------    -------------------
                         (clock sys_clk_pin rise edge)
                                                      0.000     0.000 r  
    E3                                                0.000     0.000 r  clock (IN)
                         net (fo=0)                   0.000     0.000    clock
    E3                   IBUF (Prop_ibuf_I_O)         1.489     1.489 r  clock_IBUF_inst/O
                         net (fo=1, routed)           1.967     3.455    clock_IBUF
    BUFGCTRL_X0Y16       BUFG (Prop_bufg_I_O)         0.096     3.551 r  clock_IBUF_BUFG_inst/O
                         net (fo=747, routed)         1.548     5.100    u_apb_uart/transmitter_system_inst/uart_fsm_inst/CLK
    SLICE_X41Y24         FDSE                                         r  u_apb_uart/transmitter_system_inst/uart_fsm_inst/tx_reg_reg/C
  -------------------------------------------------------------------    -------------------
    SLICE_X41Y24         FDSE (Prop_fdse_C_Q)         0.456     5.556 r  u_apb_uart/transmitter_system_inst/uart_fsm_inst/tx_reg_reg/Q
                         net (fo=1, routed)           4.216     9.772    tx_OBUF
    D4                   OBUF (Prop_obuf_I_O)         3.546    13.318 r  tx_OBUF_inst/O
                         net (fo=0)                   0.000    13.318    tx
    D4                                                                r  tx (OUT)
  -------------------------------------------------------------------    -------------------

Slack:                    inf
  Source:                 u_apb_i2c/u_i2c/div_reg[12]/C
                            (rising edge-triggered cell FDCE clocked by sys_clk_pin  {rise@0.000ns fall@5.000ns period=10.000ns})
  Destination:            i2c_scl
                            (output port)
  Path Group:             (none)
  Path Type:              Max at Slow Process Corner
  Data Path Delay:        7.973ns  (logic 4.000ns (50.173%)  route 3.972ns (49.827%))
  Logic Levels:           1  (OBUF=1)
  Clock Uncertainty:      0.025ns  ((TSJ^2 + TIJ^2)^1/2 + DJ) / 2 + PE
    Total System Jitter     (TSJ):    0.050ns
    Total Input Jitter      (TIJ):    0.000ns
    Discrete Jitter          (DJ):    0.000ns
    Phase Error              (PE):    0.000ns

    Location             Delay type                Incr(ns)  Path(ns)    Netlist Resource(s)
  -------------------------------------------------------------------    -------------------
                         (clock sys_clk_pin rise edge)
                                                      0.000     0.000 r  
    E3                                                0.000     0.000 r  clock (IN)
                         net (fo=0)                   0.000     0.000    clock
    E3                   IBUF (Prop_ibuf_I_O)         1.489     1.489 r  clock_IBUF_inst/O
                         net (fo=1, routed)           1.967     3.455    clock_IBUF
    BUFGCTRL_X0Y16       BUFG (Prop_bufg_I_O)         0.096     3.551 r  clock_IBUF_BUFG_inst/O
                         net (fo=747, routed)         1.555     5.107    u_apb_i2c/u_i2c/CLK
    SLICE_X28Y29         FDCE                                         r  u_apb_i2c/u_i2c/div_reg[12]/C
  -------------------------------------------------------------------    -------------------
    SLICE_X28Y29         FDCE (Prop_fdce_C_Q)         0.456     5.563 r  u_apb_i2c/u_i2c/div_reg[12]/Q
                         net (fo=22, routed)          3.972     9.535    i2c_scl_OBUF
    C14                  OBUF (Prop_obuf_I_O)         3.544    13.079 r  i2c_scl_OBUF_inst/O
                         net (fo=0)                   0.000    13.079    i2c_scl
    C14                                                               r  i2c_scl (OUT)
  -------------------------------------------------------------------    -------------------

Slack:                    inf
  Source:                 u_apb_gpio/buf_gpo_reg[2]/C
                            (rising edge-triggered cell FDRE clocked by sys_clk_pin  {rise@0.000ns fall@5.000ns period=10.000ns})
  Destination:            leds[2]
                            (output port)
  Path Group:             (none)
  Path Type:              Max at Slow Process Corner
  Data Path Delay:        7.608ns  (logic 3.989ns (52.434%)  route 3.619ns (47.566%))
  Logic Levels:           1  (OBUF=1)
  Clock Uncertainty:      0.025ns  ((TSJ^2 + TIJ^2)^1/2 + DJ) / 2 + PE
    Total System Jitter     (TSJ):    0.050ns
    Total Input Jitter      (TIJ):    0.000ns
    Discrete Jitter          (DJ):    0.000ns
    Phase Error              (PE):    0.000ns

    Location             Delay type                Incr(ns)  Path(ns)    Netlist Resource(s)
  -------------------------------------------------------------------    -------------------
                         (clock sys_clk_pin rise edge)
                                                      0.000     0.000 r  
    E3                                                0.000     0.000 r  clock (IN)
                         net (fo=0)                   0.000     0.000    clock
    E3                   IBUF (Prop_ibuf_I_O)         1.489     1.489 r  clock_IBUF_inst/O
                         net (fo=1, routed)           1.967     3.455    clock_IBUF
    BUFGCTRL_X0Y16       BUFG (Prop_bufg_I_O)         0.096     3.551 r  clock_IBUF_BUFG_inst/O
                         net (fo=747, routed)         1.549     5.101    u_apb_gpio/CLK
    SLICE_X32Y26         FDRE                                         r  u_apb_gpio/buf_gpo_reg[2]/C
  -------------------------------------------------------------------    -------------------
    SLICE_X32Y26         FDRE (Prop_fdre_C_Q)         0.456     5.557 r  u_apb_gpio/buf_gpo_reg[2]/Q
                         net (fo=1, routed)           3.619     9.176    leds_OBUF[2]
    J13                  OBUF (Prop_obuf_I_O)         3.533    12.709 r  leds_OBUF[2]_inst/O
                         net (fo=0)                   0.000    12.709    leds[2]
    J13                                                               r  leds[2] (OUT)
  -------------------------------------------------------------------    -------------------

Slack:                    inf
  Source:                 u_apb_gpio/buf_gpo_reg[0]/C
                            (rising edge-triggered cell FDRE clocked by sys_clk_pin  {rise@0.000ns fall@5.000ns period=10.000ns})
  Destination:            leds[0]
                            (output port)
  Path Group:             (none)
  Path Type:              Max at Slow Process Corner
  Data Path Delay:        7.436ns  (logic 3.980ns (53.525%)  route 3.456ns (46.475%))
  Logic Levels:           1  (OBUF=1)
  Clock Uncertainty:      0.025ns  ((TSJ^2 + TIJ^2)^1/2 + DJ) / 2 + PE
    Total System Jitter     (TSJ):    0.050ns
    Total Input Jitter      (TIJ):    0.000ns
    Discrete Jitter          (DJ):    0.000ns
    Phase Error              (PE):    0.000ns

    Location             Delay type                Incr(ns)  Path(ns)    Netlist Resource(s)
  -------------------------------------------------------------------    -------------------
                         (clock sys_clk_pin rise edge)
                                                      0.000     0.000 r  
    E3                                                0.000     0.000 r  clock (IN)
                         net (fo=0)                   0.000     0.000    clock
    E3                   IBUF (Prop_ibuf_I_O)         1.489     1.489 r  clock_IBUF_inst/O
                         net (fo=1, routed)           1.967     3.455    clock_IBUF
    BUFGCTRL_X0Y16       BUFG (Prop_bufg_I_O)         0.096     3.551 r  clock_IBUF_BUFG_inst/O
                         net (fo=747, routed)         1.551     5.103    u_apb_gpio/CLK
    SLICE_X29Y27         FDRE                                         r  u_apb_gpio/buf_gpo_reg[0]/C
  -------------------------------------------------------------------    -------------------
    SLICE_X29Y27         FDRE (Prop_fdre_C_Q)         0.456     5.559 r  u_apb_gpio/buf_gpo_reg[0]/Q
                         net (fo=1, routed)           3.456     9.015    leds_OBUF[0]
    H17                  OBUF (Prop_obuf_I_O)         3.524    12.539 r  leds_OBUF[0]_inst/O
                         net (fo=0)                   0.000    12.539    leds[0]
    H17                                                               r  leds[0] (OUT)
  -------------------------------------------------------------------    -------------------

Slack:                    inf
  Source:                 u_apb_gpio/buf_gpo_reg[13]/C
                            (rising edge-triggered cell FDRE clocked by sys_clk_pin  {rise@0.000ns fall@5.000ns period=10.000ns})
  Destination:            leds[13]
                            (output port)
  Path Group:             (none)
  Path Type:              Max at Slow Process Corner
  Data Path Delay:        7.032ns  (logic 3.990ns (56.741%)  route 3.042ns (43.259%))
  Logic Levels:           1  (OBUF=1)
  Clock Uncertainty:      0.025ns  ((TSJ^2 + TIJ^2)^1/2 + DJ) / 2 + PE
    Total System Jitter     (TSJ):    0.050ns
    Total Input Jitter      (TIJ):    0.000ns
    Discrete Jitter          (DJ):    0.000ns
    Phase Error              (PE):    0.000ns

    Location             Delay type                Incr(ns)  Path(ns)    Netlist Resource(s)
  -------------------------------------------------------------------    -------------------
                         (clock sys_clk_pin rise edge)
                                                      0.000     0.000 r  
    E3                                                0.000     0.000 r  clock (IN)
                         net (fo=0)                   0.000     0.000    clock
    E3                   IBUF (Prop_ibuf_I_O)         1.489     1.489 r  clock_IBUF_inst/O
                         net (fo=1, routed)           1.967     3.455    clock_IBUF
    BUFGCTRL_X0Y16       BUFG (Prop_bufg_I_O)         0.096     3.551 r  clock_IBUF_BUFG_inst/O
                         net (fo=747, routed)         1.549     5.101    u_apb_gpio/CLK
    SLICE_X32Y23         FDRE                                         r  u_apb_gpio/buf_gpo_reg[13]/C
  -------------------------------------------------------------------    -------------------
    SLICE_X32Y23         FDRE (Prop_fdre_C_Q)         0.456     5.557 r  u_apb_gpio/buf_gpo_reg[13]/Q
                         net (fo=1, routed)           3.042     8.599    leds_OBUF[13]
    V14                  OBUF (Prop_obuf_I_O)         3.534    12.133 r  leds_OBUF[13]_inst/O
                         net (fo=0)                   0.000    12.133    leds[13]
    V14                                                               r  leds[13] (OUT)
  -------------------------------------------------------------------    -------------------

Slack:                    inf
  Source:                 u_apb_gpio/buf_gpo_reg[1]/C
                            (rising edge-triggered cell FDRE clocked by sys_clk_pin  {rise@0.000ns fall@5.000ns period=10.000ns})
  Destination:            leds[1]
                            (output port)
  Path Group:             (none)
  Path Type:              Max at Slow Process Corner
  Data Path Delay:        6.924ns  (logic 3.999ns (57.757%)  route 2.925ns (42.243%))
  Logic Levels:           1  (OBUF=1)
  Clock Uncertainty:      0.025ns  ((TSJ^2 + TIJ^2)^1/2 + DJ) / 2 + PE
    Total System Jitter     (TSJ):    0.050ns
    Total Input Jitter      (TIJ):    0.000ns
    Discrete Jitter          (DJ):    0.000ns
    Phase Error              (PE):    0.000ns

    Location             Delay type                Incr(ns)  Path(ns)    Netlist Resource(s)
  -------------------------------------------------------------------    -------------------
                         (clock sys_clk_pin rise edge)
                                                      0.000     0.000 r  
    E3                                                0.000     0.000 r  clock (IN)
                         net (fo=0)                   0.000     0.000    clock
    E3                   IBUF (Prop_ibuf_I_O)         1.489     1.489 r  clock_IBUF_inst/O
                         net (fo=1, routed)           1.967     3.455    clock_IBUF
    BUFGCTRL_X0Y16       BUFG (Prop_bufg_I_O)         0.096     3.551 r  clock_IBUF_BUFG_inst/O
                         net (fo=747, routed)         1.551     5.103    u_apb_gpio/CLK
    SLICE_X29Y27         FDRE                                         r  u_apb_gpio/buf_gpo_reg[1]/C
  -------------------------------------------------------------------    -------------------
    SLICE_X29Y27         FDRE (Prop_fdre_C_Q)         0.456     5.559 r  u_apb_gpio/buf_gpo_reg[1]/Q
                         net (fo=1, routed)           2.925     8.484    leds_OBUF[1]
    K15                  OBUF (Prop_obuf_I_O)         3.543    12.027 r  leds_OBUF[1]_inst/O
                         net (fo=0)                   0.000    12.027    leds[1]
    K15                                                               r  leds[1] (OUT)
  -------------------------------------------------------------------    -------------------

Slack:                    inf
  Source:                 u_apb_gpio/buf_gpo_reg[4]/C
                            (rising edge-triggered cell FDRE clocked by sys_clk_pin  {rise@0.000ns fall@5.000ns period=10.000ns})
  Destination:            leds[4]
                            (output port)
  Path Group:             (none)
  Path Type:              Max at Slow Process Corner
  Data Path Delay:        6.871ns  (logic 4.062ns (59.121%)  route 2.809ns (40.879%))
  Logic Levels:           1  (OBUF=1)
  Clock Uncertainty:      0.025ns  ((TSJ^2 + TIJ^2)^1/2 + DJ) / 2 + PE
    Total System Jitter     (TSJ):    0.050ns
    Total Input Jitter      (TIJ):    0.000ns
    Discrete Jitter          (DJ):    0.000ns
    Phase Error              (PE):    0.000ns

    Location             Delay type                Incr(ns)  Path(ns)    Netlist Resource(s)
  -------------------------------------------------------------------    -------------------
                         (clock sys_clk_pin rise edge)
                                                      0.000     0.000 r  
    E3                                                0.000     0.000 r  clock (IN)
                         net (fo=0)                   0.000     0.000    clock
    E3                   IBUF (Prop_ibuf_I_O)         1.489     1.489 r  clock_IBUF_inst/O
                         net (fo=1, routed)           1.967     3.455    clock_IBUF
    BUFGCTRL_X0Y16       BUFG (Prop_bufg_I_O)         0.096     3.551 r  clock_IBUF_BUFG_inst/O
                         net (fo=747, routed)         1.546     5.098    u_apb_gpio/CLK
    SLICE_X34Y25         FDRE                                         r  u_apb_gpio/buf_gpo_reg[4]/C
  -------------------------------------------------------------------    -------------------
    SLICE_X34Y25         FDRE (Prop_fdre_C_Q)         0.518     5.616 r  u_apb_gpio/buf_gpo_reg[4]/Q
                         net (fo=1, routed)           2.809     8.425    leds_OBUF[4]
    R18                  OBUF (Prop_obuf_I_O)         3.544    11.969 r  leds_OBUF[4]_inst/O
                         net (fo=0)                   0.000    11.969    leds[4]
    R18                                                               r  leds[4] (OUT)
  -------------------------------------------------------------------    -------------------

Slack:                    inf
  Source:                 u_apb_gpio/buf_gpo_reg[10]/C
                            (rising edge-triggered cell FDRE clocked by sys_clk_pin  {rise@0.000ns fall@5.000ns period=10.000ns})
  Destination:            leds[10]
                            (output port)
  Path Group:             (none)
  Path Type:              Max at Slow Process Corner
  Data Path Delay:        6.866ns  (logic 3.991ns (58.125%)  route 2.875ns (41.875%))
  Logic Levels:           1  (OBUF=1)
  Clock Uncertainty:      0.025ns  ((TSJ^2 + TIJ^2)^1/2 + DJ) / 2 + PE
    Total System Jitter     (TSJ):    0.050ns
    Total Input Jitter      (TIJ):    0.000ns
    Discrete Jitter          (DJ):    0.000ns
    Phase Error              (PE):    0.000ns

    Location             Delay type                Incr(ns)  Path(ns)    Netlist Resource(s)
  -------------------------------------------------------------------    -------------------
                         (clock sys_clk_pin rise edge)
                                                      0.000     0.000 r  
    E3                                                0.000     0.000 r  clock (IN)
                         net (fo=0)                   0.000     0.000    clock
    E3                   IBUF (Prop_ibuf_I_O)         1.489     1.489 r  clock_IBUF_inst/O
                         net (fo=1, routed)           1.967     3.455    clock_IBUF
    BUFGCTRL_X0Y16       BUFG (Prop_bufg_I_O)         0.096     3.551 r  clock_IBUF_BUFG_inst/O
                         net (fo=747, routed)         1.550     5.102    u_apb_gpio/CLK
    SLICE_X33Y22         FDRE                                         r  u_apb_gpio/buf_gpo_reg[10]/C
  -------------------------------------------------------------------    -------------------
    SLICE_X33Y22         FDRE (Prop_fdre_C_Q)         0.456     5.558 r  u_apb_gpio/buf_gpo_reg[10]/Q
                         net (fo=1, routed)           2.875     8.433    leds_OBUF[10]
    U14                  OBUF (Prop_obuf_I_O)         3.535    11.968 r  leds_OBUF[10]_inst/O
                         net (fo=0)                   0.000    11.968    leds[10]
    U14                                                               r  leds[10] (OUT)
  -------------------------------------------------------------------    -------------------

Slack:                    inf
  Source:                 u_apb_gpio/buf_gpo_reg[15]/C
                            (rising edge-triggered cell FDRE clocked by sys_clk_pin  {rise@0.000ns fall@5.000ns period=10.000ns})
  Destination:            leds[15]
                            (output port)
  Path Group:             (none)
  Path Type:              Max at Slow Process Corner
  Data Path Delay:        6.861ns  (logic 4.004ns (58.356%)  route 2.857ns (41.644%))
  Logic Levels:           1  (OBUF=1)
  Clock Uncertainty:      0.025ns  ((TSJ^2 + TIJ^2)^1/2 + DJ) / 2 + PE
    Total System Jitter     (TSJ):    0.050ns
    Total Input Jitter      (TIJ):    0.000ns
    Discrete Jitter          (DJ):    0.000ns
    Phase Error              (PE):    0.000ns

    Location             Delay type                Incr(ns)  Path(ns)    Netlist Resource(s)
  -------------------------------------------------------------------    -------------------
                         (clock sys_clk_pin rise edge)
                                                      0.000     0.000 r  
    E3                                                0.000     0.000 r  clock (IN)
                         net (fo=0)                   0.000     0.000    clock
    E3                   IBUF (Prop_ibuf_I_O)         1.489     1.489 r  clock_IBUF_inst/O
                         net (fo=1, routed)           1.967     3.455    clock_IBUF
    BUFGCTRL_X0Y16       BUFG (Prop_bufg_I_O)         0.096     3.551 r  clock_IBUF_BUFG_inst/O
                         net (fo=747, routed)         1.549     5.101    u_apb_gpio/CLK
    SLICE_X32Y23         FDRE                                         r  u_apb_gpio/buf_gpo_reg[15]/C
  -------------------------------------------------------------------    -------------------
    SLICE_X32Y23         FDRE (Prop_fdre_C_Q)         0.456     5.557 r  u_apb_gpio/buf_gpo_reg[15]/Q
                         net (fo=1, routed)           2.857     8.414    leds_OBUF[15]
    V11                  OBUF (Prop_obuf_I_O)         3.548    11.962 r  leds_OBUF[15]_inst/O
                         net (fo=0)                   0.000    11.962    leds[15]
    V11                                                               r  leds[15] (OUT)
  -------------------------------------------------------------------    -------------------

Slack:                    inf
  Source:                 u_apb_gpio/buf_gpo_reg[14]/C
                            (rising edge-triggered cell FDRE clocked by sys_clk_pin  {rise@0.000ns fall@5.000ns period=10.000ns})
  Destination:            leds[14]
                            (output port)
  Path Group:             (none)
  Path Type:              Max at Slow Process Corner
  Data Path Delay:        6.855ns  (logic 4.017ns (58.600%)  route 2.838ns (41.400%))
  Logic Levels:           1  (OBUF=1)
  Clock Uncertainty:      0.025ns  ((TSJ^2 + TIJ^2)^1/2 + DJ) / 2 + PE
    Total System Jitter     (TSJ):    0.050ns
    Total Input Jitter      (TIJ):    0.000ns
    Discrete Jitter          (DJ):    0.000ns
    Phase Error              (PE):    0.000ns

    Location             Delay type                Incr(ns)  Path(ns)    Netlist Resource(s)
  -------------------------------------------------------------------    -------------------
                         (clock sys_clk_pin rise edge)
                                                      0.000     0.000 r  
    E3                                                0.000     0.000 r  clock (IN)
                         net (fo=0)                   0.000     0.000    clock
    E3                   IBUF (Prop_ibuf_I_O)         1.489     1.489 r  clock_IBUF_inst/O
                         net (fo=1, routed)           1.967     3.455    clock_IBUF
    BUFGCTRL_X0Y16       BUFG (Prop_bufg_I_O)         0.096     3.551 r  clock_IBUF_BUFG_inst/O
                         net (fo=747, routed)         1.549     5.101    u_apb_gpio/CLK
    SLICE_X32Y23         FDRE                                         r  u_apb_gpio/buf_gpo_reg[14]/C
  -------------------------------------------------------------------    -------------------
    SLICE_X32Y23         FDRE (Prop_fdre_C_Q)         0.456     5.557 r  u_apb_gpio/buf_gpo_reg[14]/Q
                         net (fo=1, routed)           2.838     8.395    leds_OBUF[14]
    V12                  OBUF (Prop_obuf_I_O)         3.561    11.956 r  leds_OBUF[14]_inst/O
                         net (fo=0)                   0.000    11.956    leds[14]
    V12                                                               r  leds[14] (OUT)
  -------------------------------------------------------------------    -------------------





Min Delay Paths
--------------------------------------------------------------------------------------
Slack:                    inf
  Source:                 u_apb_i2c/start_reg/C
                            (rising edge-triggered cell FDRE clocked by sys_clk_pin  {rise@0.000ns fall@5.000ns period=10.000ns})
  Destination:            u_apb_i2c/u_i2c/busy_reg/D
  Path Group:             (none)
  Path Type:              Min at Fast Process Corner
  Data Path Delay:        0.475ns  (logic 0.186ns (39.190%)  route 0.289ns (60.810%))
  Logic Levels:           1  (LUT6=1)
  Clock Uncertainty:      0.025ns  ((TSJ^2 + TIJ^2)^1/2 + DJ) / 2 + PE
    Total System Jitter     (TSJ):    0.050ns
    Total Input Jitter      (TIJ):    0.000ns
    Discrete Jitter          (DJ):    0.000ns
    Phase Error              (PE):    0.000ns

    Location             Delay type                Incr(ns)  Path(ns)    Netlist Resource(s)
  -------------------------------------------------------------------    -------------------
                         (clock sys_clk_pin rise edge)
                                                      0.000     0.000 r  
    E3                                                0.000     0.000 r  clock (IN)
                         net (fo=0)                   0.000     0.000    clock
    E3                   IBUF (Prop_ibuf_I_O)         0.257     0.257 r  clock_IBUF_inst/O
                         net (fo=1, routed)           0.631     0.888    clock_IBUF
    BUFGCTRL_X0Y16       BUFG (Prop_bufg_I_O)         0.026     0.914 r  clock_IBUF_BUFG_inst/O
                         net (fo=747, routed)         0.555     1.468    u_apb_i2c/CLK
    SLICE_X29Y28         FDRE                                         r  u_apb_i2c/start_reg/C
  -------------------------------------------------------------------    -------------------
    SLICE_X29Y28         FDRE (Prop_fdre_C_Q)         0.141     1.609 r  u_apb_i2c/start_reg/Q
                         net (fo=2, routed)           0.289     1.898    u_apb_i2c/u_i2c/busy_reg_0
    SLICE_X29Y32         LUT6 (Prop_lut6_I0_O)        0.045     1.943 r  u_apb_i2c/u_i2c/busy_i_1/O
                         net (fo=1, routed)           0.000     1.943    u_apb_i2c/u_i2c/busy_i_1_n_0
    SLICE_X29Y32         FDCE                                         r  u_apb_i2c/u_i2c/busy_reg/D
  -------------------------------------------------------------------    -------------------

Slack:                    inf
  Source:                 u_apb_i2c/start_reg/C
                            (rising edge-triggered cell FDRE clocked by sys_clk_pin  {rise@0.000ns fall@5.000ns period=10.000ns})
  Destination:            u_apb_i2c/u_i2c/FSM_sequential_state_reg[0]/CE
  Path Group:             (none)
  Path Type:              Min at Fast Process Corner
  Data Path Delay:        0.621ns  (logic 0.186ns (29.952%)  route 0.435ns (70.048%))
  Logic Levels:           1  (LUT6=1)
  Clock Uncertainty:      0.025ns  ((TSJ^2 + TIJ^2)^1/2 + DJ) / 2 + PE
    Total System Jitter     (TSJ):    0.050ns
    Total Input Jitter      (TIJ):    0.000ns
    Discrete Jitter          (DJ):    0.000ns
    Phase Error              (PE):    0.000ns

    Location             Delay type                Incr(ns)  Path(ns)    Netlist Resource(s)
  -------------------------------------------------------------------    -------------------
                         (clock sys_clk_pin rise edge)
                                                      0.000     0.000 r  
    E3                                                0.000     0.000 r  clock (IN)
                         net (fo=0)                   0.000     0.000    clock
    E3                   IBUF (Prop_ibuf_I_O)         0.257     0.257 r  clock_IBUF_inst/O
                         net (fo=1, routed)           0.631     0.888    clock_IBUF
    BUFGCTRL_X0Y16       BUFG (Prop_bufg_I_O)         0.026     0.914 r  clock_IBUF_BUFG_inst/O
                         net (fo=747, routed)         0.555     1.468    u_apb_i2c/CLK
    SLICE_X29Y28         FDRE                                         r  u_apb_i2c/start_reg/C
  -------------------------------------------------------------------    -------------------
    SLICE_X29Y28         FDRE (Prop_fdre_C_Q)         0.141     1.609 r  u_apb_i2c/start_reg/Q
                         net (fo=2, routed)           0.320     1.929    u_apb_i2c/u_i2c/busy_reg_0
    SLICE_X29Y32         LUT6 (Prop_lut6_I0_O)        0.045     1.974 r  u_apb_i2c/u_i2c/FSM_sequential_state[3]_i_1/O
                         net (fo=4, routed)           0.115     2.089    u_apb_i2c/u_i2c/FSM_sequential_state[3]_i_1_n_0
    SLICE_X30Y33         FDCE                                         r  u_apb_i2c/u_i2c/FSM_sequential_state_reg[0]/CE
  -------------------------------------------------------------------    -------------------

Slack:                    inf
  Source:                 u_apb_i2c/start_reg/C
                            (rising edge-triggered cell FDRE clocked by sys_clk_pin  {rise@0.000ns fall@5.000ns period=10.000ns})
  Destination:            u_apb_i2c/u_i2c/FSM_sequential_state_reg[1]/CE
  Path Group:             (none)
  Path Type:              Min at Fast Process Corner
  Data Path Delay:        0.621ns  (logic 0.186ns (29.952%)  route 0.435ns (70.048%))
  Logic Levels:           1  (LUT6=1)
  Clock Uncertainty:      0.025ns  ((TSJ^2 + TIJ^2)^1/2 + DJ) / 2 + PE
    Total System Jitter     (TSJ):    0.050ns
    Total Input Jitter      (TIJ):    0.000ns
    Discrete Jitter          (DJ):    0.000ns
    Phase Error              (PE):    0.000ns

    Location             Delay type                Incr(ns)  Path(ns)    Netlist Resource(s)
  -------------------------------------------------------------------    -------------------
                         (clock sys_clk_pin rise edge)
                                                      0.000     0.000 r  
    E3                                                0.000     0.000 r  clock (IN)
                         net (fo=0)                   0.000     0.000    clock
    E3                   IBUF (Prop_ibuf_I_O)         0.257     0.257 r  clock_IBUF_inst/O
                         net (fo=1, routed)           0.631     0.888    clock_IBUF
    BUFGCTRL_X0Y16       BUFG (Prop_bufg_I_O)         0.026     0.914 r  clock_IBUF_BUFG_inst/O
                         net (fo=747, routed)         0.555     1.468    u_apb_i2c/CLK
    SLICE_X29Y28         FDRE                                         r  u_apb_i2c/start_reg/C
  -------------------------------------------------------------------    -------------------
    SLICE_X29Y28         FDRE (Prop_fdre_C_Q)         0.141     1.609 r  u_apb_i2c/start_reg/Q
                         net (fo=2, routed)           0.320     1.929    u_apb_i2c/u_i2c/busy_reg_0
    SLICE_X29Y32         LUT6 (Prop_lut6_I0_O)        0.045     1.974 r  u_apb_i2c/u_i2c/FSM_sequential_state[3]_i_1/O
                         net (fo=4, routed)           0.115     2.089    u_apb_i2c/u_i2c/FSM_sequential_state[3]_i_1_n_0
    SLICE_X30Y33         FDCE                                         r  u_apb_i2c/u_i2c/FSM_sequential_state_reg[1]/CE
  -------------------------------------------------------------------    -------------------

Slack:                    inf
  Source:                 u_apb_i2c/start_reg/C
                            (rising edge-triggered cell FDRE clocked by sys_clk_pin  {rise@0.000ns fall@5.000ns period=10.000ns})
  Destination:            u_apb_i2c/u_i2c/FSM_sequential_state_reg[2]/CE
  Path Group:             (none)
  Path Type:              Min at Fast Process Corner
  Data Path Delay:        0.621ns  (logic 0.186ns (29.952%)  route 0.435ns (70.048%))
  Logic Levels:           1  (LUT6=1)
  Clock Uncertainty:      0.025ns  ((TSJ^2 + TIJ^2)^1/2 + DJ) / 2 + PE
    Total System Jitter     (TSJ):    0.050ns
    Total Input Jitter      (TIJ):    0.000ns
    Discrete Jitter          (DJ):    0.000ns
    Phase Error              (PE):    0.000ns

    Location             Delay type                Incr(ns)  Path(ns)    Netlist Resource(s)
  -------------------------------------------------------------------    -------------------
                         (clock sys_clk_pin rise edge)
                                                      0.000     0.000 r  
    E3                                                0.000     0.000 r  clock (IN)
                         net (fo=0)                   0.000     0.000    clock
    E3                   IBUF (Prop_ibuf_I_O)         0.257     0.257 r  clock_IBUF_inst/O
                         net (fo=1, routed)           0.631     0.888    clock_IBUF
    BUFGCTRL_X0Y16       BUFG (Prop_bufg_I_O)         0.026     0.914 r  clock_IBUF_BUFG_inst/O
                         net (fo=747, routed)         0.555     1.468    u_apb_i2c/CLK
    SLICE_X29Y28         FDRE                                         r  u_apb_i2c/start_reg/C
  -------------------------------------------------------------------    -------------------
    SLICE_X29Y28         FDRE (Prop_fdre_C_Q)         0.141     1.609 r  u_apb_i2c/start_reg/Q
                         net (fo=2, routed)           0.320     1.929    u_apb_i2c/u_i2c/busy_reg_0
    SLICE_X29Y32         LUT6 (Prop_lut6_I0_O)        0.045     1.974 r  u_apb_i2c/u_i2c/FSM_sequential_state[3]_i_1/O
                         net (fo=4, routed)           0.115     2.089    u_apb_i2c/u_i2c/FSM_sequential_state[3]_i_1_n_0
    SLICE_X30Y33         FDCE                                         r  u_apb_i2c/u_i2c/FSM_sequential_state_reg[2]/CE
  -------------------------------------------------------------------    -------------------

Slack:                    inf
  Source:                 u_apb_i2c/start_reg/C
                            (rising edge-triggered cell FDRE clocked by sys_clk_pin  {rise@0.000ns fall@5.000ns period=10.000ns})
  Destination:            u_apb_i2c/u_i2c/FSM_sequential_state_reg[3]/CE
  Path Group:             (none)
  Path Type:              Min at Fast Process Corner
  Data Path Delay:        0.621ns  (logic 0.186ns (29.952%)  route 0.435ns (70.048%))
  Logic Levels:           1  (LUT6=1)
  Clock Uncertainty:      0.025ns  ((TSJ^2 + TIJ^2)^1/2 + DJ) / 2 + PE
    Total System Jitter     (TSJ):    0.050ns
    Total Input Jitter      (TIJ):    0.000ns
    Discrete Jitter          (DJ):    0.000ns
    Phase Error              (PE):    0.000ns

    Location             Delay type                Incr(ns)  Path(ns)    Netlist Resource(s)
  -------------------------------------------------------------------    -------------------
                         (clock sys_clk_pin rise edge)
                                                      0.000     0.000 r  
    E3                                                0.000     0.000 r  clock (IN)
                         net (fo=0)                   0.000     0.000    clock
    E3                   IBUF (Prop_ibuf_I_O)         0.257     0.257 r  clock_IBUF_inst/O
                         net (fo=1, routed)           0.631     0.888    clock_IBUF
    BUFGCTRL_X0Y16       BUFG (Prop_bufg_I_O)         0.026     0.914 r  clock_IBUF_BUFG_inst/O
                         net (fo=747, routed)         0.555     1.468    u_apb_i2c/CLK
    SLICE_X29Y28         FDRE                                         r  u_apb_i2c/start_reg/C
  -------------------------------------------------------------------    -------------------
    SLICE_X29Y28         FDRE (Prop_fdre_C_Q)         0.141     1.609 r  u_apb_i2c/start_reg/Q
                         net (fo=2, routed)           0.320     1.929    u_apb_i2c/u_i2c/busy_reg_0
    SLICE_X29Y32         LUT6 (Prop_lut6_I0_O)        0.045     1.974 r  u_apb_i2c/u_i2c/FSM_sequential_state[3]_i_1/O
                         net (fo=4, routed)           0.115     2.089    u_apb_i2c/u_i2c/FSM_sequential_state[3]_i_1_n_0
    SLICE_X30Y33         FDCE                                         r  u_apb_i2c/u_i2c/FSM_sequential_state_reg[3]/CE
  -------------------------------------------------------------------    -------------------

Slack:                    inf
  Source:                 u_apb_gpio/buf_gpo_reg[5]/C
                            (rising edge-triggered cell FDRE clocked by sys_clk_pin  {rise@0.000ns fall@5.000ns period=10.000ns})
  Destination:            leds[5]
                            (output port)
  Path Group:             (none)
  Path Type:              Min at Fast Process Corner
  Data Path Delay:        2.120ns  (logic 1.377ns (64.957%)  route 0.743ns (35.043%))
  Logic Levels:           1  (OBUF=1)
  Clock Uncertainty:      0.025ns  ((TSJ^2 + TIJ^2)^1/2 + DJ) / 2 + PE
    Total System Jitter     (TSJ):    0.050ns
    Total Input Jitter      (TIJ):    0.000ns
    Discrete Jitter          (DJ):    0.000ns
    Phase Error              (PE):    0.000ns

    Location             Delay type                Incr(ns)  Path(ns)    Netlist Resource(s)
  -------------------------------------------------------------------    -------------------
                         (clock sys_clk_pin rise edge)
                                                      0.000     0.000 r  
    E3                                                0.000     0.000 r  clock (IN)
                         net (fo=0)                   0.000     0.000    clock
    E3                   IBUF (Prop_ibuf_I_O)         0.257     0.257 r  clock_IBUF_inst/O
                         net (fo=1, routed)           0.631     0.888    clock_IBUF
    BUFGCTRL_X0Y16       BUFG (Prop_bufg_I_O)         0.026     0.914 r  clock_IBUF_BUFG_inst/O
                         net (fo=747, routed)         0.555     1.468    u_apb_gpio/CLK
    SLICE_X33Y22         FDRE                                         r  u_apb_gpio/buf_gpo_reg[5]/C
  -------------------------------------------------------------------    -------------------
    SLICE_X33Y22         FDRE (Prop_fdre_C_Q)         0.141     1.609 r  u_apb_gpio/buf_gpo_reg[5]/Q
                         net (fo=1, routed)           0.743     2.352    leds_OBUF[5]
    V17                  OBUF (Prop_obuf_I_O)         1.236     3.588 r  leds_OBUF[5]_inst/O
                         net (fo=0)                   0.000     3.588    leds[5]
    V17                                                               r  leds[5] (OUT)
  -------------------------------------------------------------------    -------------------

Slack:                    inf
  Source:                 u_apb_gpio/buf_gpo_reg[9]/C
                            (rising edge-triggered cell FDRE clocked by sys_clk_pin  {rise@0.000ns fall@5.000ns period=10.000ns})
  Destination:            leds[9]
                            (output port)
  Path Group:             (none)
  Path Type:              Min at Fast Process Corner
  Data Path Delay:        2.169ns  (logic 1.378ns (63.541%)  route 0.791ns (36.459%))
  Logic Levels:           1  (OBUF=1)
  Clock Uncertainty:      0.025ns  ((TSJ^2 + TIJ^2)^1/2 + DJ) / 2 + PE
    Total System Jitter     (TSJ):    0.050ns
    Total Input Jitter      (TIJ):    0.000ns
    Discrete Jitter          (DJ):    0.000ns
    Phase Error              (PE):    0.000ns

    Location             Delay type                Incr(ns)  Path(ns)    Netlist Resource(s)
  -------------------------------------------------------------------    -------------------
                         (clock sys_clk_pin rise edge)
                                                      0.000     0.000 r  
    E3                                                0.000     0.000 r  clock (IN)
                         net (fo=0)                   0.000     0.000    clock
    E3                   IBUF (Prop_ibuf_I_O)         0.257     0.257 r  clock_IBUF_inst/O
                         net (fo=1, routed)           0.631     0.888    clock_IBUF
    BUFGCTRL_X0Y16       BUFG (Prop_bufg_I_O)         0.026     0.914 r  clock_IBUF_BUFG_inst/O
                         net (fo=747, routed)         0.555     1.468    u_apb_gpio/CLK
    SLICE_X32Y22         FDRE                                         r  u_apb_gpio/buf_gpo_reg[9]/C
  -------------------------------------------------------------------    -------------------
    SLICE_X32Y22         FDRE (Prop_fdre_C_Q)         0.141     1.609 r  u_apb_gpio/buf_gpo_reg[9]/Q
                         net (fo=1, routed)           0.791     2.400    leds_OBUF[9]
    T15                  OBUF (Prop_obuf_I_O)         1.237     3.637 r  leds_OBUF[9]_inst/O
                         net (fo=0)                   0.000     3.637    leds[9]
    T15                                                               r  leds[9] (OUT)
  -------------------------------------------------------------------    -------------------

Slack:                    inf
  Source:                 u_apb_gpio/buf_gpo_reg[11]/C
                            (rising edge-triggered cell FDRE clocked by sys_clk_pin  {rise@0.000ns fall@5.000ns period=10.000ns})
  Destination:            leds[11]
                            (output port)
  Path Group:             (none)
  Path Type:              Min at Fast Process Corner
  Data Path Delay:        2.188ns  (logic 1.375ns (62.837%)  route 0.813ns (37.163%))
  Logic Levels:           1  (OBUF=1)
  Clock Uncertainty:      0.025ns  ((TSJ^2 + TIJ^2)^1/2 + DJ) / 2 + PE
    Total System Jitter     (TSJ):    0.050ns
    Total Input Jitter      (TIJ):    0.000ns
    Discrete Jitter          (DJ):    0.000ns
    Phase Error              (PE):    0.000ns

    Location             Delay type                Incr(ns)  Path(ns)    Netlist Resource(s)
  -------------------------------------------------------------------    -------------------
                         (clock sys_clk_pin rise edge)
                                                      0.000     0.000 r  
    E3                                                0.000     0.000 r  clock (IN)
                         net (fo=0)                   0.000     0.000    clock
    E3                   IBUF (Prop_ibuf_I_O)         0.257     0.257 r  clock_IBUF_inst/O
                         net (fo=1, routed)           0.631     0.888    clock_IBUF
    BUFGCTRL_X0Y16       BUFG (Prop_bufg_I_O)         0.026     0.914 r  clock_IBUF_BUFG_inst/O
                         net (fo=747, routed)         0.555     1.468    u_apb_gpio/CLK
    SLICE_X33Y22         FDRE                                         r  u_apb_gpio/buf_gpo_reg[11]/C
  -------------------------------------------------------------------    -------------------
    SLICE_X33Y22         FDRE (Prop_fdre_C_Q)         0.141     1.609 r  u_apb_gpio/buf_gpo_reg[11]/Q
                         net (fo=1, routed)           0.813     2.423    leds_OBUF[11]
    T16                  OBUF (Prop_obuf_I_O)         1.234     3.657 r  leds_OBUF[11]_inst/O
                         net (fo=0)                   0.000     3.657    leds[11]
    T16                                                               r  leds[11] (OUT)
  -------------------------------------------------------------------    -------------------

Slack:                    inf
  Source:                 u_apb_gpio/buf_gpo_reg[8]/C
                            (rising edge-triggered cell FDRE clocked by sys_clk_pin  {rise@0.000ns fall@5.000ns period=10.000ns})
  Destination:            leds[8]
                            (output port)
  Path Group:             (none)
  Path Type:              Min at Fast Process Corner
  Data Path Delay:        2.192ns  (logic 1.388ns (63.320%)  route 0.804ns (36.680%))
  Logic Levels:           1  (OBUF=1)
  Clock Uncertainty:      0.025ns  ((TSJ^2 + TIJ^2)^1/2 + DJ) / 2 + PE
    Total System Jitter     (TSJ):    0.050ns
    Total Input Jitter      (TIJ):    0.000ns
    Discrete Jitter          (DJ):    0.000ns
    Phase Error              (PE):    0.000ns

    Location             Delay type                Incr(ns)  Path(ns)    Netlist Resource(s)
  -------------------------------------------------------------------    -------------------
                         (clock sys_clk_pin rise edge)
                                                      0.000     0.000 r  
    E3                                                0.000     0.000 r  clock (IN)
                         net (fo=0)                   0.000     0.000    clock
    E3                   IBUF (Prop_ibuf_I_O)         0.257     0.257 r  clock_IBUF_inst/O
                         net (fo=1, routed)           0.631     0.888    clock_IBUF
    BUFGCTRL_X0Y16       BUFG (Prop_bufg_I_O)         0.026     0.914 r  clock_IBUF_BUFG_inst/O
                         net (fo=747, routed)         0.555     1.468    u_apb_gpio/CLK
    SLICE_X32Y22         FDRE                                         r  u_apb_gpio/buf_gpo_reg[8]/C
  -------------------------------------------------------------------    -------------------
    SLICE_X32Y22         FDRE (Prop_fdre_C_Q)         0.141     1.609 r  u_apb_gpio/buf_gpo_reg[8]/Q
                         net (fo=1, routed)           0.804     2.413    leds_OBUF[8]
    V16                  OBUF (Prop_obuf_I_O)         1.247     3.660 r  leds_OBUF[8]_inst/O
                         net (fo=0)                   0.000     3.660    leds[8]
    V16                                                               r  leds[8] (OUT)
  -------------------------------------------------------------------    -------------------

Slack:                    inf
  Source:                 u_apb_gpio/buf_gpo_reg[12]/C
                            (rising edge-triggered cell FDRE clocked by sys_clk_pin  {rise@0.000ns fall@5.000ns period=10.000ns})
  Destination:            leds[12]
                            (output port)
  Path Group:             (none)
  Path Type:              Min at Fast Process Corner
  Data Path Delay:        2.223ns  (logic 1.389ns (62.496%)  route 0.834ns (37.504%))
  Logic Levels:           1  (OBUF=1)
  Clock Uncertainty:      0.025ns  ((TSJ^2 + TIJ^2)^1/2 + DJ) / 2 + PE
    Total System Jitter     (TSJ):    0.050ns
    Total Input Jitter      (TIJ):    0.000ns
    Discrete Jitter          (DJ):    0.000ns
    Phase Error              (PE):    0.000ns

    Location             Delay type                Incr(ns)  Path(ns)    Netlist Resource(s)
  -------------------------------------------------------------------    -------------------
                         (clock sys_clk_pin rise edge)
                                                      0.000     0.000 r  
    E3                                                0.000     0.000 r  clock (IN)
                         net (fo=0)                   0.000     0.000    clock
    E3                   IBUF (Prop_ibuf_I_O)         0.257     0.257 r  clock_IBUF_inst/O
                         net (fo=1, routed)           0.631     0.888    clock_IBUF
    BUFGCTRL_X0Y16       BUFG (Prop_bufg_I_O)         0.026     0.914 r  clock_IBUF_BUFG_inst/O
                         net (fo=747, routed)         0.555     1.468    u_apb_gpio/CLK
    SLICE_X33Y22         FDRE                                         r  u_apb_gpio/buf_gpo_reg[12]/C
  -------------------------------------------------------------------    -------------------
    SLICE_X33Y22         FDRE (Prop_fdre_C_Q)         0.141     1.609 r  u_apb_gpio/buf_gpo_reg[12]/Q
                         net (fo=1, routed)           0.834     2.443    leds_OBUF[12]
    V15                  OBUF (Prop_obuf_I_O)         1.248     3.691 r  leds_OBUF[12]_inst/O
                         net (fo=0)                   0.000     3.691    leds[12]
    V15                                                               r  leds[12] (OUT)
  -------------------------------------------------------------------    -------------------





--------------------------------------------------------------------------------------
Path Group:  (none)
From Clock:  
  To Clock:  sys_clk_pin

Max Delay           201 Endpoints
Min Delay           201 Endpoints
--------------------------------------------------------------------------------------


Max Delay Paths
--------------------------------------------------------------------------------------
Slack:                    inf
  Source:                 resetn
                            (input port)
  Destination:            u_apb_uart/interface_circuit_inst/r_out_reg[1]/R
                            (rising edge-triggered cell FDRE clocked by sys_clk_pin  {rise@0.000ns fall@5.000ns period=10.000ns})
  Path Group:             (none)
  Path Type:              Setup (Max at Slow Process Corner)
  Data Path Delay:        8.154ns  (logic 1.630ns (19.990%)  route 6.524ns (80.010%))
  Logic Levels:           2  (IBUF=1 LUT1=1)
  Clock Path Skew:        4.807ns (DCD - SCD + CPR)
    Destination Clock Delay (DCD):    4.807ns
    Source Clock Delay      (SCD):    0.000ns
    Clock Pessimism Removal (CPR):    0.000ns
  Clock Uncertainty:      0.025ns  ((TSJ^2 + TIJ^2)^1/2 + DJ) / 2 + PE
    Total System Jitter     (TSJ):    0.050ns
    Total Input Jitter      (TIJ):    0.000ns
    Discrete Jitter          (DJ):    0.000ns
    Phase Error              (PE):    0.000ns

    Location             Delay type                Incr(ns)  Path(ns)    Netlist Resource(s)
  -------------------------------------------------------------------    -------------------
    C12                                               0.000     0.000 f  resetn (IN)
                         net (fo=0)                   0.000     0.000    resetn
    C12                  IBUF (Prop_ibuf_I_O)         1.506     1.506 f  resetn_IBUF_inst/O
                         net (fo=4, routed)           4.289     5.794    u_apb_uart/transmitter_system_inst/uart_fsm_inst/resetn_IBUF
    SLICE_X32Y27         LUT1 (Prop_lut1_I0_O)        0.124     5.918 r  u_apb_uart/transmitter_system_inst/uart_fsm_inst/your_instance_name_i_1/O
                         net (fo=108, routed)         2.235     8.154    u_apb_uart/interface_circuit_inst/SR[0]
    SLICE_X43Y23         FDRE                                         r  u_apb_uart/interface_circuit_inst/r_out_reg[1]/R
  -------------------------------------------------------------------    -------------------

                         (clock sys_clk_pin rise edge)
                                                      0.000     0.000 r  
    E3                                                0.000     0.000 r  clock (IN)
                         net (fo=0)                   0.000     0.000    clock
    E3                   IBUF (Prop_ibuf_I_O)         1.418     1.418 r  clock_IBUF_inst/O
                         net (fo=1, routed)           1.862     3.280    clock_IBUF
    BUFGCTRL_X0Y16       BUFG (Prop_bufg_I_O)         0.091     3.371 r  clock_IBUF_BUFG_inst/O
                         net (fo=747, routed)         1.435     4.807    u_apb_uart/interface_circuit_inst/CLK
    SLICE_X43Y23         FDRE                                         r  u_apb_uart/interface_circuit_inst/r_out_reg[1]/C

Slack:                    inf
  Source:                 resetn
                            (input port)
  Destination:            u_apb_uart/data_reg_reg[2]/R
                            (rising edge-triggered cell FDRE clocked by sys_clk_pin  {rise@0.000ns fall@5.000ns period=10.000ns})
  Path Group:             (none)
  Path Type:              Setup (Max at Slow Process Corner)
  Data Path Delay:        8.098ns  (logic 1.630ns (20.126%)  route 6.468ns (79.874%))
  Logic Levels:           2  (IBUF=1 LUT1=1)
  Clock Path Skew:        4.805ns (DCD - SCD + CPR)
    Destination Clock Delay (DCD):    4.805ns
    Source Clock Delay      (SCD):    0.000ns
    Clock Pessimism Removal (CPR):    0.000ns
  Clock Uncertainty:      0.025ns  ((TSJ^2 + TIJ^2)^1/2 + DJ) / 2 + PE
    Total System Jitter     (TSJ):    0.050ns
    Total Input Jitter      (TIJ):    0.000ns
    Discrete Jitter          (DJ):    0.000ns
    Phase Error              (PE):    0.000ns

    Location             Delay type                Incr(ns)  Path(ns)    Netlist Resource(s)
  -------------------------------------------------------------------    -------------------
    C12                                               0.000     0.000 f  resetn (IN)
                         net (fo=0)                   0.000     0.000    resetn
    C12                  IBUF (Prop_ibuf_I_O)         1.506     1.506 f  resetn_IBUF_inst/O
                         net (fo=4, routed)           4.289     5.794    u_apb_uart/transmitter_system_inst/uart_fsm_inst/resetn_IBUF
    SLICE_X32Y27         LUT1 (Prop_lut1_I0_O)        0.124     5.918 r  u_apb_uart/transmitter_system_inst/uart_fsm_inst/your_instance_name_i_1/O
                         net (fo=108, routed)         2.180     8.098    u_apb_uart/reset
    SLICE_X43Y25         FDRE                                         r  u_apb_uart/data_reg_reg[2]/R
  -------------------------------------------------------------------    -------------------

                         (clock sys_clk_pin rise edge)
                                                      0.000     0.000 r  
    E3                                                0.000     0.000 r  clock (IN)
                         net (fo=0)                   0.000     0.000    clock
    E3                   IBUF (Prop_ibuf_I_O)         1.418     1.418 r  clock_IBUF_inst/O
                         net (fo=1, routed)           1.862     3.280    clock_IBUF
    BUFGCTRL_X0Y16       BUFG (Prop_bufg_I_O)         0.091     3.371 r  clock_IBUF_BUFG_inst/O
                         net (fo=747, routed)         1.433     4.805    u_apb_uart/CLK
    SLICE_X43Y25         FDRE                                         r  u_apb_uart/data_reg_reg[2]/C

Slack:                    inf
  Source:                 resetn
                            (input port)
  Destination:            u_apb_uart/data_reg_reg[3]/R
                            (rising edge-triggered cell FDRE clocked by sys_clk_pin  {rise@0.000ns fall@5.000ns period=10.000ns})
  Path Group:             (none)
  Path Type:              Setup (Max at Slow Process Corner)
  Data Path Delay:        8.098ns  (logic 1.630ns (20.126%)  route 6.468ns (79.874%))
  Logic Levels:           2  (IBUF=1 LUT1=1)
  Clock Path Skew:        4.805ns (DCD - SCD + CPR)
    Destination Clock Delay (DCD):    4.805ns
    Source Clock Delay      (SCD):    0.000ns
    Clock Pessimism Removal (CPR):    0.000ns
  Clock Uncertainty:      0.025ns  ((TSJ^2 + TIJ^2)^1/2 + DJ) / 2 + PE
    Total System Jitter     (TSJ):    0.050ns
    Total Input Jitter      (TIJ):    0.000ns
    Discrete Jitter          (DJ):    0.000ns
    Phase Error              (PE):    0.000ns

    Location             Delay type                Incr(ns)  Path(ns)    Netlist Resource(s)
  -------------------------------------------------------------------    -------------------
    C12                                               0.000     0.000 f  resetn (IN)
                         net (fo=0)                   0.000     0.000    resetn
    C12                  IBUF (Prop_ibuf_I_O)         1.506     1.506 f  resetn_IBUF_inst/O
                         net (fo=4, routed)           4.289     5.794    u_apb_uart/transmitter_system_inst/uart_fsm_inst/resetn_IBUF
    SLICE_X32Y27         LUT1 (Prop_lut1_I0_O)        0.124     5.918 r  u_apb_uart/transmitter_system_inst/uart_fsm_inst/your_instance_name_i_1/O
                         net (fo=108, routed)         2.180     8.098    u_apb_uart/reset
    SLICE_X43Y25         FDRE                                         r  u_apb_uart/data_reg_reg[3]/R
  -------------------------------------------------------------------    -------------------

                         (clock sys_clk_pin rise edge)
                                                      0.000     0.000 r  
    E3                                                0.000     0.000 r  clock (IN)
                         net (fo=0)                   0.000     0.000    clock
    E3                   IBUF (Prop_ibuf_I_O)         1.418     1.418 r  clock_IBUF_inst/O
                         net (fo=1, routed)           1.862     3.280    clock_IBUF
    BUFGCTRL_X0Y16       BUFG (Prop_bufg_I_O)         0.091     3.371 r  clock_IBUF_BUFG_inst/O
                         net (fo=747, routed)         1.433     4.805    u_apb_uart/CLK
    SLICE_X43Y25         FDRE                                         r  u_apb_uart/data_reg_reg[3]/C

Slack:                    inf
  Source:                 resetn
                            (input port)
  Destination:            u_apb_uart/data_reg_reg[5]/R
                            (rising edge-triggered cell FDRE clocked by sys_clk_pin  {rise@0.000ns fall@5.000ns period=10.000ns})
  Path Group:             (none)
  Path Type:              Setup (Max at Slow Process Corner)
  Data Path Delay:        8.098ns  (logic 1.630ns (20.126%)  route 6.468ns (79.874%))
  Logic Levels:           2  (IBUF=1 LUT1=1)
  Clock Path Skew:        4.805ns (DCD - SCD + CPR)
    Destination Clock Delay (DCD):    4.805ns
    Source Clock Delay      (SCD):    0.000ns
    Clock Pessimism Removal (CPR):    0.000ns
  Clock Uncertainty:      0.025ns  ((TSJ^2 + TIJ^2)^1/2 + DJ) / 2 + PE
    Total System Jitter     (TSJ):    0.050ns
    Total Input Jitter      (TIJ):    0.000ns
    Discrete Jitter          (DJ):    0.000ns
    Phase Error              (PE):    0.000ns

    Location             Delay type                Incr(ns)  Path(ns)    Netlist Resource(s)
  -------------------------------------------------------------------    -------------------
    C12                                               0.000     0.000 f  resetn (IN)
                         net (fo=0)                   0.000     0.000    resetn
    C12                  IBUF (Prop_ibuf_I_O)         1.506     1.506 f  resetn_IBUF_inst/O
                         net (fo=4, routed)           4.289     5.794    u_apb_uart/transmitter_system_inst/uart_fsm_inst/resetn_IBUF
    SLICE_X32Y27         LUT1 (Prop_lut1_I0_O)        0.124     5.918 r  u_apb_uart/transmitter_system_inst/uart_fsm_inst/your_instance_name_i_1/O
                         net (fo=108, routed)         2.180     8.098    u_apb_uart/reset
    SLICE_X43Y25         FDRE                                         r  u_apb_uart/data_reg_reg[5]/R
  -------------------------------------------------------------------    -------------------

                         (clock sys_clk_pin rise edge)
                                                      0.000     0.000 r  
    E3                                                0.000     0.000 r  clock (IN)
                         net (fo=0)                   0.000     0.000    clock
    E3                   IBUF (Prop_ibuf_I_O)         1.418     1.418 r  clock_IBUF_inst/O
                         net (fo=1, routed)           1.862     3.280    clock_IBUF
    BUFGCTRL_X0Y16       BUFG (Prop_bufg_I_O)         0.091     3.371 r  clock_IBUF_BUFG_inst/O
                         net (fo=747, routed)         1.433     4.805    u_apb_uart/CLK
    SLICE_X43Y25         FDRE                                         r  u_apb_uart/data_reg_reg[5]/C

Slack:                    inf
  Source:                 resetn
                            (input port)
  Destination:            u_apb_uart/interface_circuit_inst/r_out_reg[2]/R
                            (rising edge-triggered cell FDRE clocked by sys_clk_pin  {rise@0.000ns fall@5.000ns period=10.000ns})
  Path Group:             (none)
  Path Type:              Setup (Max at Slow Process Corner)
  Data Path Delay:        8.098ns  (logic 1.630ns (20.126%)  route 6.468ns (79.874%))
  Logic Levels:           2  (IBUF=1 LUT1=1)
  Clock Path Skew:        4.805ns (DCD - SCD + CPR)
    Destination Clock Delay (DCD):    4.805ns
    Source Clock Delay      (SCD):    0.000ns
    Clock Pessimism Removal (CPR):    0.000ns
  Clock Uncertainty:      0.025ns  ((TSJ^2 + TIJ^2)^1/2 + DJ) / 2 + PE
    Total System Jitter     (TSJ):    0.050ns
    Total Input Jitter      (TIJ):    0.000ns
    Discrete Jitter          (DJ):    0.000ns
    Phase Error              (PE):    0.000ns

    Location             Delay type                Incr(ns)  Path(ns)    Netlist Resource(s)
  -------------------------------------------------------------------    -------------------
    C12                                               0.000     0.000 f  resetn (IN)
                         net (fo=0)                   0.000     0.000    resetn
    C12                  IBUF (Prop_ibuf_I_O)         1.506     1.506 f  resetn_IBUF_inst/O
                         net (fo=4, routed)           4.289     5.794    u_apb_uart/transmitter_system_inst/uart_fsm_inst/resetn_IBUF
    SLICE_X32Y27         LUT1 (Prop_lut1_I0_O)        0.124     5.918 r  u_apb_uart/transmitter_system_inst/uart_fsm_inst/your_instance_name_i_1/O
                         net (fo=108, routed)         2.180     8.098    u_apb_uart/interface_circuit_inst/SR[0]
    SLICE_X43Y25         FDRE                                         r  u_apb_uart/interface_circuit_inst/r_out_reg[2]/R
  -------------------------------------------------------------------    -------------------

                         (clock sys_clk_pin rise edge)
                                                      0.000     0.000 r  
    E3                                                0.000     0.000 r  clock (IN)
                         net (fo=0)                   0.000     0.000    clock
    E3                   IBUF (Prop_ibuf_I_O)         1.418     1.418 r  clock_IBUF_inst/O
                         net (fo=1, routed)           1.862     3.280    clock_IBUF
    BUFGCTRL_X0Y16       BUFG (Prop_bufg_I_O)         0.091     3.371 r  clock_IBUF_BUFG_inst/O
                         net (fo=747, routed)         1.433     4.805    u_apb_uart/interface_circuit_inst/CLK
    SLICE_X43Y25         FDRE                                         r  u_apb_uart/interface_circuit_inst/r_out_reg[2]/C

Slack:                    inf
  Source:                 resetn
                            (input port)
  Destination:            u_apb_uart/interface_circuit_inst/r_out_reg[3]/R
                            (rising edge-triggered cell FDRE clocked by sys_clk_pin  {rise@0.000ns fall@5.000ns period=10.000ns})
  Path Group:             (none)
  Path Type:              Setup (Max at Slow Process Corner)
  Data Path Delay:        8.098ns  (logic 1.630ns (20.126%)  route 6.468ns (79.874%))
  Logic Levels:           2  (IBUF=1 LUT1=1)
  Clock Path Skew:        4.805ns (DCD - SCD + CPR)
    Destination Clock Delay (DCD):    4.805ns
    Source Clock Delay      (SCD):    0.000ns
    Clock Pessimism Removal (CPR):    0.000ns
  Clock Uncertainty:      0.025ns  ((TSJ^2 + TIJ^2)^1/2 + DJ) / 2 + PE
    Total System Jitter     (TSJ):    0.050ns
    Total Input Jitter      (TIJ):    0.000ns
    Discrete Jitter          (DJ):    0.000ns
    Phase Error              (PE):    0.000ns

    Location             Delay type                Incr(ns)  Path(ns)    Netlist Resource(s)
  -------------------------------------------------------------------    -------------------
    C12                                               0.000     0.000 f  resetn (IN)
                         net (fo=0)                   0.000     0.000    resetn
    C12                  IBUF (Prop_ibuf_I_O)         1.506     1.506 f  resetn_IBUF_inst/O
                         net (fo=4, routed)           4.289     5.794    u_apb_uart/transmitter_system_inst/uart_fsm_inst/resetn_IBUF
    SLICE_X32Y27         LUT1 (Prop_lut1_I0_O)        0.124     5.918 r  u_apb_uart/transmitter_system_inst/uart_fsm_inst/your_instance_name_i_1/O
                         net (fo=108, routed)         2.180     8.098    u_apb_uart/interface_circuit_inst/SR[0]
    SLICE_X43Y25         FDRE                                         r  u_apb_uart/interface_circuit_inst/r_out_reg[3]/R
  -------------------------------------------------------------------    -------------------

                         (clock sys_clk_pin rise edge)
                                                      0.000     0.000 r  
    E3                                                0.000     0.000 r  clock (IN)
                         net (fo=0)                   0.000     0.000    clock
    E3                   IBUF (Prop_ibuf_I_O)         1.418     1.418 r  clock_IBUF_inst/O
                         net (fo=1, routed)           1.862     3.280    clock_IBUF
    BUFGCTRL_X0Y16       BUFG (Prop_bufg_I_O)         0.091     3.371 r  clock_IBUF_BUFG_inst/O
                         net (fo=747, routed)         1.433     4.805    u_apb_uart/interface_circuit_inst/CLK
    SLICE_X43Y25         FDRE                                         r  u_apb_uart/interface_circuit_inst/r_out_reg[3]/C

Slack:                    inf
  Source:                 resetn
                            (input port)
  Destination:            u_apb_uart/interface_circuit_inst/r_out_reg[5]/R
                            (rising edge-triggered cell FDRE clocked by sys_clk_pin  {rise@0.000ns fall@5.000ns period=10.000ns})
  Path Group:             (none)
  Path Type:              Setup (Max at Slow Process Corner)
  Data Path Delay:        8.098ns  (logic 1.630ns (20.126%)  route 6.468ns (79.874%))
  Logic Levels:           2  (IBUF=1 LUT1=1)
  Clock Path Skew:        4.805ns (DCD - SCD + CPR)
    Destination Clock Delay (DCD):    4.805ns
    Source Clock Delay      (SCD):    0.000ns
    Clock Pessimism Removal (CPR):    0.000ns
  Clock Uncertainty:      0.025ns  ((TSJ^2 + TIJ^2)^1/2 + DJ) / 2 + PE
    Total System Jitter     (TSJ):    0.050ns
    Total Input Jitter      (TIJ):    0.000ns
    Discrete Jitter          (DJ):    0.000ns
    Phase Error              (PE):    0.000ns

    Location             Delay type                Incr(ns)  Path(ns)    Netlist Resource(s)
  -------------------------------------------------------------------    -------------------
    C12                                               0.000     0.000 f  resetn (IN)
                         net (fo=0)                   0.000     0.000    resetn
    C12                  IBUF (Prop_ibuf_I_O)         1.506     1.506 f  resetn_IBUF_inst/O
                         net (fo=4, routed)           4.289     5.794    u_apb_uart/transmitter_system_inst/uart_fsm_inst/resetn_IBUF
    SLICE_X32Y27         LUT1 (Prop_lut1_I0_O)        0.124     5.918 r  u_apb_uart/transmitter_system_inst/uart_fsm_inst/your_instance_name_i_1/O
                         net (fo=108, routed)         2.180     8.098    u_apb_uart/interface_circuit_inst/SR[0]
    SLICE_X43Y25         FDRE                                         r  u_apb_uart/interface_circuit_inst/r_out_reg[5]/R
  -------------------------------------------------------------------    -------------------

                         (clock sys_clk_pin rise edge)
                                                      0.000     0.000 r  
    E3                                                0.000     0.000 r  clock (IN)
                         net (fo=0)                   0.000     0.000    clock
    E3                   IBUF (Prop_ibuf_I_O)         1.418     1.418 r  clock_IBUF_inst/O
                         net (fo=1, routed)           1.862     3.280    clock_IBUF
    BUFGCTRL_X0Y16       BUFG (Prop_bufg_I_O)         0.091     3.371 r  clock_IBUF_BUFG_inst/O
                         net (fo=747, routed)         1.433     4.805    u_apb_uart/interface_circuit_inst/CLK
    SLICE_X43Y25         FDRE                                         r  u_apb_uart/interface_circuit_inst/r_out_reg[5]/C

Slack:                    inf
  Source:                 resetn
                            (input port)
  Destination:            u_apb_uart/data_reg_reg[6]/R
                            (rising edge-triggered cell FDRE clocked by sys_clk_pin  {rise@0.000ns fall@5.000ns period=10.000ns})
  Path Group:             (none)
  Path Type:              Setup (Max at Slow Process Corner)
  Data Path Delay:        8.081ns  (logic 1.630ns (20.168%)  route 6.452ns (79.832%))
  Logic Levels:           2  (IBUF=1 LUT1=1)
  Clock Path Skew:        4.808ns (DCD - SCD + CPR)
    Destination Clock Delay (DCD):    4.808ns
    Source Clock Delay      (SCD):    0.000ns
    Clock Pessimism Removal (CPR):    0.000ns
  Clock Uncertainty:      0.025ns  ((TSJ^2 + TIJ^2)^1/2 + DJ) / 2 + PE
    Total System Jitter     (TSJ):    0.050ns
    Total Input Jitter      (TIJ):    0.000ns
    Discrete Jitter          (DJ):    0.000ns
    Phase Error              (PE):    0.000ns

    Location             Delay type                Incr(ns)  Path(ns)    Netlist Resource(s)
  -------------------------------------------------------------------    -------------------
    C12                                               0.000     0.000 f  resetn (IN)
                         net (fo=0)                   0.000     0.000    resetn
    C12                  IBUF (Prop_ibuf_I_O)         1.506     1.506 f  resetn_IBUF_inst/O
                         net (fo=4, routed)           4.289     5.794    u_apb_uart/transmitter_system_inst/uart_fsm_inst/resetn_IBUF
    SLICE_X32Y27         LUT1 (Prop_lut1_I0_O)        0.124     5.918 r  u_apb_uart/transmitter_system_inst/uart_fsm_inst/your_instance_name_i_1/O
                         net (fo=108, routed)         2.163     8.081    u_apb_uart/reset
    SLICE_X44Y23         FDRE                                         r  u_apb_uart/data_reg_reg[6]/R
  -------------------------------------------------------------------    -------------------

                         (clock sys_clk_pin rise edge)
                                                      0.000     0.000 r  
    E3                                                0.000     0.000 r  clock (IN)
                         net (fo=0)                   0.000     0.000    clock
    E3                   IBUF (Prop_ibuf_I_O)         1.418     1.418 r  clock_IBUF_inst/O
                         net (fo=1, routed)           1.862     3.280    clock_IBUF
    BUFGCTRL_X0Y16       BUFG (Prop_bufg_I_O)         0.091     3.371 r  clock_IBUF_BUFG_inst/O
                         net (fo=747, routed)         1.436     4.808    u_apb_uart/CLK
    SLICE_X44Y23         FDRE                                         r  u_apb_uart/data_reg_reg[6]/C

Slack:                    inf
  Source:                 resetn
                            (input port)
  Destination:            u_apb_uart/data_reg_reg[7]/R
                            (rising edge-triggered cell FDRE clocked by sys_clk_pin  {rise@0.000ns fall@5.000ns period=10.000ns})
  Path Group:             (none)
  Path Type:              Setup (Max at Slow Process Corner)
  Data Path Delay:        8.081ns  (logic 1.630ns (20.168%)  route 6.452ns (79.832%))
  Logic Levels:           2  (IBUF=1 LUT1=1)
  Clock Path Skew:        4.808ns (DCD - SCD + CPR)
    Destination Clock Delay (DCD):    4.808ns
    Source Clock Delay      (SCD):    0.000ns
    Clock Pessimism Removal (CPR):    0.000ns
  Clock Uncertainty:      0.025ns  ((TSJ^2 + TIJ^2)^1/2 + DJ) / 2 + PE
    Total System Jitter     (TSJ):    0.050ns
    Total Input Jitter      (TIJ):    0.000ns
    Discrete Jitter          (DJ):    0.000ns
    Phase Error              (PE):    0.000ns

    Location             Delay type                Incr(ns)  Path(ns)    Netlist Resource(s)
  -------------------------------------------------------------------    -------------------
    C12                                               0.000     0.000 f  resetn (IN)
                         net (fo=0)                   0.000     0.000    resetn
    C12                  IBUF (Prop_ibuf_I_O)         1.506     1.506 f  resetn_IBUF_inst/O
                         net (fo=4, routed)           4.289     5.794    u_apb_uart/transmitter_system_inst/uart_fsm_inst/resetn_IBUF
    SLICE_X32Y27         LUT1 (Prop_lut1_I0_O)        0.124     5.918 r  u_apb_uart/transmitter_system_inst/uart_fsm_inst/your_instance_name_i_1/O
                         net (fo=108, routed)         2.163     8.081    u_apb_uart/reset
    SLICE_X44Y23         FDRE                                         r  u_apb_uart/data_reg_reg[7]/R
  -------------------------------------------------------------------    -------------------

                         (clock sys_clk_pin rise edge)
                                                      0.000     0.000 r  
    E3                                                0.000     0.000 r  clock (IN)
                         net (fo=0)                   0.000     0.000    clock
    E3                   IBUF (Prop_ibuf_I_O)         1.418     1.418 r  clock_IBUF_inst/O
                         net (fo=1, routed)           1.862     3.280    clock_IBUF
    BUFGCTRL_X0Y16       BUFG (Prop_bufg_I_O)         0.091     3.371 r  clock_IBUF_BUFG_inst/O
                         net (fo=747, routed)         1.436     4.808    u_apb_uart/CLK
    SLICE_X44Y23         FDRE                                         r  u_apb_uart/data_reg_reg[7]/C

Slack:                    inf
  Source:                 resetn
                            (input port)
  Destination:            u_apb_uart/interface_circuit_inst/r_out_reg[6]/R
                            (rising edge-triggered cell FDRE clocked by sys_clk_pin  {rise@0.000ns fall@5.000ns period=10.000ns})
  Path Group:             (none)
  Path Type:              Setup (Max at Slow Process Corner)
  Data Path Delay:        8.081ns  (logic 1.630ns (20.168%)  route 6.452ns (79.832%))
  Logic Levels:           2  (IBUF=1 LUT1=1)
  Clock Path Skew:        4.808ns (DCD - SCD + CPR)
    Destination Clock Delay (DCD):    4.808ns
    Source Clock Delay      (SCD):    0.000ns
    Clock Pessimism Removal (CPR):    0.000ns
  Clock Uncertainty:      0.025ns  ((TSJ^2 + TIJ^2)^1/2 + DJ) / 2 + PE
    Total System Jitter     (TSJ):    0.050ns
    Total Input Jitter      (TIJ):    0.000ns
    Discrete Jitter          (DJ):    0.000ns
    Phase Error              (PE):    0.000ns

    Location             Delay type                Incr(ns)  Path(ns)    Netlist Resource(s)
  -------------------------------------------------------------------    -------------------
    C12                                               0.000     0.000 f  resetn (IN)
                         net (fo=0)                   0.000     0.000    resetn
    C12                  IBUF (Prop_ibuf_I_O)         1.506     1.506 f  resetn_IBUF_inst/O
                         net (fo=4, routed)           4.289     5.794    u_apb_uart/transmitter_system_inst/uart_fsm_inst/resetn_IBUF
    SLICE_X32Y27         LUT1 (Prop_lut1_I0_O)        0.124     5.918 r  u_apb_uart/transmitter_system_inst/uart_fsm_inst/your_instance_name_i_1/O
                         net (fo=108, routed)         2.163     8.081    u_apb_uart/interface_circuit_inst/SR[0]
    SLICE_X44Y23         FDRE                                         r  u_apb_uart/interface_circuit_inst/r_out_reg[6]/R
  -------------------------------------------------------------------    -------------------

                         (clock sys_clk_pin rise edge)
                                                      0.000     0.000 r  
    E3                                                0.000     0.000 r  clock (IN)
                         net (fo=0)                   0.000     0.000    clock
    E3                   IBUF (Prop_ibuf_I_O)         1.418     1.418 r  clock_IBUF_inst/O
                         net (fo=1, routed)           1.862     3.280    clock_IBUF
    BUFGCTRL_X0Y16       BUFG (Prop_bufg_I_O)         0.091     3.371 r  clock_IBUF_BUFG_inst/O
                         net (fo=747, routed)         1.436     4.808    u_apb_uart/interface_circuit_inst/CLK
    SLICE_X44Y23         FDRE                                         r  u_apb_uart/interface_circuit_inst/r_out_reg[6]/C





Min Delay Paths
--------------------------------------------------------------------------------------
Slack:                    inf
  Source:                 u_apb_i2c/u_i2c/temp_msb_reg[5]/C
                            (rising edge-triggered cell FDCE)
  Destination:            your_instance_name/inst/iomodule_0/U0/Using_IO_Bus.io_bus_read_data_reg[5]/D
                            (rising edge-triggered cell FDRE clocked by sys_clk_pin  {rise@0.000ns fall@5.000ns period=10.000ns})
  Path Group:             (none)
  Path Type:              Hold (Min at Fast Process Corner)
  Data Path Delay:        0.524ns  (logic 0.231ns (44.125%)  route 0.293ns (55.875%))
  Logic Levels:           3  (FDCE=1 LUT6=2)
  Clock Uncertainty:      0.025ns  ((TSJ^2 + TIJ^2)^1/2 + DJ) / 2 + PE
    Total System Jitter     (TSJ):    0.050ns
    Total Input Jitter      (TIJ):    0.000ns
    Discrete Jitter          (DJ):    0.000ns
    Phase Error              (PE):    0.000ns

    Location             Delay type                Incr(ns)  Path(ns)    Netlist Resource(s)
  -------------------------------------------------------------------    -------------------
    SLICE_X28Y30         FDCE                         0.000     0.000 r  u_apb_i2c/u_i2c/temp_msb_reg[5]/C
    SLICE_X28Y30         FDCE (Prop_fdce_C_Q)         0.141     0.141 r  u_apb_i2c/u_i2c/temp_msb_reg[5]/Q
                         net (fo=2, routed)           0.123     0.264    apb_bridge_inst/u_apb_master/your_instance_name_i_28_0
    SLICE_X29Y28         LUT6 (Prop_lut6_I0_O)        0.045     0.309 r  apb_bridge_inst/u_apb_master/your_instance_name_i_54/O
                         net (fo=1, routed)           0.169     0.479    apb_bridge_inst/u_apb_master/your_instance_name_i_54_n_0
    SLICE_X30Y25         LUT6 (Prop_lut6_I5_O)        0.045     0.524 r  apb_bridge_inst/u_apb_master/your_instance_name_i_28/O
                         net (fo=1, routed)           0.000     0.524    your_instance_name/inst/iomodule_0/U0/IO_Read_Data[5]
    SLICE_X30Y25         FDRE                                         r  your_instance_name/inst/iomodule_0/U0/Using_IO_Bus.io_bus_read_data_reg[5]/D
  -------------------------------------------------------------------    -------------------

                         (clock sys_clk_pin rise edge)
                                                      0.000     0.000 r  
    E3                                                0.000     0.000 r  clock (IN)
                         net (fo=0)                   0.000     0.000    clock
    E3                   IBUF (Prop_ibuf_I_O)         0.445     0.445 r  clock_IBUF_inst/O
                         net (fo=1, routed)           0.685     1.129    clock_IBUF
    BUFGCTRL_X0Y16       BUFG (Prop_bufg_I_O)         0.029     1.158 r  clock_IBUF_BUFG_inst/O
                         net (fo=747, routed)         0.818     1.976    your_instance_name/inst/iomodule_0/U0/Clk
    SLICE_X30Y25         FDRE                                         r  your_instance_name/inst/iomodule_0/U0/Using_IO_Bus.io_bus_read_data_reg[5]/C

Slack:                    inf
  Source:                 u_apb_i2c/u_i2c/temp_msb_reg[1]/C
                            (rising edge-triggered cell FDCE)
  Destination:            your_instance_name/inst/iomodule_0/U0/Using_IO_Bus.io_bus_read_data_reg[1]/D
                            (rising edge-triggered cell FDRE clocked by sys_clk_pin  {rise@0.000ns fall@5.000ns period=10.000ns})
  Path Group:             (none)
  Path Type:              Hold (Min at Fast Process Corner)
  Data Path Delay:        0.603ns  (logic 0.231ns (38.309%)  route 0.372ns (61.691%))
  Logic Levels:           3  (FDCE=1 LUT5=1 LUT6=1)
  Clock Uncertainty:      0.025ns  ((TSJ^2 + TIJ^2)^1/2 + DJ) / 2 + PE
    Total System Jitter     (TSJ):    0.050ns
    Total Input Jitter      (TIJ):    0.000ns
    Discrete Jitter          (DJ):    0.000ns
    Phase Error              (PE):    0.000ns

    Location             Delay type                Incr(ns)  Path(ns)    Netlist Resource(s)
  -------------------------------------------------------------------    -------------------
    SLICE_X29Y30         FDCE                         0.000     0.000 r  u_apb_i2c/u_i2c/temp_msb_reg[1]/C
    SLICE_X29Y30         FDCE (Prop_fdce_C_Q)         0.141     0.141 r  u_apb_i2c/u_i2c/temp_msb_reg[1]/Q
                         net (fo=2, routed)           0.148     0.289    apb_bridge_inst/u_apb_master/your_instance_name_i_32_0
    SLICE_X30Y29         LUT5 (Prop_lut5_I0_O)        0.045     0.334 r  apb_bridge_inst/u_apb_master/your_instance_name_i_61/O
                         net (fo=1, routed)           0.224     0.558    apb_bridge_inst/u_apb_master/your_instance_name_i_61_n_0
    SLICE_X30Y29         LUT6 (Prop_lut6_I2_O)        0.045     0.603 r  apb_bridge_inst/u_apb_master/your_instance_name_i_32/O
                         net (fo=1, routed)           0.000     0.603    your_instance_name/inst/iomodule_0/U0/IO_Read_Data[1]
    SLICE_X30Y29         FDRE                                         r  your_instance_name/inst/iomodule_0/U0/Using_IO_Bus.io_bus_read_data_reg[1]/D
  -------------------------------------------------------------------    -------------------

                         (clock sys_clk_pin rise edge)
                                                      0.000     0.000 r  
    E3                                                0.000     0.000 r  clock (IN)
                         net (fo=0)                   0.000     0.000    clock
    E3                   IBUF (Prop_ibuf_I_O)         0.445     0.445 r  clock_IBUF_inst/O
                         net (fo=1, routed)           0.685     1.129    clock_IBUF
    BUFGCTRL_X0Y16       BUFG (Prop_bufg_I_O)         0.029     1.158 r  clock_IBUF_BUFG_inst/O
                         net (fo=747, routed)         0.823     1.981    your_instance_name/inst/iomodule_0/U0/Clk
    SLICE_X30Y29         FDRE                                         r  your_instance_name/inst/iomodule_0/U0/Using_IO_Bus.io_bus_read_data_reg[1]/C

Slack:                    inf
  Source:                 u_apb_i2c/u_i2c/temp_msb_reg[7]/C
                            (rising edge-triggered cell FDCE)
  Destination:            your_instance_name/inst/iomodule_0/U0/Using_IO_Bus.io_bus_read_data_reg[22]/D
                            (rising edge-triggered cell FDRE clocked by sys_clk_pin  {rise@0.000ns fall@5.000ns period=10.000ns})
  Path Group:             (none)
  Path Type:              Hold (Min at Fast Process Corner)
  Data Path Delay:        0.611ns  (logic 0.231ns (37.803%)  route 0.380ns (62.197%))
  Logic Levels:           3  (FDCE=1 LUT6=2)
  Clock Uncertainty:      0.025ns  ((TSJ^2 + TIJ^2)^1/2 + DJ) / 2 + PE
    Total System Jitter     (TSJ):    0.050ns
    Total Input Jitter      (TIJ):    0.000ns
    Discrete Jitter          (DJ):    0.000ns
    Phase Error              (PE):    0.000ns

    Location             Delay type                Incr(ns)  Path(ns)    Netlist Resource(s)
  -------------------------------------------------------------------    -------------------
    SLICE_X29Y30         FDCE                         0.000     0.000 r  u_apb_i2c/u_i2c/temp_msb_reg[7]/C
    SLICE_X29Y30         FDCE (Prop_fdce_C_Q)         0.141     0.141 r  u_apb_i2c/u_i2c/temp_msb_reg[7]/Q
                         net (fo=3, routed)           0.158     0.299    apb_bridge_inst/u_apb_master/your_instance_name_i_26_0
    SLICE_X29Y29         LUT6 (Prop_lut6_I2_O)        0.045     0.344 r  apb_bridge_inst/u_apb_master/your_instance_name_i_38/O
                         net (fo=8, routed)           0.222     0.566    apb_bridge_inst/u_apb_master/your_instance_name_i_38_n_0
    SLICE_X30Y28         LUT6 (Prop_lut6_I0_O)        0.045     0.611 r  apb_bridge_inst/u_apb_master/your_instance_name_i_11/O
                         net (fo=1, routed)           0.000     0.611    your_instance_name/inst/iomodule_0/U0/IO_Read_Data[22]
    SLICE_X30Y28         FDRE                                         r  your_instance_name/inst/iomodule_0/U0/Using_IO_Bus.io_bus_read_data_reg[22]/D
  -------------------------------------------------------------------    -------------------

                         (clock sys_clk_pin rise edge)
                                                      0.000     0.000 r  
    E3                                                0.000     0.000 r  clock (IN)
                         net (fo=0)                   0.000     0.000    clock
    E3                   IBUF (Prop_ibuf_I_O)         0.445     0.445 r  clock_IBUF_inst/O
                         net (fo=1, routed)           0.685     1.129    clock_IBUF
    BUFGCTRL_X0Y16       BUFG (Prop_bufg_I_O)         0.029     1.158 r  clock_IBUF_BUFG_inst/O
                         net (fo=747, routed)         0.822     1.980    your_instance_name/inst/iomodule_0/U0/Clk
    SLICE_X30Y28         FDRE                                         r  your_instance_name/inst/iomodule_0/U0/Using_IO_Bus.io_bus_read_data_reg[22]/C

Slack:                    inf
  Source:                 u_apb_i2c/u_i2c/temp_msb_reg[7]/C
                            (rising edge-triggered cell FDCE)
  Destination:            your_instance_name/inst/iomodule_0/U0/Using_IO_Bus.io_bus_read_data_reg[8]/D
                            (rising edge-triggered cell FDRE clocked by sys_clk_pin  {rise@0.000ns fall@5.000ns period=10.000ns})
  Path Group:             (none)
  Path Type:              Hold (Min at Fast Process Corner)
  Data Path Delay:        0.649ns  (logic 0.231ns (35.605%)  route 0.418ns (64.395%))
  Logic Levels:           3  (FDCE=1 LUT6=2)
  Clock Uncertainty:      0.025ns  ((TSJ^2 + TIJ^2)^1/2 + DJ) / 2 + PE
    Total System Jitter     (TSJ):    0.050ns
    Total Input Jitter      (TIJ):    0.000ns
    Discrete Jitter          (DJ):    0.000ns
    Phase Error              (PE):    0.000ns

    Location             Delay type                Incr(ns)  Path(ns)    Netlist Resource(s)
  -------------------------------------------------------------------    -------------------
    SLICE_X29Y30         FDCE                         0.000     0.000 r  u_apb_i2c/u_i2c/temp_msb_reg[7]/C
    SLICE_X29Y30         FDCE (Prop_fdce_C_Q)         0.141     0.141 r  u_apb_i2c/u_i2c/temp_msb_reg[7]/Q
                         net (fo=3, routed)           0.158     0.299    apb_bridge_inst/u_apb_master/your_instance_name_i_26_0
    SLICE_X29Y29         LUT6 (Prop_lut6_I2_O)        0.045     0.344 r  apb_bridge_inst/u_apb_master/your_instance_name_i_38/O
                         net (fo=8, routed)           0.259     0.604    apb_bridge_inst/u_apb_master/your_instance_name_i_38_n_0
    SLICE_X29Y26         LUT6 (Prop_lut6_I4_O)        0.045     0.649 r  apb_bridge_inst/u_apb_master/your_instance_name_i_25/O
                         net (fo=1, routed)           0.000     0.649    your_instance_name/inst/iomodule_0/U0/IO_Read_Data[8]
    SLICE_X29Y26         FDRE                                         r  your_instance_name/inst/iomodule_0/U0/Using_IO_Bus.io_bus_read_data_reg[8]/D
  -------------------------------------------------------------------    -------------------

                         (clock sys_clk_pin rise edge)
                                                      0.000     0.000 r  
    E3                                                0.000     0.000 r  clock (IN)
                         net (fo=0)                   0.000     0.000    clock
    E3                   IBUF (Prop_ibuf_I_O)         0.445     0.445 r  clock_IBUF_inst/O
                         net (fo=1, routed)           0.685     1.129    clock_IBUF
    BUFGCTRL_X0Y16       BUFG (Prop_bufg_I_O)         0.029     1.158 r  clock_IBUF_BUFG_inst/O
                         net (fo=747, routed)         0.820     1.978    your_instance_name/inst/iomodule_0/U0/Clk
    SLICE_X29Y26         FDRE                                         r  your_instance_name/inst/iomodule_0/U0/Using_IO_Bus.io_bus_read_data_reg[8]/C

Slack:                    inf
  Source:                 u_apb_i2c/u_i2c/temp_msb_reg[7]/C
                            (rising edge-triggered cell FDCE)
  Destination:            your_instance_name/inst/iomodule_0/U0/Using_IO_Bus.io_bus_read_data_reg[29]/D
                            (rising edge-triggered cell FDRE clocked by sys_clk_pin  {rise@0.000ns fall@5.000ns period=10.000ns})
  Path Group:             (none)
  Path Type:              Hold (Min at Fast Process Corner)
  Data Path Delay:        0.665ns  (logic 0.231ns (34.728%)  route 0.434ns (65.272%))
  Logic Levels:           3  (FDCE=1 LUT6=2)
  Clock Uncertainty:      0.025ns  ((TSJ^2 + TIJ^2)^1/2 + DJ) / 2 + PE
    Total System Jitter     (TSJ):    0.050ns
    Total Input Jitter      (TIJ):    0.000ns
    Discrete Jitter          (DJ):    0.000ns
    Phase Error              (PE):    0.000ns

    Location             Delay type                Incr(ns)  Path(ns)    Netlist Resource(s)
  -------------------------------------------------------------------    -------------------
    SLICE_X29Y30         FDCE                         0.000     0.000 r  u_apb_i2c/u_i2c/temp_msb_reg[7]/C
    SLICE_X29Y30         FDCE (Prop_fdce_C_Q)         0.141     0.141 r  u_apb_i2c/u_i2c/temp_msb_reg[7]/Q
                         net (fo=3, routed)           0.158     0.299    apb_bridge_inst/u_apb_master/your_instance_name_i_26_0
    SLICE_X29Y29         LUT6 (Prop_lut6_I2_O)        0.045     0.344 r  apb_bridge_inst/u_apb_master/your_instance_name_i_38/O
                         net (fo=8, routed)           0.276     0.620    apb_bridge_inst/u_apb_master/your_instance_name_i_38_n_0
    SLICE_X32Y31         LUT6 (Prop_lut6_I0_O)        0.045     0.665 r  apb_bridge_inst/u_apb_master/your_instance_name_i_4/O
                         net (fo=1, routed)           0.000     0.665    your_instance_name/inst/iomodule_0/U0/IO_Read_Data[29]
    SLICE_X32Y31         FDRE                                         r  your_instance_name/inst/iomodule_0/U0/Using_IO_Bus.io_bus_read_data_reg[29]/D
  -------------------------------------------------------------------    -------------------

                         (clock sys_clk_pin rise edge)
                                                      0.000     0.000 r  
    E3                                                0.000     0.000 r  clock (IN)
                         net (fo=0)                   0.000     0.000    clock
    E3                   IBUF (Prop_ibuf_I_O)         0.445     0.445 r  clock_IBUF_inst/O
                         net (fo=1, routed)           0.685     1.129    clock_IBUF
    BUFGCTRL_X0Y16       BUFG (Prop_bufg_I_O)         0.029     1.158 r  clock_IBUF_BUFG_inst/O
                         net (fo=747, routed)         0.825     1.983    your_instance_name/inst/iomodule_0/U0/Clk
    SLICE_X32Y31         FDRE                                         r  your_instance_name/inst/iomodule_0/U0/Using_IO_Bus.io_bus_read_data_reg[29]/C

Slack:                    inf
  Source:                 u_apb_i2c/u_i2c/temp_msb_reg[7]/C
                            (rising edge-triggered cell FDCE)
  Destination:            your_instance_name/inst/iomodule_0/U0/Using_IO_Bus.io_bus_read_data_reg[13]/D
                            (rising edge-triggered cell FDRE clocked by sys_clk_pin  {rise@0.000ns fall@5.000ns period=10.000ns})
  Path Group:             (none)
  Path Type:              Hold (Min at Fast Process Corner)
  Data Path Delay:        0.666ns  (logic 0.231ns (34.669%)  route 0.435ns (65.331%))
  Logic Levels:           3  (FDCE=1 LUT5=1 LUT6=1)
  Clock Uncertainty:      0.025ns  ((TSJ^2 + TIJ^2)^1/2 + DJ) / 2 + PE
    Total System Jitter     (TSJ):    0.050ns
    Total Input Jitter      (TIJ):    0.000ns
    Discrete Jitter          (DJ):    0.000ns
    Phase Error              (PE):    0.000ns

    Location             Delay type                Incr(ns)  Path(ns)    Netlist Resource(s)
  -------------------------------------------------------------------    -------------------
    SLICE_X29Y30         FDCE                         0.000     0.000 r  u_apb_i2c/u_i2c/temp_msb_reg[7]/C
    SLICE_X29Y30         FDCE (Prop_fdce_C_Q)         0.141     0.141 r  u_apb_i2c/u_i2c/temp_msb_reg[7]/Q
                         net (fo=3, routed)           0.298     0.439    apb_bridge_inst/u_apb_master/your_instance_name_i_26_0
    SLICE_X29Y29         LUT5 (Prop_lut5_I0_O)        0.045     0.484 r  apb_bridge_inst/u_apb_master/your_instance_name_i_35/O
                         net (fo=17, routed)          0.137     0.621    apb_bridge_inst/u_apb_master/your_instance_name_i_35_n_0
    SLICE_X30Y29         LUT6 (Prop_lut6_I4_O)        0.045     0.666 r  apb_bridge_inst/u_apb_master/your_instance_name_i_20/O
                         net (fo=1, routed)           0.000     0.666    your_instance_name/inst/iomodule_0/U0/IO_Read_Data[13]
    SLICE_X30Y29         FDRE                                         r  your_instance_name/inst/iomodule_0/U0/Using_IO_Bus.io_bus_read_data_reg[13]/D
  -------------------------------------------------------------------    -------------------

                         (clock sys_clk_pin rise edge)
                                                      0.000     0.000 r  
    E3                                                0.000     0.000 r  clock (IN)
                         net (fo=0)                   0.000     0.000    clock
    E3                   IBUF (Prop_ibuf_I_O)         0.445     0.445 r  clock_IBUF_inst/O
                         net (fo=1, routed)           0.685     1.129    clock_IBUF
    BUFGCTRL_X0Y16       BUFG (Prop_bufg_I_O)         0.029     1.158 r  clock_IBUF_BUFG_inst/O
                         net (fo=747, routed)         0.823     1.981    your_instance_name/inst/iomodule_0/U0/Clk
    SLICE_X30Y29         FDRE                                         r  your_instance_name/inst/iomodule_0/U0/Using_IO_Bus.io_bus_read_data_reg[13]/C

Slack:                    inf
  Source:                 u_apb_i2c/u_i2c/temp_msb_reg[3]/C
                            (rising edge-triggered cell FDCE)
  Destination:            your_instance_name/inst/iomodule_0/U0/Using_IO_Bus.io_bus_read_data_reg[3]/D
                            (rising edge-triggered cell FDRE clocked by sys_clk_pin  {rise@0.000ns fall@5.000ns period=10.000ns})
  Path Group:             (none)
  Path Type:              Hold (Min at Fast Process Corner)
  Data Path Delay:        0.683ns  (logic 0.231ns (33.833%)  route 0.452ns (66.167%))
  Logic Levels:           3  (FDCE=1 LUT6=2)
  Clock Uncertainty:      0.025ns  ((TSJ^2 + TIJ^2)^1/2 + DJ) / 2 + PE
    Total System Jitter     (TSJ):    0.050ns
    Total Input Jitter      (TIJ):    0.000ns
    Discrete Jitter          (DJ):    0.000ns
    Phase Error              (PE):    0.000ns

    Location             Delay type                Incr(ns)  Path(ns)    Netlist Resource(s)
  -------------------------------------------------------------------    -------------------
    SLICE_X29Y29         FDCE                         0.000     0.000 r  u_apb_i2c/u_i2c/temp_msb_reg[3]/C
    SLICE_X29Y29         FDCE (Prop_fdce_C_Q)         0.141     0.141 r  u_apb_i2c/u_i2c/temp_msb_reg[3]/Q
                         net (fo=2, routed)           0.287     0.428    apb_bridge_inst/u_apb_master/your_instance_name_i_30_0
    SLICE_X29Y28         LUT6 (Prop_lut6_I0_O)        0.045     0.473 r  apb_bridge_inst/u_apb_master/your_instance_name_i_58/O
                         net (fo=1, routed)           0.164     0.638    apb_bridge_inst/u_apb_master/your_instance_name_i_58_n_0
    SLICE_X29Y25         LUT6 (Prop_lut6_I5_O)        0.045     0.683 r  apb_bridge_inst/u_apb_master/your_instance_name_i_30/O
                         net (fo=1, routed)           0.000     0.683    your_instance_name/inst/iomodule_0/U0/IO_Read_Data[3]
    SLICE_X29Y25         FDRE                                         r  your_instance_name/inst/iomodule_0/U0/Using_IO_Bus.io_bus_read_data_reg[3]/D
  -------------------------------------------------------------------    -------------------

                         (clock sys_clk_pin rise edge)
                                                      0.000     0.000 r  
    E3                                                0.000     0.000 r  clock (IN)
                         net (fo=0)                   0.000     0.000    clock
    E3                   IBUF (Prop_ibuf_I_O)         0.445     0.445 r  clock_IBUF_inst/O
                         net (fo=1, routed)           0.685     1.129    clock_IBUF
    BUFGCTRL_X0Y16       BUFG (Prop_bufg_I_O)         0.029     1.158 r  clock_IBUF_BUFG_inst/O
                         net (fo=747, routed)         0.819     1.977    your_instance_name/inst/iomodule_0/U0/Clk
    SLICE_X29Y25         FDRE                                         r  your_instance_name/inst/iomodule_0/U0/Using_IO_Bus.io_bus_read_data_reg[3]/C

Slack:                    inf
  Source:                 u_apb_i2c/u_i2c/temp_msb_reg[6]/C
                            (rising edge-triggered cell FDCE)
  Destination:            your_instance_name/inst/iomodule_0/U0/Using_IO_Bus.io_bus_read_data_reg[6]/D
                            (rising edge-triggered cell FDRE clocked by sys_clk_pin  {rise@0.000ns fall@5.000ns period=10.000ns})
  Path Group:             (none)
  Path Type:              Hold (Min at Fast Process Corner)
  Data Path Delay:        0.706ns  (logic 0.231ns (32.727%)  route 0.475ns (67.273%))
  Logic Levels:           3  (FDCE=1 LUT6=2)
  Clock Uncertainty:      0.025ns  ((TSJ^2 + TIJ^2)^1/2 + DJ) / 2 + PE
    Total System Jitter     (TSJ):    0.050ns
    Total Input Jitter      (TIJ):    0.000ns
    Discrete Jitter          (DJ):    0.000ns
    Phase Error              (PE):    0.000ns

    Location             Delay type                Incr(ns)  Path(ns)    Netlist Resource(s)
  -------------------------------------------------------------------    -------------------
    SLICE_X29Y30         FDCE                         0.000     0.000 r  u_apb_i2c/u_i2c/temp_msb_reg[6]/C
    SLICE_X29Y30         FDCE (Prop_fdce_C_Q)         0.141     0.141 r  u_apb_i2c/u_i2c/temp_msb_reg[6]/Q
                         net (fo=2, routed)           0.219     0.360    apb_bridge_inst/u_apb_master/your_instance_name_i_27_0
    SLICE_X30Y29         LUT6 (Prop_lut6_I0_O)        0.045     0.405 r  apb_bridge_inst/u_apb_master/your_instance_name_i_52/O
                         net (fo=1, routed)           0.256     0.661    apb_bridge_inst/u_apb_master/your_instance_name_i_52_n_0
    SLICE_X30Y25         LUT6 (Prop_lut6_I5_O)        0.045     0.706 r  apb_bridge_inst/u_apb_master/your_instance_name_i_27/O
                         net (fo=1, routed)           0.000     0.706    your_instance_name/inst/iomodule_0/U0/IO_Read_Data[6]
    SLICE_X30Y25         FDRE                                         r  your_instance_name/inst/iomodule_0/U0/Using_IO_Bus.io_bus_read_data_reg[6]/D
  -------------------------------------------------------------------    -------------------

                         (clock sys_clk_pin rise edge)
                                                      0.000     0.000 r  
    E3                                                0.000     0.000 r  clock (IN)
                         net (fo=0)                   0.000     0.000    clock
    E3                   IBUF (Prop_ibuf_I_O)         0.445     0.445 r  clock_IBUF_inst/O
                         net (fo=1, routed)           0.685     1.129    clock_IBUF
    BUFGCTRL_X0Y16       BUFG (Prop_bufg_I_O)         0.029     1.158 r  clock_IBUF_BUFG_inst/O
                         net (fo=747, routed)         0.818     1.976    your_instance_name/inst/iomodule_0/U0/Clk
    SLICE_X30Y25         FDRE                                         r  your_instance_name/inst/iomodule_0/U0/Using_IO_Bus.io_bus_read_data_reg[6]/C

Slack:                    inf
  Source:                 u_apb_i2c/u_i2c/temp_msb_reg[7]/C
                            (rising edge-triggered cell FDCE)
  Destination:            your_instance_name/inst/iomodule_0/U0/Using_IO_Bus.io_bus_read_data_reg[17]/D
                            (rising edge-triggered cell FDRE clocked by sys_clk_pin  {rise@0.000ns fall@5.000ns period=10.000ns})
  Path Group:             (none)
  Path Type:              Hold (Min at Fast Process Corner)
  Data Path Delay:        0.714ns  (logic 0.231ns (32.363%)  route 0.483ns (67.637%))
  Logic Levels:           3  (FDCE=1 LUT6=2)
  Clock Uncertainty:      0.025ns  ((TSJ^2 + TIJ^2)^1/2 + DJ) / 2 + PE
    Total System Jitter     (TSJ):    0.050ns
    Total Input Jitter      (TIJ):    0.000ns
    Discrete Jitter          (DJ):    0.000ns
    Phase Error              (PE):    0.000ns

    Location             Delay type                Incr(ns)  Path(ns)    Netlist Resource(s)
  -------------------------------------------------------------------    -------------------
    SLICE_X29Y30         FDCE                         0.000     0.000 r  u_apb_i2c/u_i2c/temp_msb_reg[7]/C
    SLICE_X29Y30         FDCE (Prop_fdce_C_Q)         0.141     0.141 r  u_apb_i2c/u_i2c/temp_msb_reg[7]/Q
                         net (fo=3, routed)           0.158     0.299    apb_bridge_inst/u_apb_master/your_instance_name_i_26_0
    SLICE_X29Y29         LUT6 (Prop_lut6_I2_O)        0.045     0.344 r  apb_bridge_inst/u_apb_master/your_instance_name_i_38/O
                         net (fo=8, routed)           0.324     0.669    apb_bridge_inst/u_apb_master/your_instance_name_i_38_n_0
    SLICE_X30Y30         LUT6 (Prop_lut6_I0_O)        0.045     0.714 r  apb_bridge_inst/u_apb_master/your_instance_name_i_16/O
                         net (fo=1, routed)           0.000     0.714    your_instance_name/inst/iomodule_0/U0/IO_Read_Data[17]
    SLICE_X30Y30         FDRE                                         r  your_instance_name/inst/iomodule_0/U0/Using_IO_Bus.io_bus_read_data_reg[17]/D
  -------------------------------------------------------------------    -------------------

                         (clock sys_clk_pin rise edge)
                                                      0.000     0.000 r  
    E3                                                0.000     0.000 r  clock (IN)
                         net (fo=0)                   0.000     0.000    clock
    E3                   IBUF (Prop_ibuf_I_O)         0.445     0.445 r  clock_IBUF_inst/O
                         net (fo=1, routed)           0.685     1.129    clock_IBUF
    BUFGCTRL_X0Y16       BUFG (Prop_bufg_I_O)         0.029     1.158 r  clock_IBUF_BUFG_inst/O
                         net (fo=747, routed)         0.824     1.982    your_instance_name/inst/iomodule_0/U0/Clk
    SLICE_X30Y30         FDRE                                         r  your_instance_name/inst/iomodule_0/U0/Using_IO_Bus.io_bus_read_data_reg[17]/C

Slack:                    inf
  Source:                 u_apb_i2c/u_i2c/temp_msb_reg[7]/C
                            (rising edge-triggered cell FDCE)
  Destination:            your_instance_name/inst/iomodule_0/U0/Using_IO_Bus.io_bus_read_data_reg[20]/D
                            (rising edge-triggered cell FDRE clocked by sys_clk_pin  {rise@0.000ns fall@5.000ns period=10.000ns})
  Path Group:             (none)
  Path Type:              Hold (Min at Fast Process Corner)
  Data Path Delay:        0.716ns  (logic 0.231ns (32.272%)  route 0.485ns (67.728%))
  Logic Levels:           3  (FDCE=1 LUT6=2)
  Clock Uncertainty:      0.025ns  ((TSJ^2 + TIJ^2)^1/2 + DJ) / 2 + PE
    Total System Jitter     (TSJ):    0.050ns
    Total Input Jitter      (TIJ):    0.000ns
    Discrete Jitter          (DJ):    0.000ns
    Phase Error              (PE):    0.000ns

    Location             Delay type                Incr(ns)  Path(ns)    Netlist Resource(s)
  -------------------------------------------------------------------    -------------------
    SLICE_X29Y30         FDCE                         0.000     0.000 r  u_apb_i2c/u_i2c/temp_msb_reg[7]/C
    SLICE_X29Y30         FDCE (Prop_fdce_C_Q)         0.141     0.141 r  u_apb_i2c/u_i2c/temp_msb_reg[7]/Q
                         net (fo=3, routed)           0.158     0.299    apb_bridge_inst/u_apb_master/your_instance_name_i_26_0
    SLICE_X29Y29         LUT6 (Prop_lut6_I2_O)        0.045     0.344 r  apb_bridge_inst/u_apb_master/your_instance_name_i_38/O
                         net (fo=8, routed)           0.326     0.671    apb_bridge_inst/u_apb_master/your_instance_name_i_38_n_0
    SLICE_X30Y30         LUT6 (Prop_lut6_I0_O)        0.045     0.716 r  apb_bridge_inst/u_apb_master/your_instance_name_i_13/O
                         net (fo=1, routed)           0.000     0.716    your_instance_name/inst/iomodule_0/U0/IO_Read_Data[20]
    SLICE_X30Y30         FDRE                                         r  your_instance_name/inst/iomodule_0/U0/Using_IO_Bus.io_bus_read_data_reg[20]/D
  -------------------------------------------------------------------    -------------------

                         (clock sys_clk_pin rise edge)
                                                      0.000     0.000 r  
    E3                                                0.000     0.000 r  clock (IN)
                         net (fo=0)                   0.000     0.000    clock
    E3                   IBUF (Prop_ibuf_I_O)         0.445     0.445 r  clock_IBUF_inst/O
                         net (fo=1, routed)           0.685     1.129    clock_IBUF
    BUFGCTRL_X0Y16       BUFG (Prop_bufg_I_O)         0.029     1.158 r  clock_IBUF_BUFG_inst/O
                         net (fo=747, routed)         0.824     1.982    your_instance_name/inst/iomodule_0/U0/Clk
    SLICE_X30Y30         FDRE                                         r  your_instance_name/inst/iomodule_0/U0/Using_IO_Bus.io_bus_read_data_reg[20]/C





