#-----------------------------------------------------------
# Vivado v2025.1 (64-bit)
# SW Build 6140274 on Thu May 22 00:12:29 MDT 2025
# IP Build 6138677 on Thu May 22 03:10:11 MDT 2025
# SharedData Build 6139179 on Tue May 20 17:58:58 MDT 2025
# Start of session at: Sat Jan 24 22:17:30 2026
# Process ID         : 9924
# Current directory  : C:/Users/Lenovo/Desktop/Letnik3/DN/Project/Project01
# Command line       : vivado.exe -gui_launcher_event rodinguilauncherevent34264 C:\Users\Lenovo\Desktop\Letnik3\DN\Project\Project01\Project01.xpr
# Log file           : C:/Users/Lenovo/Desktop/Letnik3/DN/Project/Project01/vivado.log
# Journal file       : C:/Users/Lenovo/Desktop/Letnik3/DN/Project/Project01\vivado.jou
# Running On         : DESKTOP-UL4A9AD
# Platform           : Windows Server 2016 or Windows 10
# Operating System   : 26100
# Processor Detail   : AMD Ryzen 5 5600H with Radeon Graphics         
# CPU Frequency      : 3294 MHz
# CPU Physical cores : 6
# CPU Logical cores  : 12
# Host memory        : 14877 MB
# Swap memory        : 10158 MB
# Total Virtual      : 25035 MB
# Available Virtual  : 5080 MB
#-----------------------------------------------------------
start_gui
open_project C:/Users/Lenovo/Desktop/Letnik3/DN/Project/Project01/Project01.xpr
WARNING: [Board 49-26] cannot add Board Part xilinx.com:emb-plus-vpr-4616:part0:1.0 available at D:/2025.1/data/xhub/boards\XilinxBoardStore\boards\Xilinx\emb-plus-vpr-4616\1.0\board.xml as part xcve2302-sfva784-2mp-e-s specified in board_part file is either invalid or not available
WARNING: [Board 49-26] cannot add Board Part xilinx.com:emb-plus-vpr-4616:part0:1.1 available at D:/2025.1/data/xhub/boards\XilinxBoardStore\boards\Xilinx\emb-plus-vpr-4616\1.1\board.xml as part xcve2302-sfva784-2mp-e-s specified in board_part file is either invalid or not available
WARNING: [Board 49-26] cannot add Board Part xilinx.com:k24c:part0:1.0 available at D:/2025.1/data/xhub/boards\XilinxBoardStore\boards\Xilinx\k24c\1.0\board.xml as part xck24-ubva530-2lv-c specified in board_part file is either invalid or not available
WARNING: [Board 49-26] cannot add Board Part xilinx.com:k24c:part0:1.1 available at D:/2025.1/data/xhub/boards\XilinxBoardStore\boards\Xilinx\k24c\1.1\board.xml as part xck24-ubva530-2lv-c specified in board_part file is either invalid or not available
WARNING: [Board 49-26] cannot add Board Part xilinx.com:k24i:part0:1.0 available at D:/2025.1/data/xhub/boards\XilinxBoardStore\boards\Xilinx\k24i\1.0\board.xml as part xck24-ubva530-2lvi-i specified in board_part file is either invalid or not available
WARNING: [Board 49-26] cannot add Board Part xilinx.com:k26c:part0:1.2 available at D:/2025.1/data/xhub/boards\XilinxBoardStore\boards\Xilinx\k26c\1.2\board.xml as part xck26-sfvc784-2lv-c specified in board_part file is either invalid or not available
WARNING: [Board 49-26] cannot add Board Part xilinx.com:k26c:part0:1.3 available at D:/2025.1/data/xhub/boards\XilinxBoardStore\boards\Xilinx\k26c\1.3\board.xml as part xck26-sfvc784-2lv-c specified in board_part file is either invalid or not available
WARNING: [Board 49-26] cannot add Board Part xilinx.com:k26c:part0:1.4 available at D:/2025.1/data/xhub/boards\XilinxBoardStore\boards\Xilinx\k26c\1.4\board.xml as part xck26-sfvc784-2lv-c specified in board_part file is either invalid or not available
WARNING: [Board 49-26] cannot add Board Part xilinx.com:k26i:part0:1.2 available at D:/2025.1/data/xhub/boards\XilinxBoardStore\boards\Xilinx\k26i\1.2\board.xml as part xck26-sfvc784-2lvi-i specified in board_part file is either invalid or not available
WARNING: [Board 49-26] cannot add Board Part xilinx.com:k26i:part0:1.3 available at D:/2025.1/data/xhub/boards\XilinxBoardStore\boards\Xilinx\k26i\1.3\board.xml as part xck26-sfvc784-2lvi-i specified in board_part file is either invalid or not available
WARNING: [Board 49-26] cannot add Board Part xilinx.com:k26i:part0:1.4 available at D:/2025.1/data/xhub/boards\XilinxBoardStore\boards\Xilinx\k26i\1.4\board.xml as part xck26-sfvc784-2lvi-i specified in board_part file is either invalid or not available
WARNING: [Board 49-26] cannot add Board Part xilinx.com:kcu105:part0:1.6 available at D:/2025.1/data/xhub/boards\XilinxBoardStore\boards\Xilinx\kcu105\1.6\board.xml as part xcku040-ffva1156-2-e specified in board_part file is either invalid or not available
WARNING: [Board 49-26] cannot add Board Part xilinx.com:kcu105:part0:1.7 available at D:/2025.1/data/xhub/boards\XilinxBoardStore\boards\Xilinx\kcu105\1.7\board.xml as part xcku040-ffva1156-2-e specified in board_part file is either invalid or not available
WARNING: [Board 49-26] cannot add Board Part xilinx.com:kcu116:part0:1.4 available at D:/2025.1/data/xhub/boards\XilinxBoardStore\boards\Xilinx\kcu116\1.4\board.xml as part xcku5p-ffvb676-2-e specified in board_part file is either invalid or not available
WARNING: [Board 49-26] cannot add Board Part xilinx.com:kcu116:part0:1.5 available at D:/2025.1/data/xhub/boards\XilinxBoardStore\boards\Xilinx\kcu116\1.5\board.xml as part xcku5p-ffvb676-2-e specified in board_part file is either invalid or not available
WARNING: [Board 49-26] cannot add Board Part xilinx.com:kcu1500:part0:1.2 available at D:/2025.1/data/xhub/boards\XilinxBoardStore\boards\Xilinx\kcu1500\1.2\board.xml as part xcku115-flvb2104-2-e specified in board_part file is either invalid or not available
WARNING: [Board 49-26] cannot add Board Part xilinx.com:kd240_som:part0:1.0 available at D:/2025.1/data/xhub/boards\XilinxBoardStore\boards\Xilinx\kd240_som\1.0\board.xml as part xck24-ubva530-2lv-c specified in board_part file is either invalid or not available
WARNING: [Board 49-26] cannot add Board Part xilinx.com:kd240_som:part0:1.1 available at D:/2025.1/data/xhub/boards\XilinxBoardStore\boards\Xilinx\kd240_som\1.1\board.xml as part xck24-ubva530-2lv-c specified in board_part file is either invalid or not available
WARNING: [Board 49-26] cannot add Board Part xilinx.com:kr260_som:part0:1.0 available at D:/2025.1/data/xhub/boards\XilinxBoardStore\boards\Xilinx\kr260_som\1.0\board.xml as part xck26-sfvc784-2lv-c specified in board_part file is either invalid or not available
WARNING: [Board 49-26] cannot add Board Part xilinx.com:kr260_som:part0:1.1 available at D:/2025.1/data/xhub/boards\XilinxBoardStore\boards\Xilinx\kr260_som\1.1\board.xml as part xck26-sfvc784-2lv-c specified in board_part file is either invalid or not available
WARNING: [Board 49-26] cannot add Board Part xilinx.com:kv260_som:part0:1.2 available at D:/2025.1/data/xhub/boards\XilinxBoardStore\boards\Xilinx\kv260_som\1.2\board.xml as part xck26-sfvc784-2lv-c specified in board_part file is either invalid or not available
WARNING: [Board 49-26] cannot add Board Part xilinx.com:kv260_som:part0:1.3 available at D:/2025.1/data/xhub/boards\XilinxBoardStore\boards\Xilinx\kv260_som\1.3\board.xml as part xck26-sfvc784-2lv-c specified in board_part file is either invalid or not available
WARNING: [Board 49-26] cannot add Board Part xilinx.com:kv260_som:part0:1.4 available at D:/2025.1/data/xhub/boards\XilinxBoardStore\boards\Xilinx\kv260_som\1.4\board.xml as part xck26-sfvc784-2lv-c specified in board_part file is either invalid or not available
WARNING: [Board 49-26] cannot add Board Part xilinx.com:scu35:part0:1.0 available at D:/2025.1/data/xhub/boards\XilinxBoardStore\boards\Xilinx\scu35\1.0\board.xml as part xcsu35p-sbvb625-2-e specified in board_part file is either invalid or not available
WARNING: [Board 49-26] cannot add Board Part xilinx.com:v80:part0:1.0 available at D:/2025.1/data/xhub/boards\XilinxBoardStore\boards\Xilinx\v80\1.0\board.xml as part xcv80-lsva4737-2mhp-e-s specified in board_part file is either invalid or not available
WARNING: [Board 49-26] cannot add Board Part xilinx.com:vck190:part0:2.2 available at D:/2025.1/data/xhub/boards\XilinxBoardStore\boards\Xilinx\vck190\production\2.2\board.xml as part xcvc1902-vsva2197-2mp-e-s specified in board_part file is either invalid or not available
WARNING: [Board 49-26] cannot add Board Part xilinx.com:vck190:part0:3.0 available at D:/2025.1/data/xhub/boards\XilinxBoardStore\boards\Xilinx\vck190\production\3.0\board.xml as part xcvc1902-vsva2197-2mp-e-s specified in board_part file is either invalid or not available
WARNING: [Board 49-26] cannot add Board Part xilinx.com:vck190:part0:3.1 available at D:/2025.1/data/xhub/boards\XilinxBoardStore\boards\Xilinx\vck190\production\3.1\board.xml as part xcvc1902-vsva2197-2mp-e-s specified in board_part file is either invalid or not available
WARNING: [Board 49-26] cannot add Board Part xilinx.com:vck190:part0:3.2 available at D:/2025.1/data/xhub/boards\XilinxBoardStore\boards\Xilinx\vck190\production\3.2\board.xml as part xcvc1902-vsva2197-2mp-e-s specified in board_part file is either invalid or not available
WARNING: [Board 49-26] cannot add Board Part xilinx.com:vck190:part0:3.3 available at D:/2025.1/data/xhub/boards\XilinxBoardStore\boards\Xilinx\vck190\production\3.3\board.xml as part xcvc1902-vsva2197-2mp-e-s specified in board_part file is either invalid or not available
WARNING: [Board 49-26] cannot add Board Part xilinx.com:vck190:part0:3.4 available at D:/2025.1/data/xhub/boards\XilinxBoardStore\boards\Xilinx\vck190\production\3.4\board.xml as part xcvc1902-vsva2197-2mp-e-s specified in board_part file is either invalid or not available
WARNING: [Board 49-26] cannot add Board Part xilinx.com:vck190_newl:part0:1.0 available at D:/2025.1/data/xhub/boards\XilinxBoardStore\boards\Xilinx\vck190_newl\production\1.0\board.xml as part xcvc1902-vsva2197-2mp-e-s specified in board_part file is either invalid or not available
WARNING: [Board 49-26] cannot add Board Part xilinx.com:vck190_newl:part0:1.1 available at D:/2025.1/data/xhub/boards\XilinxBoardStore\boards\Xilinx\vck190_newl\production\1.1\board.xml as part xcvc1902-vsva2197-2mp-e-s specified in board_part file is either invalid or not available
WARNING: [Board 49-26] cannot add Board Part xilinx.com:vck190_newl:part0:1.2 available at D:/2025.1/data/xhub/boards\XilinxBoardStore\boards\Xilinx\vck190_newl\production\1.2\board.xml as part xcvc1902-vsva2197-2mp-e-s specified in board_part file is either invalid or not available
WARNING: [Board 49-26] cannot add Board Part xilinx.com:vck190_newl:part0:1.3 available at D:/2025.1/data/xhub/boards\XilinxBoardStore\boards\Xilinx\vck190_newl\production\1.3\board.xml as part xcvc1902-vsva2197-2mp-e-s specified in board_part file is either invalid or not available
WARNING: [Board 49-26] cannot add Board Part xilinx.com:vcu108:part0:1.6 available at D:/2025.1/data/xhub/boards\XilinxBoardStore\boards\Xilinx\vcu108\1.6\board.xml as part xcvu095-ffva2104-2-e specified in board_part file is either invalid or not available
WARNING: [Board 49-26] cannot add Board Part xilinx.com:vcu108:part0:1.7 available at D:/2025.1/data/xhub/boards\XilinxBoardStore\boards\Xilinx\vcu108\1.7\board.xml as part xcvu095-ffva2104-2-e specified in board_part file is either invalid or not available
WARNING: [Board 49-26] cannot add Board Part xilinx.com:vcu110:part0:1.4 available at D:/2025.1/data/xhub/boards\XilinxBoardStore\boards\Xilinx\vcu110\1.4\board.xml as part xcvu190-flgc2104-2-e specified in board_part file is either invalid or not available
WARNING: [Board 49-26] cannot add Board Part xilinx.com:vcu118:part0:2.0 available at D:/2025.1/data/xhub/boards\XilinxBoardStore\boards\Xilinx\vcu118\2.0\board.xml as part xcvu9p-flga2104-2l-e specified in board_part file is either invalid or not available
WARNING: [Board 49-26] cannot add Board Part xilinx.com:vcu118:part0:2.3 available at D:/2025.1/data/xhub/boards\XilinxBoardStore\boards\Xilinx\vcu118\2.3\board.xml as part xcvu9p-flga2104-2l-e specified in board_part file is either invalid or not available
WARNING: [Board 49-26] cannot add Board Part xilinx.com:vcu118:part0:2.4 available at D:/2025.1/data/xhub/boards\XilinxBoardStore\boards\Xilinx\vcu118\2.4\board.xml as part xcvu9p-flga2104-2l-e specified in board_part file is either invalid or not available
WARNING: [Board 49-26] cannot add Board Part xilinx.com:vcu128:part0:1.0 available at D:/2025.1/data/xhub/boards\XilinxBoardStore\boards\Xilinx\vcu128\production\1.0\board.xml as part xcvu37p-fsvh2892-2l-e specified in board_part file is either invalid or not available
WARNING: [Board 49-26] cannot add Board Part xilinx.com:vcu129:part0:1.0 available at D:/2025.1/data/xhub/boards\XilinxBoardStore\boards\Xilinx\vcu129\production\1.0\board.xml as part xcvu29p-fsga2577-2l-e specified in board_part file is either invalid or not available
WARNING: [Board 49-26] cannot add Board Part xilinx.com:vcu1525:part0:1.3 available at D:/2025.1/data/xhub/boards\XilinxBoardStore\boards\Xilinx\vcu1525\1.3\board.xml as part xcvu9p-fsgd2104-2l-e specified in board_part file is either invalid or not available
WARNING: [Board 49-26] cannot add Board Part xilinx.com:vek280:part0:1.0 available at D:/2025.1/data/xhub/boards\XilinxBoardStore\boards\Xilinx\vek280\production\1.0\board.xml as part xcve2802-vsvh1760-2mp-e-s specified in board_part file is either invalid or not available
WARNING: [Board 49-26] cannot add Board Part xilinx.com:vek280:part0:1.1 available at D:/2025.1/data/xhub/boards\XilinxBoardStore\boards\Xilinx\vek280\production\1.1\board.xml as part xcve2802-vsvh1760-2mp-e-s specified in board_part file is either invalid or not available
WARNING: [Board 49-26] cannot add Board Part xilinx.com:vek280:part0:1.2 available at D:/2025.1/data/xhub/boards\XilinxBoardStore\boards\Xilinx\vek280\production\1.2\board.xml as part xcve2802-vsvh1760-2mp-e-s specified in board_part file is either invalid or not available
WARNING: [Board 49-26] cannot add Board Part xilinx.com:vek385:part0:1.0 available at D:/2025.1/data/xhub/boards\XilinxBoardStore\boards\Xilinx\vek385\1.0\board.xml as part xc2ve3858-ssva2112-2mp-e-s specified in board_part file is either invalid or not available
WARNING: [Board 49-26] cannot add Board Part xilinx.com:vermeo_t1_mpsoc:part0:1.0 available at D:/2025.1/data/xhub/boards\XilinxBoardStore\boards\Xilinx\vermeo_t1_mpsoc\1.0\board.xml as part xczu19eg-ffvd1760-2l-e specified in board_part file is either invalid or not available
WARNING: [Board 49-26] cannot add Board Part xilinx.com:vermeo_t1_rfsoc:part0:1.0 available at D:/2025.1/data/xhub/boards\XilinxBoardStore\boards\Xilinx\vermeo_t1_rfsoc\1.0\board.xml as part xczu21dr-ffvd1156-2l-e specified in board_part file is either invalid or not available
WARNING: [Board 49-26] cannot add Board Part xilinx.com:vhk158:part0:1.0 available at D:/2025.1/data/xhub/boards\XilinxBoardStore\boards\Xilinx\vhk158\production\1.0\board.xml as part xcvh1582-vsva3697-2mp-e-s specified in board_part file is either invalid or not available
WARNING: [Board 49-26] cannot add Board Part xilinx.com:vhk158:part0:1.1 available at D:/2025.1/data/xhub/boards\XilinxBoardStore\boards\Xilinx\vhk158\production\1.1\board.xml as part xcvh1582-vsva3697-2mp-e-s specified in board_part file is either invalid or not available
WARNING: [Board 49-26] cannot add Board Part xilinx.com:vhk158:part0:1.2 available at D:/2025.1/data/xhub/boards\XilinxBoardStore\boards\Xilinx\vhk158\production\1.2\board.xml as part xcvh1582-vsva3697-2mp-e-s specified in board_part file is either invalid or not available
WARNING: [Board 49-26] cannot add Board Part xilinx.com:vmk180:part0:2.2 available at D:/2025.1/data/xhub/boards\XilinxBoardStore\boards\Xilinx\vmk180\production\2.2\board.xml as part xcvm1802-vsva2197-2mp-e-s specified in board_part file is either invalid or not available
WARNING: [Board 49-26] cannot add Board Part xilinx.com:vmk180:part0:3.0 available at D:/2025.1/data/xhub/boards\XilinxBoardStore\boards\Xilinx\vmk180\production\3.0\board.xml as part xcvm1802-vsva2197-2mp-e-s specified in board_part file is either invalid or not available
WARNING: [Board 49-26] cannot add Board Part xilinx.com:vmk180:part0:3.1 available at D:/2025.1/data/xhub/boards\XilinxBoardStore\boards\Xilinx\vmk180\production\3.1\board.xml as part xcvm1802-vsva2197-2mp-e-s specified in board_part file is either invalid or not available
WARNING: [Board 49-26] cannot add Board Part xilinx.com:vmk180:part0:3.2 available at D:/2025.1/data/xhub/boards\XilinxBoardStore\boards\Xilinx\vmk180\production\3.2\board.xml as part xcvm1802-vsva2197-2mp-e-s specified in board_part file is either invalid or not available
WARNING: [Board 49-26] cannot add Board Part xilinx.com:vmk180:part0:3.3 available at D:/2025.1/data/xhub/boards\XilinxBoardStore\boards\Xilinx\vmk180\production\3.3\board.xml as part xcvm1802-vsva2197-2mp-e-s specified in board_part file is either invalid or not available
WARNING: [Board 49-26] cannot add Board Part xilinx.com:vmk180_newl:part0:1.0 available at D:/2025.1/data/xhub/boards\XilinxBoardStore\boards\Xilinx\vmk180_newl\production\1.0\board.xml as part xcvm1802-vsva2197-2mp-e-s specified in board_part file is either invalid or not available
WARNING: [Board 49-26] cannot add Board Part xilinx.com:vmk180_newl:part0:1.1 available at D:/2025.1/data/xhub/boards\XilinxBoardStore\boards\Xilinx\vmk180_newl\production\1.1\board.xml as part xcvm1802-vsva2197-2mp-e-s specified in board_part file is either invalid or not available
WARNING: [Board 49-26] cannot add Board Part xilinx.com:vpk120:part0:1.0 available at D:/2025.1/data/xhub/boards\XilinxBoardStore\boards\Xilinx\vpk120\production\1.0\board.xml as part xcvp1202-vsva2785-2mp-e-s specified in board_part file is either invalid or not available
WARNING: [Board 49-26] cannot add Board Part xilinx.com:vpk120:part0:1.1 available at D:/2025.1/data/xhub/boards\XilinxBoardStore\boards\Xilinx\vpk120\production\1.1\board.xml as part xcvp1202-vsva2785-2mp-e-s specified in board_part file is either invalid or not available
WARNING: [Board 49-26] cannot add Board Part xilinx.com:vpk120:part0:1.2 available at D:/2025.1/data/xhub/boards\XilinxBoardStore\boards\Xilinx\vpk120\production\1.2\board.xml as part xcvp1202-vsva2785-2mp-e-s specified in board_part file is either invalid or not available
WARNING: [Board 49-26] cannot add Board Part xilinx.com:vpk180:part0:1.0 available at D:/2025.1/data/xhub/boards\XilinxBoardStore\boards\Xilinx\vpk180\production\1.0\board.xml as part xcvp1802-lsvc4072-2mp-e-s specified in board_part file is either invalid or not available
WARNING: [Board 49-26] cannot add Board Part xilinx.com:vpk180:part0:1.1 available at D:/2025.1/data/xhub/boards\XilinxBoardStore\boards\Xilinx\vpk180\production\1.1\board.xml as part xcvp1802-lsvc4072-2mp-e-s specified in board_part file is either invalid or not available
WARNING: [Board 49-26] cannot add Board Part xilinx.com:vpk180:part0:1.2 available at D:/2025.1/data/xhub/boards\XilinxBoardStore\boards\Xilinx\vpk180\production\1.2\board.xml as part xcvp1802-lsvc4072-2mp-e-s specified in board_part file is either invalid or not available
WARNING: [Board 49-26] cannot add Board Part xilinx.com:zc702:part0:1.4 available at D:/2025.1/data/xhub/boards\XilinxBoardStore\boards\Xilinx\zc702\1.4\board.xml as part xc7z020clg484-1 specified in board_part file is either invalid or not available
WARNING: [Board 49-26] cannot add Board Part xilinx.com:zc706:part0:1.4 available at D:/2025.1/data/xhub/boards\XilinxBoardStore\boards\Xilinx\zc706\1.4\board.xml as part xc7z045ffg900-2 specified in board_part file is either invalid or not available
WARNING: [Board 49-26] cannot add Board Part xilinx.com:zcu102:part0:3.3 available at D:/2025.1/data/xhub/boards\XilinxBoardStore\boards\Xilinx\zcu102\3.3\board.xml as part xczu9eg-ffvb1156-2-e specified in board_part file is either invalid or not available
WARNING: [Board 49-26] cannot add Board Part xilinx.com:zcu102:part0:3.4 available at D:/2025.1/data/xhub/boards\XilinxBoardStore\boards\Xilinx\zcu102\3.4\board.xml as part xczu9eg-ffvb1156-2-e specified in board_part file is either invalid or not available
WARNING: [Board 49-26] cannot add Board Part xilinx.com:zcu104:part0:1.1 available at D:/2025.1/data/xhub/boards\XilinxBoardStore\boards\Xilinx\zcu104\1.1\board.xml as part xczu7ev-ffvc1156-2-e specified in board_part file is either invalid or not available
WARNING: [Board 49-26] cannot add Board Part xilinx.com:zcu106:part0:2.4 available at D:/2025.1/data/xhub/boards\XilinxBoardStore\boards\Xilinx\zcu106\2.4\board.xml as part xczu7ev-ffvc1156-2-e specified in board_part file is either invalid or not available
WARNING: [Board 49-26] cannot add Board Part xilinx.com:zcu106:part0:2.5 available at D:/2025.1/data/xhub/boards\XilinxBoardStore\boards\Xilinx\zcu106\2.5\board.xml as part xczu7ev-ffvc1156-2-e specified in board_part file is either invalid or not available
WARNING: [Board 49-26] cannot add Board Part xilinx.com:zcu106:part0:2.6 available at D:/2025.1/data/xhub/boards\XilinxBoardStore\boards\Xilinx\zcu106\2.6\board.xml as part xczu7ev-ffvc1156-2-e specified in board_part file is either invalid or not available
WARNING: [Board 49-26] cannot add Board Part xilinx.com:zcu111:part0:1.2 available at D:/2025.1/data/xhub/boards\XilinxBoardStore\boards\Xilinx\zcu111\1.2\board.xml as part xczu28dr-ffvg1517-2-e specified in board_part file is either invalid or not available
WARNING: [Board 49-26] cannot add Board Part xilinx.com:zcu111:part0:1.3 available at D:/2025.1/data/xhub/boards\XilinxBoardStore\boards\Xilinx\zcu111\1.3\board.xml as part xczu28dr-ffvg1517-2-e specified in board_part file is either invalid or not available
WARNING: [Board 49-26] cannot add Board Part xilinx.com:zcu111:part0:1.4 available at D:/2025.1/data/xhub/boards\XilinxBoardStore\boards\Xilinx\zcu111\1.4\board.xml as part xczu28dr-ffvg1517-2-e specified in board_part file is either invalid or not available
WARNING: [Board 49-26] cannot add Board Part xilinx.com:zcu1275:part0:1.0 available at D:/2025.1/data/xhub/boards\XilinxBoardStore\boards\Xilinx\zcu1275\1.0\board.xml as part xczu29dr-ffvf1760-2-e specified in board_part file is either invalid or not available
WARNING: [Board 49-26] cannot add Board Part xilinx.com:zcu1285:part0:1.0 available at D:/2025.1/data/xhub/boards\XilinxBoardStore\boards\Xilinx\zcu1285\1.0\board.xml as part xczu39dr-ffvf1760-2-i specified in board_part file is either invalid or not available
WARNING: [Board 49-26] cannot add Board Part xilinx.com:zcu208:part0:2.0 available at D:/2025.1/data/xhub/boards\XilinxBoardStore\boards\Xilinx\zcu208\production\2.0\board.xml as part xczu48dr-fsvg1517-2-e specified in board_part file is either invalid or not available
WARNING: [Board 49-26] cannot add Board Part xilinx.com:zcu208ld:part0:2.0 available at D:/2025.1/data/xhub/boards\XilinxBoardStore\boards\Xilinx\zcu208ld\production\2.0\board.xml as part xczu58dr-fsvg1517-2-i specified in board_part file is either invalid or not available
WARNING: [Board 49-26] cannot add Board Part xilinx.com:zcu216:part0:2.0 available at D:/2025.1/data/xhub/boards\XilinxBoardStore\boards\Xilinx\zcu216\production\2.0\board.xml as part xczu49dr-ffvf1760-2-e specified in board_part file is either invalid or not available
WARNING: [Board 49-26] cannot add Board Part xilinx.com:zcu216ld:part0:2.0 available at D:/2025.1/data/xhub/boards\XilinxBoardStore\boards\Xilinx\zcu216ld\production\2.0\board.xml as part xczu59dr-ffvf1760-2-i specified in board_part file is either invalid or not available
WARNING: [Board 49-26] cannot add Board Part xilinx.com:zcu670:part0:2.0 available at D:/2025.1/data/xhub/boards\XilinxBoardStore\boards\Xilinx\zcu670\2.0\board.xml as part xczu67dr-fsve1156-2-i specified in board_part file is either invalid or not available
WARNING: [Board 49-26] cannot add Board Part xilinx.com:zcu670ld:part0:1.0 available at D:/2025.1/data/xhub/boards\XilinxBoardStore\boards\Xilinx\zcu670ld\1.0\board.xml as part xczu57dr-fsve1156-2-i specified in board_part file is either invalid or not available
Scanning sources...
Finished scanning sources
WARNING: [Board 49-26] cannot add Board Part xilinx.com:emb-plus-vpr-4616:part0:1.0 available at D:/2025.1/data/xhub/boards\XilinxBoardStore\boards\Xilinx\emb-plus-vpr-4616\1.0\board.xml as part xcve2302-sfva784-2mp-e-s specified in board_part file is either invalid or not available
WARNING: [Board 49-26] cannot add Board Part xilinx.com:emb-plus-vpr-4616:part0:1.1 available at D:/2025.1/data/xhub/boards\XilinxBoardStore\boards\Xilinx\emb-plus-vpr-4616\1.1\board.xml as part xcve2302-sfva784-2mp-e-s specified in board_part file is either invalid or not available
WARNING: [Board 49-26] cannot add Board Part xilinx.com:k24c:part0:1.0 available at D:/2025.1/data/xhub/boards\XilinxBoardStore\boards\Xilinx\k24c\1.0\board.xml as part xck24-ubva530-2lv-c specified in board_part file is either invalid or not available
WARNING: [Board 49-26] cannot add Board Part xilinx.com:k24c:part0:1.1 available at D:/2025.1/data/xhub/boards\XilinxBoardStore\boards\Xilinx\k24c\1.1\board.xml as part xck24-ubva530-2lv-c specified in board_part file is either invalid or not available
WARNING: [Board 49-26] cannot add Board Part xilinx.com:k24i:part0:1.0 available at D:/2025.1/data/xhub/boards\XilinxBoardStore\boards\Xilinx\k24i\1.0\board.xml as part xck24-ubva530-2lvi-i specified in board_part file is either invalid or not available
WARNING: [Board 49-26] cannot add Board Part xilinx.com:k26c:part0:1.2 available at D:/2025.1/data/xhub/boards\XilinxBoardStore\boards\Xilinx\k26c\1.2\board.xml as part xck26-sfvc784-2lv-c specified in board_part file is either invalid or not available
WARNING: [Board 49-26] cannot add Board Part xilinx.com:k26c:part0:1.3 available at D:/2025.1/data/xhub/boards\XilinxBoardStore\boards\Xilinx\k26c\1.3\board.xml as part xck26-sfvc784-2lv-c specified in board_part file is either invalid or not available
WARNING: [Board 49-26] cannot add Board Part xilinx.com:k26c:part0:1.4 available at D:/2025.1/data/xhub/boards\XilinxBoardStore\boards\Xilinx\k26c\1.4\board.xml as part xck26-sfvc784-2lv-c specified in board_part file is either invalid or not available
WARNING: [Board 49-26] cannot add Board Part xilinx.com:k26i:part0:1.2 available at D:/2025.1/data/xhub/boards\XilinxBoardStore\boards\Xilinx\k26i\1.2\board.xml as part xck26-sfvc784-2lvi-i specified in board_part file is either invalid or not available
WARNING: [Board 49-26] cannot add Board Part xilinx.com:k26i:part0:1.3 available at D:/2025.1/data/xhub/boards\XilinxBoardStore\boards\Xilinx\k26i\1.3\board.xml as part xck26-sfvc784-2lvi-i specified in board_part file is either invalid or not available
WARNING: [Board 49-26] cannot add Board Part xilinx.com:k26i:part0:1.4 available at D:/2025.1/data/xhub/boards\XilinxBoardStore\boards\Xilinx\k26i\1.4\board.xml as part xck26-sfvc784-2lvi-i specified in board_part file is either invalid or not available
WARNING: [Board 49-26] cannot add Board Part xilinx.com:kcu105:part0:1.6 available at D:/2025.1/data/xhub/boards\XilinxBoardStore\boards\Xilinx\kcu105\1.6\board.xml as part xcku040-ffva1156-2-e specified in board_part file is either invalid or not available
WARNING: [Board 49-26] cannot add Board Part xilinx.com:kcu105:part0:1.7 available at D:/2025.1/data/xhub/boards\XilinxBoardStore\boards\Xilinx\kcu105\1.7\board.xml as part xcku040-ffva1156-2-e specified in board_part file is either invalid or not available
WARNING: [Board 49-26] cannot add Board Part xilinx.com:kcu116:part0:1.4 available at D:/2025.1/data/xhub/boards\XilinxBoardStore\boards\Xilinx\kcu116\1.4\board.xml as part xcku5p-ffvb676-2-e specified in board_part file is either invalid or not available
WARNING: [Board 49-26] cannot add Board Part xilinx.com:kcu116:part0:1.5 available at D:/2025.1/data/xhub/boards\XilinxBoardStore\boards\Xilinx\kcu116\1.5\board.xml as part xcku5p-ffvb676-2-e specified in board_part file is either invalid or not available
INFO: [Common 17-14] Message 'Board 49-26' appears 100 times and further instances of the messages will be disabled. Use the Tcl command set_msg_config to change the current settings.
WARNING: [Project 1-5713] Board part '' set for the project  is not found. BoardPart property will be unset. Please select board from latest repo build 
INFO: [IP_Flow 19-234] Refreshing IP repositories
INFO: [IP_Flow 19-1704] No user IP repositories specified
INFO: [IP_Flow 19-2313] Loaded Vivado IP repository 'D:/2025.1/Vivado/data/ip'.
open_project: Time (s): cpu = 00:00:19 ; elapsed = 00:00:07 . Memory (MB): peak = 1648.484 ; gain = 200.805
update_compile_order -fileset sources_1
export_ip_user_files -of_objects  [get_files C:/Users/Lenovo/Desktop/Letnik3/DN/Project/Project01/Project01.srcs/sources_1/new/i2c_tmp102_master.sv] -no_script -reset -force -quiet
remove_files  C:/Users/Lenovo/Desktop/Letnik3/DN/Project/Project01/Project01.srcs/sources_1/new/i2c_tmp102_master.sv
WARNING: [filemgmt 56-199] Attempt to get parsing info during refresh. "On-the-fly" syntax checking information may be incorrect. [C:\Users\Lenovo\Desktop\Letnik3\DN\Project\Project01\Project01.srcs\sources_1\new\i2c_tmp102_master.sv:]
WARNING: [filemgmt 56-199] Attempt to get parsing info during refresh. "On-the-fly" syntax checking information may be incorrect. [C:\Users\Lenovo\Desktop\Letnik3\DN\Project\Project01\Project01.srcs\sources_1\new\APB_uart.sv:]
WARNING: [filemgmt 56-199] Attempt to get parsing info during refresh. "On-the-fly" syntax checking information may be incorrect. [C:\Users\Lenovo\Desktop\Letnik3\DN\Project\Project01\Project01.srcs\sources_1\new\APB_i2c.sv:]
WARNING: [filemgmt 56-199] Attempt to get parsing info during refresh. "On-the-fly" syntax checking information may be incorrect. [C:\Users\Lenovo\Desktop\Letnik3\DN\Project\Project01\Project01.srcs\sources_1\new\top.sv:]
WARNING: [filemgmt 56-199] Attempt to get parsing info during refresh. "On-the-fly" syntax checking information may be incorrect. [C:\Users\Lenovo\Desktop\Letnik3\DN\Project\Project01\Project01.srcs\sources_1\new\APB_uart.sv:]
WARNING: [filemgmt 56-199] Attempt to get parsing info during refresh. "On-the-fly" syntax checking information may be incorrect. [C:\Users\Lenovo\Desktop\Letnik3\DN\Project\Project01\Project01.srcs\sources_1\new\APB_uart.sv:]
WARNING: [filemgmt 56-199] Attempt to get parsing info during refresh. "On-the-fly" syntax checking information may be incorrect. [C:\Users\Lenovo\Desktop\Letnik3\DN\Project\Project01\Project01.srcs\sources_1\new\i2c_tmp102_master.sv:]
WARNING: [filemgmt 56-199] Attempt to get parsing info during refresh. "On-the-fly" syntax checking information may be incorrect. [C:\Users\Lenovo\Desktop\Letnik3\DN\Project\Project01\Project01.srcs\sources_1\new\APB_uart.sv:]
WARNING: [filemgmt 56-199] Attempt to get parsing info during refresh. "On-the-fly" syntax checking information may be incorrect. [C:\Users\Lenovo\Desktop\Letnik3\DN\Project\Project01\Project01.srcs\sources_1\new\APB_i2c.sv:]
WARNING: [filemgmt 56-199] Attempt to get parsing info during refresh. "On-the-fly" syntax checking information may be incorrect. [C:\Users\Lenovo\Desktop\Letnik3\DN\Project\Project01\Project01.srcs\sources_1\new\top.sv:]
WARNING: [filemgmt 56-199] Attempt to get parsing info during refresh. "On-the-fly" syntax checking information may be incorrect. [C:\Users\Lenovo\Desktop\Letnik3\DN\Project\Project01\Project01.srcs\sources_1\new\APB_i2c.sv:]
WARNING: [filemgmt 56-199] Attempt to get parsing info during refresh. "On-the-fly" syntax checking information may be incorrect. [C:\Users\Lenovo\Desktop\Letnik3\DN\Project\Project01\Project01.srcs\sources_1\new\APB_i2c.sv:]
close [ open C:/Users/Lenovo/Desktop/Letnik3/DN/Project/Project01/Project01.srcs/sources_1/new/i2c_master.sv w ]
add_files C:/Users/Lenovo/Desktop/Letnik3/DN/Project/Project01/Project01.srcs/sources_1/new/i2c_master.sv
WARNING: [filemgmt 56-199] Attempt to get parsing info during refresh. "On-the-fly" syntax checking information may be incorrect. [C:\Users\Lenovo\Desktop\Letnik3\DN\Project\Project01\Project01.srcs\sources_1\new\i2c_tmp102_master.sv:]
WARNING: [filemgmt 56-199] Attempt to get parsing info during refresh. "On-the-fly" syntax checking information may be incorrect. [C:\Users\Lenovo\Desktop\Letnik3\DN\Project\Project01\Project01.srcs\sources_1\new\APB_uart.sv:]
WARNING: [filemgmt 56-199] Attempt to get parsing info during refresh. "On-the-fly" syntax checking information may be incorrect. [C:\Users\Lenovo\Desktop\Letnik3\DN\Project\Project01\Project01.srcs\sources_1\new\APB_i2c.sv:]
WARNING: [filemgmt 56-199] Attempt to get parsing info during refresh. "On-the-fly" syntax checking information may be incorrect. [C:\Users\Lenovo\Desktop\Letnik3\DN\Project\Project01\Project01.srcs\sources_1\new\top.sv:]
WARNING: [filemgmt 56-199] Attempt to get parsing info during refresh. "On-the-fly" syntax checking information may be incorrect. [C:\Users\Lenovo\Desktop\Letnik3\DN\Project\Project01\Project01.srcs\sources_1\new\APB_i2c.sv:]
WARNING: [filemgmt 56-199] Attempt to get parsing info during refresh. "On-the-fly" syntax checking information may be incorrect. [C:\Users\Lenovo\Desktop\Letnik3\DN\Project\Project01\Project01.srcs\sources_1\new\APB_i2c.sv:]
WARNING: [filemgmt 56-199] Attempt to get parsing info during refresh. "On-the-fly" syntax checking information may be incorrect. [C:\Users\Lenovo\Desktop\Letnik3\DN\Project\Project01\Project01.srcs\sources_1\new\i2c_tmp102_master.sv:]
WARNING: [filemgmt 56-199] Attempt to get parsing info during refresh. "On-the-fly" syntax checking information may be incorrect. [C:\Users\Lenovo\Desktop\Letnik3\DN\Project\Project01\Project01.srcs\sources_1\new\APB_uart.sv:]
WARNING: [filemgmt 56-199] Attempt to get parsing info during refresh. "On-the-fly" syntax checking information may be incorrect. [C:\Users\Lenovo\Desktop\Letnik3\DN\Project\Project01\Project01.srcs\sources_1\new\APB_i2c.sv:]
WARNING: [filemgmt 56-199] Attempt to get parsing info during refresh. "On-the-fly" syntax checking information may be incorrect. [C:\Users\Lenovo\Desktop\Letnik3\DN\Project\Project01\Project01.srcs\sources_1\new\top.sv:]
WARNING: [filemgmt 56-199] Attempt to get parsing info during refresh. "On-the-fly" syntax checking information may be incorrect. [C:\Users\Lenovo\Desktop\Letnik3\DN\Project\Project01\Project01.srcs\sources_1\new\top.sv:]
WARNING: [filemgmt 56-199] Attempt to get parsing info during refresh. "On-the-fly" syntax checking information may be incorrect. [C:\Users\Lenovo\Desktop\Letnik3\DN\Project\Project01\Project01.srcs\sources_1\new\top.sv:]
update_compile_order -fileset sources_1
WARNING: [filemgmt 56-199] Attempt to get parsing info during refresh. "On-the-fly" syntax checking information may be incorrect. [C:\Users\Lenovo\Desktop\Letnik3\DN\Project\Project01\Project01.srcs\sources_1\new\i2c_tmp102_master.sv:]
WARNING: [filemgmt 56-199] Attempt to get parsing info during refresh. "On-the-fly" syntax checking information may be incorrect. [C:\Users\Lenovo\Desktop\Letnik3\DN\Project\Project01\Project01.srcs\sources_1\new\i2c_master.sv:]
WARNING: [filemgmt 56-199] Attempt to get parsing info during refresh. "On-the-fly" syntax checking information may be incorrect. [C:\Users\Lenovo\Desktop\Letnik3\DN\Project\Project01\Project01.srcs\sources_1\new\APB_uart.sv:]
WARNING: [filemgmt 56-199] Attempt to get parsing info during refresh. "On-the-fly" syntax checking information may be incorrect. [C:\Users\Lenovo\Desktop\Letnik3\DN\Project\Project01\Project01.srcs\sources_1\new\APB_i2c.sv:]
WARNING: [filemgmt 56-199] Attempt to get parsing info during refresh. "On-the-fly" syntax checking information may be incorrect. [C:\Users\Lenovo\Desktop\Letnik3\DN\Project\Project01\Project01.srcs\sources_1\new\top.sv:]
WARNING: [filemgmt 56-199] Attempt to get parsing info during refresh. "On-the-fly" syntax checking information may be incorrect. [C:\Users\Lenovo\Desktop\Letnik3\DN\Project\Project01\Project01.srcs\sources_1\new\APB_uart.sv:]
WARNING: [filemgmt 56-199] Attempt to get parsing info during refresh. "On-the-fly" syntax checking information may be incorrect. [C:\Users\Lenovo\Desktop\Letnik3\DN\Project\Project01\Project01.srcs\sources_1\new\APB_uart.sv:]
WARNING: [filemgmt 56-199] Attempt to get parsing info during refresh. "On-the-fly" syntax checking information may be incorrect. [C:\Users\Lenovo\Desktop\Letnik3\DN\Project\Project01\Project01.srcs\sources_1\new\i2c_tmp102_master.sv:]
WARNING: [filemgmt 56-199] Attempt to get parsing info during refresh. "On-the-fly" syntax checking information may be incorrect. [C:\Users\Lenovo\Desktop\Letnik3\DN\Project\Project01\Project01.srcs\sources_1\new\i2c_master.sv:]
WARNING: [filemgmt 56-199] Attempt to get parsing info during refresh. "On-the-fly" syntax checking information may be incorrect. [C:\Users\Lenovo\Desktop\Letnik3\DN\Project\Project01\Project01.srcs\sources_1\new\APB_uart.sv:]
WARNING: [filemgmt 56-199] Attempt to get parsing info during refresh. "On-the-fly" syntax checking information may be incorrect. [C:\Users\Lenovo\Desktop\Letnik3\DN\Project\Project01\Project01.srcs\sources_1\new\APB_i2c.sv:]
WARNING: [filemgmt 56-199] Attempt to get parsing info during refresh. "On-the-fly" syntax checking information may be incorrect. [C:\Users\Lenovo\Desktop\Letnik3\DN\Project\Project01\Project01.srcs\sources_1\new\top.sv:]
WARNING: [filemgmt 56-199] Attempt to get parsing info during refresh. "On-the-fly" syntax checking information may be incorrect. [C:\Users\Lenovo\Desktop\Letnik3\DN\Project\Project01\Project01.srcs\sources_1\new\top.sv:]
WARNING: [filemgmt 56-199] Attempt to get parsing info during refresh. "On-the-fly" syntax checking information may be incorrect. [C:\Users\Lenovo\Desktop\Letnik3\DN\Project\Project01\Project01.srcs\sources_1\new\top.sv:]
WARNING: [filemgmt 56-199] Attempt to get parsing info during refresh. "On-the-fly" syntax checking information may be incorrect. [C:\Users\Lenovo\Desktop\Letnik3\DN\Project\Project01\Project01.srcs\sources_1\new\i2c_tmp102_master.sv:]
WARNING: [filemgmt 56-199] Attempt to get parsing info during refresh. "On-the-fly" syntax checking information may be incorrect. [C:\Users\Lenovo\Desktop\Letnik3\DN\Project\Project01\Project01.srcs\sources_1\new\i2c_master.sv:]
WARNING: [filemgmt 56-199] Attempt to get parsing info during refresh. "On-the-fly" syntax checking information may be incorrect. [C:\Users\Lenovo\Desktop\Letnik3\DN\Project\Project01\Project01.srcs\sources_1\new\APB_uart.sv:]
WARNING: [filemgmt 56-199] Attempt to get parsing info during refresh. "On-the-fly" syntax checking information may be incorrect. [C:\Users\Lenovo\Desktop\Letnik3\DN\Project\Project01\Project01.srcs\sources_1\new\APB_i2c.sv:]
WARNING: [filemgmt 56-199] Attempt to get parsing info during refresh. "On-the-fly" syntax checking information may be incorrect. [C:\Users\Lenovo\Desktop\Letnik3\DN\Project\Project01\Project01.srcs\sources_1\new\top.sv:]
WARNING: [filemgmt 56-199] Attempt to get parsing info during refresh. "On-the-fly" syntax checking information may be incorrect. [C:\Users\Lenovo\Desktop\Letnik3\DN\Project\Project01\Project01.srcs\sources_1\new\APB_uart.sv:]
WARNING: [filemgmt 56-199] Attempt to get parsing info during refresh. "On-the-fly" syntax checking information may be incorrect. [C:\Users\Lenovo\Desktop\Letnik3\DN\Project\Project01\Project01.srcs\sources_1\new\APB_uart.sv:]
WARNING: [filemgmt 56-199] Attempt to get parsing info during refresh. "On-the-fly" syntax checking information may be incorrect. [C:\Users\Lenovo\Desktop\Letnik3\DN\Project\Project01\Project01.srcs\sources_1\new\i2c_tmp102_master.sv:]
WARNING: [filemgmt 56-199] Attempt to get parsing info during refresh. "On-the-fly" syntax checking information may be incorrect. [C:\Users\Lenovo\Desktop\Letnik3\DN\Project\Project01\Project01.srcs\sources_1\new\i2c_master.sv:]
WARNING: [filemgmt 56-199] Attempt to get parsing info during refresh. "On-the-fly" syntax checking information may be incorrect. [C:\Users\Lenovo\Desktop\Letnik3\DN\Project\Project01\Project01.srcs\sources_1\new\APB_uart.sv:]
WARNING: [filemgmt 56-199] Attempt to get parsing info during refresh. "On-the-fly" syntax checking information may be incorrect. [C:\Users\Lenovo\Desktop\Letnik3\DN\Project\Project01\Project01.srcs\sources_1\new\APB_i2c.sv:]
WARNING: [filemgmt 56-199] Attempt to get parsing info during refresh. "On-the-fly" syntax checking information may be incorrect. [C:\Users\Lenovo\Desktop\Letnik3\DN\Project\Project01\Project01.srcs\sources_1\new\top.sv:]
WARNING: [filemgmt 56-199] Attempt to get parsing info during refresh. "On-the-fly" syntax checking information may be incorrect. [C:\Users\Lenovo\Desktop\Letnik3\DN\Project\Project01\Project01.srcs\sources_1\new\APB_i2c.sv:]
WARNING: [filemgmt 56-199] Attempt to get parsing info during refresh. "On-the-fly" syntax checking information may be incorrect. [C:\Users\Lenovo\Desktop\Letnik3\DN\Project\Project01\Project01.srcs\sources_1\new\APB_i2c.sv:]
reset_run synth_1
update_compile_order -fileset sources_1
WARNING: [filemgmt 56-199] Attempt to get parsing info during refresh. "On-the-fly" syntax checking information may be incorrect. [C:\Users\Lenovo\Desktop\Letnik3\DN\Project\Project01\Project01.srcs\sources_1\new\i2c_tmp102_master.sv:]
WARNING: [filemgmt 56-199] Attempt to get parsing info during refresh. "On-the-fly" syntax checking information may be incorrect. [C:\Users\Lenovo\Desktop\Letnik3\DN\Project\Project01\Project01.srcs\sources_1\new\i2c_master.sv:]
WARNING: [filemgmt 56-199] Attempt to get parsing info during refresh. "On-the-fly" syntax checking information may be incorrect. [C:\Users\Lenovo\Desktop\Letnik3\DN\Project\Project01\Project01.srcs\sources_1\new\APB_uart.sv:]
WARNING: [filemgmt 56-199] Attempt to get parsing info during refresh. "On-the-fly" syntax checking information may be incorrect. [C:\Users\Lenovo\Desktop\Letnik3\DN\Project\Project01\Project01.srcs\sources_1\new\APB_i2c.sv:]
WARNING: [filemgmt 56-199] Attempt to get parsing info during refresh. "On-the-fly" syntax checking information may be incorrect. [C:\Users\Lenovo\Desktop\Letnik3\DN\Project\Project01\Project01.srcs\sources_1\new\top.sv:]
WARNING: [filemgmt 56-199] Attempt to get parsing info during refresh. "On-the-fly" syntax checking information may be incorrect. [C:\Users\Lenovo\Desktop\Letnik3\DN\Project\Project01\Project01.srcs\sources_1\new\top.sv:]
WARNING: [filemgmt 56-199] Attempt to get parsing info during refresh. "On-the-fly" syntax checking information may be incorrect. [C:\Users\Lenovo\Desktop\Letnik3\DN\Project\Project01\Project01.srcs\sources_1\new\top.sv:]
WARNING: [filemgmt 56-199] Attempt to get parsing info during refresh. "On-the-fly" syntax checking information may be incorrect. [C:\Users\Lenovo\Desktop\Letnik3\DN\Project\Project01\Project01.srcs\sources_1\new\i2c_tmp102_master.sv:]
WARNING: [filemgmt 56-199] Attempt to get parsing info during refresh. "On-the-fly" syntax checking information may be incorrect. [C:\Users\Lenovo\Desktop\Letnik3\DN\Project\Project01\Project01.srcs\sources_1\new\i2c_master.sv:]
WARNING: [filemgmt 56-199] Attempt to get parsing info during refresh. "On-the-fly" syntax checking information may be incorrect. [C:\Users\Lenovo\Desktop\Letnik3\DN\Project\Project01\Project01.srcs\sources_1\new\APB_uart.sv:]
WARNING: [filemgmt 56-199] Attempt to get parsing info during refresh. "On-the-fly" syntax checking information may be incorrect. [C:\Users\Lenovo\Desktop\Letnik3\DN\Project\Project01\Project01.srcs\sources_1\new\APB_i2c.sv:]
WARNING: [filemgmt 56-199] Attempt to get parsing info during refresh. "On-the-fly" syntax checking information may be incorrect. [C:\Users\Lenovo\Desktop\Letnik3\DN\Project\Project01\Project01.srcs\sources_1\new\top.sv:]
WARNING: [filemgmt 56-199] Attempt to get parsing info during refresh. "On-the-fly" syntax checking information may be incorrect. [C:\Users\Lenovo\Desktop\Letnik3\DN\Project\Project01\Project01.srcs\sources_1\new\APB_uart.sv:]
WARNING: [filemgmt 56-199] Attempt to get parsing info during refresh. "On-the-fly" syntax checking information may be incorrect. [C:\Users\Lenovo\Desktop\Letnik3\DN\Project\Project01\Project01.srcs\sources_1\new\APB_uart.sv:]
WARNING: [filemgmt 56-199] Attempt to get parsing info during refresh. "On-the-fly" syntax checking information may be incorrect. [C:\Users\Lenovo\Desktop\Letnik3\DN\Project\Project01\Project01.srcs\sources_1\new\i2c_tmp102_master.sv:]
WARNING: [filemgmt 56-199] Attempt to get parsing info during refresh. "On-the-fly" syntax checking information may be incorrect. [C:\Users\Lenovo\Desktop\Letnik3\DN\Project\Project01\Project01.srcs\sources_1\new\i2c_master.sv:]
WARNING: [filemgmt 56-199] Attempt to get parsing info during refresh. "On-the-fly" syntax checking information may be incorrect. [C:\Users\Lenovo\Desktop\Letnik3\DN\Project\Project01\Project01.srcs\sources_1\new\APB_uart.sv:]
WARNING: [filemgmt 56-199] Attempt to get parsing info during refresh. "On-the-fly" syntax checking information may be incorrect. [C:\Users\Lenovo\Desktop\Letnik3\DN\Project\Project01\Project01.srcs\sources_1\new\APB_i2c.sv:]
WARNING: [filemgmt 56-199] Attempt to get parsing info during refresh. "On-the-fly" syntax checking information may be incorrect. [C:\Users\Lenovo\Desktop\Letnik3\DN\Project\Project01\Project01.srcs\sources_1\new\top.sv:]
WARNING: [filemgmt 56-199] Attempt to get parsing info during refresh. "On-the-fly" syntax checking information may be incorrect. [C:\Users\Lenovo\Desktop\Letnik3\DN\Project\Project01\Project01.srcs\sources_1\new\APB_i2c.sv:]
WARNING: [filemgmt 56-199] Attempt to get parsing info during refresh. "On-the-fly" syntax checking information may be incorrect. [C:\Users\Lenovo\Desktop\Letnik3\DN\Project\Project01\Project01.srcs\sources_1\new\APB_i2c.sv:]
launch_runs impl_1 -to_step write_bitstream -jobs 6
[Sat Jan 24 22:19:46 2026] Launched synth_1...
Run output will be captured here: C:/Users/Lenovo/Desktop/Letnik3/DN/Project/Project01/Project01.runs/synth_1/runme.log
[Sat Jan 24 22:19:46 2026] Launched impl_1...
Run output will be captured here: C:/Users/Lenovo/Desktop/Letnik3/DN/Project/Project01/Project01.runs/impl_1/runme.log
reset_run synth_1
launch_runs impl_1 -to_step write_bitstream -jobs 6
WARNING: [filemgmt 56-199] Attempt to get parsing info during refresh. "On-the-fly" syntax checking information may be incorrect. [C:\Users\Lenovo\Desktop\Letnik3\DN\Project\Project01\Project01.srcs\sources_1\new\i2c_tmp102_master.sv:]
WARNING: [filemgmt 56-199] Attempt to get parsing info during refresh. "On-the-fly" syntax checking information may be incorrect. [C:\Users\Lenovo\Desktop\Letnik3\DN\Project\Project01\Project01.srcs\sources_1\new\i2c_master.sv:]
WARNING: [filemgmt 56-199] Attempt to get parsing info during refresh. "On-the-fly" syntax checking information may be incorrect. [C:\Users\Lenovo\Desktop\Letnik3\DN\Project\Project01\Project01.srcs\sources_1\new\APB_uart.sv:]
WARNING: [filemgmt 56-199] Attempt to get parsing info during refresh. "On-the-fly" syntax checking information may be incorrect. [C:\Users\Lenovo\Desktop\Letnik3\DN\Project\Project01\Project01.srcs\sources_1\new\APB_i2c.sv:]
WARNING: [filemgmt 56-199] Attempt to get parsing info during refresh. "On-the-fly" syntax checking information may be incorrect. [C:\Users\Lenovo\Desktop\Letnik3\DN\Project\Project01\Project01.srcs\sources_1\new\top.sv:]
WARNING: [filemgmt 56-199] Attempt to get parsing info during refresh. "On-the-fly" syntax checking information may be incorrect. [C:\Users\Lenovo\Desktop\Letnik3\DN\Project\Project01\Project01.srcs\sources_1\new\APB_i2c.sv:]
WARNING: [filemgmt 56-199] Attempt to get parsing info during refresh. "On-the-fly" syntax checking information may be incorrect. [C:\Users\Lenovo\Desktop\Letnik3\DN\Project\Project01\Project01.srcs\sources_1\new\APB_i2c.sv:]
[Sat Jan 24 22:26:47 2026] Launched synth_1...
Run output will be captured here: C:/Users/Lenovo/Desktop/Letnik3/DN/Project/Project01/Project01.runs/synth_1/runme.log
[Sat Jan 24 22:26:47 2026] Launched impl_1...
Run output will be captured here: C:/Users/Lenovo/Desktop/Letnik3/DN/Project/Project01/Project01.runs/impl_1/runme.log
export_ip_user_files -of_objects  [get_files C:/Users/Lenovo/Desktop/Letnik3/DN/Project/Project01/Project01.srcs/sources_1/new/i2c_master.sv] -no_script -reset -force -quiet
remove_files  C:/Users/Lenovo/Desktop/Letnik3/DN/Project/Project01/Project01.srcs/sources_1/new/i2c_master.sv
WARNING: [filemgmt 56-199] Attempt to get parsing info during refresh. "On-the-fly" syntax checking information may be incorrect. [C:\Users\Lenovo\Desktop\Letnik3\DN\Project\Project01\Project01.srcs\sources_1\new\i2c_tmp102_master.sv:]
WARNING: [filemgmt 56-199] Attempt to get parsing info during refresh. "On-the-fly" syntax checking information may be incorrect. [C:\Users\Lenovo\Desktop\Letnik3\DN\Project\Project01\Project01.srcs\sources_1\new\i2c_master.sv:]
WARNING: [filemgmt 56-199] Attempt to get parsing info during refresh. "On-the-fly" syntax checking information may be incorrect. [C:\Users\Lenovo\Desktop\Letnik3\DN\Project\Project01\Project01.srcs\sources_1\new\APB_uart.sv:]
WARNING: [filemgmt 56-199] Attempt to get parsing info during refresh. "On-the-fly" syntax checking information may be incorrect. [C:\Users\Lenovo\Desktop\Letnik3\DN\Project\Project01\Project01.srcs\sources_1\new\APB_i2c.sv:]
WARNING: [filemgmt 56-199] Attempt to get parsing info during refresh. "On-the-fly" syntax checking information may be incorrect. [C:\Users\Lenovo\Desktop\Letnik3\DN\Project\Project01\Project01.srcs\sources_1\new\top.sv:]
WARNING: [filemgmt 56-199] Attempt to get parsing info during refresh. "On-the-fly" syntax checking information may be incorrect. [C:\Users\Lenovo\Desktop\Letnik3\DN\Project\Project01\Project01.srcs\sources_1\new\top.sv:]
WARNING: [filemgmt 56-199] Attempt to get parsing info during refresh. "On-the-fly" syntax checking information may be incorrect. [C:\Users\Lenovo\Desktop\Letnik3\DN\Project\Project01\Project01.srcs\sources_1\new\top.sv:]
WARNING: [filemgmt 56-199] Attempt to get parsing info during refresh. "On-the-fly" syntax checking information may be incorrect. [C:\Users\Lenovo\Desktop\Letnik3\DN\Project\Project01\Project01.srcs\sources_1\new\i2c_tmp102_master.sv:]
WARNING: [filemgmt 56-199] Attempt to get parsing info during refresh. "On-the-fly" syntax checking information may be incorrect. [C:\Users\Lenovo\Desktop\Letnik3\DN\Project\Project01\Project01.srcs\sources_1\new\i2c_master.sv:]
WARNING: [filemgmt 56-199] Attempt to get parsing info during refresh. "On-the-fly" syntax checking information may be incorrect. [C:\Users\Lenovo\Desktop\Letnik3\DN\Project\Project01\Project01.srcs\sources_1\new\APB_uart.sv:]
WARNING: [filemgmt 56-199] Attempt to get parsing info during refresh. "On-the-fly" syntax checking information may be incorrect. [C:\Users\Lenovo\Desktop\Letnik3\DN\Project\Project01\Project01.srcs\sources_1\new\APB_i2c.sv:]
WARNING: [filemgmt 56-199] Attempt to get parsing info during refresh. "On-the-fly" syntax checking information may be incorrect. [C:\Users\Lenovo\Desktop\Letnik3\DN\Project\Project01\Project01.srcs\sources_1\new\top.sv:]
WARNING: [filemgmt 56-199] Attempt to get parsing info during refresh. "On-the-fly" syntax checking information may be incorrect. [C:\Users\Lenovo\Desktop\Letnik3\DN\Project\Project01\Project01.srcs\sources_1\new\APB_i2c.sv:]
WARNING: [filemgmt 56-199] Attempt to get parsing info during refresh. "On-the-fly" syntax checking information may be incorrect. [C:\Users\Lenovo\Desktop\Letnik3\DN\Project\Project01\Project01.srcs\sources_1\new\APB_i2c.sv:]
reset_run synth_1
INFO: [Project 1-1161] Replacing file C:/Users/Lenovo/Desktop/Letnik3/DN/Project/Project01/Project01.srcs/utils_1/imports/synth_1/top.dcp with file C:/Users/Lenovo/Desktop/Letnik3/DN/Project/Project01/Project01.runs/synth_1/top.dcp
launch_runs impl_1 -to_step write_bitstream -jobs 6
[Sat Jan 24 22:40:46 2026] Launched synth_1...
Run output will be captured here: C:/Users/Lenovo/Desktop/Letnik3/DN/Project/Project01/Project01.runs/synth_1/runme.log
[Sat Jan 24 22:40:46 2026] Launched impl_1...
Run output will be captured here: C:/Users/Lenovo/Desktop/Letnik3/DN/Project/Project01/Project01.runs/impl_1/runme.log
WARNING: [filemgmt 56-199] Attempt to get parsing info during refresh. "On-the-fly" syntax checking information may be incorrect. [C:\Users\Lenovo\Desktop\Letnik3\DN\Project\Project01\Project01.srcs\sources_1\new\i2c_tmp102_master.sv:]
WARNING: [filemgmt 56-199] Attempt to get parsing info during refresh. "On-the-fly" syntax checking information may be incorrect. [C:\Users\Lenovo\Desktop\Letnik3\DN\Project\Project01\Project01.srcs\sources_1\new\i2c_master.sv:]
WARNING: [filemgmt 56-199] Attempt to get parsing info during refresh. "On-the-fly" syntax checking information may be incorrect. [C:\Users\Lenovo\Desktop\Letnik3\DN\Project\Project01\Project01.srcs\sources_1\new\APB_uart.sv:]
WARNING: [filemgmt 56-199] Attempt to get parsing info during refresh. "On-the-fly" syntax checking information may be incorrect. [C:\Users\Lenovo\Desktop\Letnik3\DN\Project\Project01\Project01.srcs\sources_1\new\APB_i2c.sv:]
WARNING: [filemgmt 56-199] Attempt to get parsing info during refresh. "On-the-fly" syntax checking information may be incorrect. [C:\Users\Lenovo\Desktop\Letnik3\DN\Project\Project01\Project01.srcs\sources_1\new\top.sv:]
WARNING: [filemgmt 56-199] Attempt to get parsing info during refresh. "On-the-fly" syntax checking information may be incorrect. [C:\Users\Lenovo\Desktop\Letnik3\DN\Project\Project01\Project01.srcs\sources_1\new\top.sv:]
WARNING: [filemgmt 56-199] Attempt to get parsing info during refresh. "On-the-fly" syntax checking information may be incorrect. [C:\Users\Lenovo\Desktop\Letnik3\DN\Project\Project01\Project01.srcs\sources_1\new\top.sv:]
WARNING: [filemgmt 56-199] Attempt to get parsing info during refresh. "On-the-fly" syntax checking information may be incorrect. [C:\Users\Lenovo\Desktop\Letnik3\DN\Project\Project01\Project01.srcs\sources_1\new\i2c_tmp102_master.sv:]
WARNING: [filemgmt 56-199] Attempt to get parsing info during refresh. "On-the-fly" syntax checking information may be incorrect. [C:\Users\Lenovo\Desktop\Letnik3\DN\Project\Project01\Project01.srcs\sources_1\new\i2c_master.sv:]
WARNING: [filemgmt 56-199] Attempt to get parsing info during refresh. "On-the-fly" syntax checking information may be incorrect. [C:\Users\Lenovo\Desktop\Letnik3\DN\Project\Project01\Project01.srcs\sources_1\new\APB_uart.sv:]
WARNING: [filemgmt 56-199] Attempt to get parsing info during refresh. "On-the-fly" syntax checking information may be incorrect. [C:\Users\Lenovo\Desktop\Letnik3\DN\Project\Project01\Project01.srcs\sources_1\new\APB_i2c.sv:]
WARNING: [filemgmt 56-199] Attempt to get parsing info during refresh. "On-the-fly" syntax checking information may be incorrect. [C:\Users\Lenovo\Desktop\Letnik3\DN\Project\Project01\Project01.srcs\sources_1\new\top.sv:]
WARNING: [filemgmt 56-199] Attempt to get parsing info during refresh. "On-the-fly" syntax checking information may be incorrect. [C:\Users\Lenovo\Desktop\Letnik3\DN\Project\Project01\Project01.srcs\sources_1\new\APB_i2c.sv:]
WARNING: [filemgmt 56-199] Attempt to get parsing info during refresh. "On-the-fly" syntax checking information may be incorrect. [C:\Users\Lenovo\Desktop\Letnik3\DN\Project\Project01\Project01.srcs\sources_1\new\APB_i2c.sv:]
open_run impl_1
INFO: [Device 21-403] Loading part xc7a50tcsg324-1
Netlist sorting complete. Time (s): cpu = 00:00:00 ; elapsed = 00:00:00.071 . Memory (MB): peak = 1870.160 ; gain = 0.000
INFO: [Netlist 29-17] Analyzing 255 Unisim elements for replacement
INFO: [Netlist 29-28] Unisim Transformation completed in 0 CPU seconds
INFO: [Project 1-479] Netlist was created with Vivado 2025.1
INFO: [Project 1-570] Preparing netlist for logic optimization
Read ShapeDB Complete: Time (s): cpu = 00:00:00 ; elapsed = 00:00:00.006 . Memory (MB): peak = 1973.977 ; gain = 0.426
INFO: [Timing 38-478] Restoring timing data from binary archive.
INFO: [Timing 38-479] Binary timing data restore complete.
INFO: [Project 1-856] Restoring constraints from binary archive.
INFO: [Project 1-853] Binary constraint restore complete.
INFO: [Designutils 20-5722] Start Reading Physical Databases.
Reading placement.
Read Netlist Cache: Time (s): cpu = 00:00:00 ; elapsed = 00:00:00.001 . Memory (MB): peak = 2566.457 ; gain = 0.000
Reading placer database...
Read Device Cache: Time (s): cpu = 00:00:00 ; elapsed = 00:00:00.006 . Memory (MB): peak = 2566.457 ; gain = 0.000
Read PlaceDB: Time (s): cpu = 00:00:00 ; elapsed = 00:00:00.060 . Memory (MB): peak = 2566.457 ; gain = 0.000
Read PulsedLatchDB: Time (s): cpu = 00:00:00 ; elapsed = 00:00:00 . Memory (MB): peak = 2566.457 ; gain = 0.000
Reading routing.
Read RouteStorage: Time (s): cpu = 00:00:00 ; elapsed = 00:00:00.034 . Memory (MB): peak = 2566.457 ; gain = 0.000
Read Physdb Files: Time (s): cpu = 00:00:00 ; elapsed = 00:00:00.112 . Memory (MB): peak = 2566.457 ; gain = 0.000
Restored from archive | CPU: 0.000000 secs | Memory: 0.000000 MB |
Finished XDEF File Restore: Time (s): cpu = 00:00:00 ; elapsed = 00:00:00.115 . Memory (MB): peak = 2566.457 ; gain = 0.000
Generating merged BMM file for the design top 'microblaze_mcs_0'...
INFO: [Memdata 28-144] Successfully populated the BRAM INIT strings from the following elf files: C:/Users/Lenovo/Desktop/Letnik3/DN/Project/app_component/build/app_component.elf 
Netlist sorting complete. Time (s): cpu = 00:00:00 ; elapsed = 00:00:00.004 . Memory (MB): peak = 2566.457 ; gain = 0.000
INFO: [Project 1-111] Unisim Transformation Summary:
  A total of 145 instances were transformed.
  LUT6_2 => LUT6_2 (LUT5, LUT6): 81 instances
  RAM32X1D => RAM32X1D (RAMD32(x2)): 64 instances

open_run: Time (s): cpu = 00:00:19 ; elapsed = 00:00:15 . Memory (MB): peak = 2915.766 ; gain = 1219.660
WARNING: [Vivado 12-818] No files matched ''
ERROR: [Common 17-55] 'get_property' expects at least one object.
Resolution: If [get_<value>] was used to populate the object, check to make sure this command returns at least one valid object.
write_hw_platform -fixed -include_bit -force -file C:/Users/Lenovo/Desktop/Letnik3/DN/Project/Project01/top.xsa
INFO: [Project 1-1918] Creating Hardware Platform: C:/Users/Lenovo/Desktop/Letnik3/DN/Project/Project01/top.xsa ...
INFO: [Project 1-1943] The Hardware Platform can be used for Hardware
INFO: [Project 1-1941] Successfully created Hardware Platform: C:/Users/Lenovo/Desktop/Letnik3/DN/Project/Project01/top.xsa
INFO: [Hsi 55-2053] elapsed time for repository (D:/2025.1/Vivado/data/embeddedsw) loading 0 seconds
WARNING: [filemgmt 56-199] Attempt to get parsing info during refresh. "On-the-fly" syntax checking information may be incorrect. [C:\Users\Lenovo\Desktop\Letnik3\DN\Project\Project01\Project01.srcs\sources_1\new\i2c_tmp102_master.sv:]
WARNING: [filemgmt 56-199] Attempt to get parsing info during refresh. "On-the-fly" syntax checking information may be incorrect. [C:\Users\Lenovo\Desktop\Letnik3\DN\Project\Project01\Project01.srcs\sources_1\new\i2c_master.sv:]
WARNING: [filemgmt 56-199] Attempt to get parsing info during refresh. "On-the-fly" syntax checking information may be incorrect. [C:\Users\Lenovo\Desktop\Letnik3\DN\Project\Project01\Project01.srcs\sources_1\new\APB_uart.sv:]
WARNING: [filemgmt 56-199] Attempt to get parsing info during refresh. "On-the-fly" syntax checking information may be incorrect. [C:\Users\Lenovo\Desktop\Letnik3\DN\Project\Project01\Project01.srcs\sources_1\new\APB_i2c.sv:]
WARNING: [filemgmt 56-199] Attempt to get parsing info during refresh. "On-the-fly" syntax checking information may be incorrect. [C:\Users\Lenovo\Desktop\Letnik3\DN\Project\Project01\Project01.srcs\sources_1\new\top.sv:]
WARNING: [filemgmt 56-199] Attempt to get parsing info during refresh. "On-the-fly" syntax checking information may be incorrect. [C:\Users\Lenovo\Desktop\Letnik3\DN\Project\Project01\Project01.srcs\sources_1\new\APB_uart.sv:]
WARNING: [filemgmt 56-199] Attempt to get parsing info during refresh. "On-the-fly" syntax checking information may be incorrect. [C:\Users\Lenovo\Desktop\Letnik3\DN\Project\Project01\Project01.srcs\sources_1\new\APB_uart.sv:]
WARNING: [filemgmt 56-199] Attempt to get parsing info during refresh. "On-the-fly" syntax checking information may be incorrect. [C:\Users\Lenovo\Desktop\Letnik3\DN\Project\Project01\Project01.srcs\sources_1\new\i2c_tmp102_master.sv:]
WARNING: [filemgmt 56-199] Attempt to get parsing info during refresh. "On-the-fly" syntax checking information may be incorrect. [C:\Users\Lenovo\Desktop\Letnik3\DN\Project\Project01\Project01.srcs\sources_1\new\i2c_master.sv:]
WARNING: [filemgmt 56-199] Attempt to get parsing info during refresh. "On-the-fly" syntax checking information may be incorrect. [C:\Users\Lenovo\Desktop\Letnik3\DN\Project\Project01\Project01.srcs\sources_1\new\APB_uart.sv:]
WARNING: [filemgmt 56-199] Attempt to get parsing info during refresh. "On-the-fly" syntax checking information may be incorrect. [C:\Users\Lenovo\Desktop\Letnik3\DN\Project\Project01\Project01.srcs\sources_1\new\APB_i2c.sv:]
WARNING: [filemgmt 56-199] Attempt to get parsing info during refresh. "On-the-fly" syntax checking information may be incorrect. [C:\Users\Lenovo\Desktop\Letnik3\DN\Project\Project01\Project01.srcs\sources_1\new\top.sv:]
WARNING: [filemgmt 56-199] Attempt to get parsing info during refresh. "On-the-fly" syntax checking information may be incorrect. [C:\Users\Lenovo\Desktop\Letnik3\DN\Project\Project01\Project01.srcs\sources_1\new\APB_i2c.sv:]
WARNING: [filemgmt 56-199] Attempt to get parsing info during refresh. "On-the-fly" syntax checking information may be incorrect. [C:\Users\Lenovo\Desktop\Letnik3\DN\Project\Project01\Project01.srcs\sources_1\new\APB_i2c.sv:]
open_hw_manager
connect_hw_server -allow_non_jtag
INFO: [Labtools 27-2285] Connecting to hw_server url TCP:localhost:3121
INFO: [Labtools 27-2222] Launching hw_server...
INFO: [Labtools 27-2221] Launch Output:

****** Xilinx hw_server v2025.1
  **** Build date : May  6 2025 at 09:15:36
    ** Copyright 1986-2022 Xilinx, Inc. All Rights Reserved.


INFO: [Labtools 27-3415] Connecting to cs_server url TCP:localhost:0
INFO: [Labtools 27-3417] Launching cs_server...
INFO: [Labtools 27-2221] Launch Output:


******** Xilinx cs_server v2025.1.0
  ****** Build date   : May 13 2025-21:15:27
    **** Build number : 2025.1.1747163727
      ** Copyright 2017-2022 Xilinx, Inc. All Rights Reserved.
      ** Copyright 2022-2026 Advanced Micro Devices, Inc. All Rights Reserved.



connect_hw_server: Time (s): cpu = 00:00:00 ; elapsed = 00:00:06 . Memory (MB): peak = 3106.125 ; gain = 0.000
open_hw_target
INFO: [Labtoolstcl 44-466] Opening hw_target localhost:3121/xilinx_tcf/Digilent/210292AA7E5EA
set_property PROGRAM.FILE {C:/Users/Lenovo/Desktop/Letnik3/DN/Project/Project01/Project01.runs/impl_1/top.bit} [get_hw_devices xc7a50t_0]
current_hw_device [get_hw_devices xc7a50t_0]
refresh_hw_device -update_hw_probes false [lindex [get_hw_devices xc7a50t_0] 0]
INFO: [Labtools 27-1434] Device xc7a50t (JTAG device index = 0) is programmed with a design that has no supported debug core(s) in it.
set_property PROBES.FILE {} [get_hw_devices xc7a50t_0]
set_property FULL_PROBES.FILE {} [get_hw_devices xc7a50t_0]
set_property PROGRAM.FILE {C:/Users/Lenovo/Desktop/Letnik3/DN/Project/Project01/Project01.runs/impl_1/top.bit} [get_hw_devices xc7a50t_0]
program_hw_devices [get_hw_devices xc7a50t_0]
INFO: [Labtools 27-3164] End of startup status: HIGH
refresh_hw_device [lindex [get_hw_devices xc7a50t_0] 0]
INFO: [Labtools 27-1434] Device xc7a50t (JTAG device index = 0) is programmed with a design that has no supported debug core(s) in it.
close_hw_manager
WARNING: [filemgmt 56-199] Attempt to get parsing info during refresh. "On-the-fly" syntax checking information may be incorrect. [C:\Users\Lenovo\Desktop\Letnik3\DN\Project\Project01\Project01.srcs\sources_1\new\i2c_tmp102_master.sv:]
WARNING: [filemgmt 56-199] Attempt to get parsing info during refresh. "On-the-fly" syntax checking information may be incorrect. [C:\Users\Lenovo\Desktop\Letnik3\DN\Project\Project01\Project01.srcs\sources_1\new\i2c_master.sv:]
WARNING: [filemgmt 56-199] Attempt to get parsing info during refresh. "On-the-fly" syntax checking information may be incorrect. [C:\Users\Lenovo\Desktop\Letnik3\DN\Project\Project01\Project01.srcs\sources_1\new\APB_uart.sv:]
WARNING: [filemgmt 56-199] Attempt to get parsing info during refresh. "On-the-fly" syntax checking information may be incorrect. [C:\Users\Lenovo\Desktop\Letnik3\DN\Project\Project01\Project01.srcs\sources_1\new\APB_i2c.sv:]
WARNING: [filemgmt 56-199] Attempt to get parsing info during refresh. "On-the-fly" syntax checking information may be incorrect. [C:\Users\Lenovo\Desktop\Letnik3\DN\Project\Project01\Project01.srcs\sources_1\new\top.sv:]
WARNING: [filemgmt 56-199] Attempt to get parsing info during refresh. "On-the-fly" syntax checking information may be incorrect. [C:\Users\Lenovo\Desktop\Letnik3\DN\Project\Project01\Project01.srcs\sources_1\new\top.sv:]
WARNING: [filemgmt 56-199] Attempt to get parsing info during refresh. "On-the-fly" syntax checking information may be incorrect. [C:\Users\Lenovo\Desktop\Letnik3\DN\Project\Project01\Project01.srcs\sources_1\new\top.sv:]
WARNING: [filemgmt 56-199] Attempt to get parsing info during refresh. "On-the-fly" syntax checking information may be incorrect. [C:\Users\Lenovo\Desktop\Letnik3\DN\Project\Project01\Project01.srcs\sources_1\new\i2c_tmp102_master.sv:]
WARNING: [filemgmt 56-199] Attempt to get parsing info during refresh. "On-the-fly" syntax checking information may be incorrect. [C:\Users\Lenovo\Desktop\Letnik3\DN\Project\Project01\Project01.srcs\sources_1\new\i2c_master.sv:]
WARNING: [filemgmt 56-199] Attempt to get parsing info during refresh. "On-the-fly" syntax checking information may be incorrect. [C:\Users\Lenovo\Desktop\Letnik3\DN\Project\Project01\Project01.srcs\sources_1\new\APB_uart.sv:]
WARNING: [filemgmt 56-199] Attempt to get parsing info during refresh. "On-the-fly" syntax checking information may be incorrect. [C:\Users\Lenovo\Desktop\Letnik3\DN\Project\Project01\Project01.srcs\sources_1\new\APB_i2c.sv:]
WARNING: [filemgmt 56-199] Attempt to get parsing info during refresh. "On-the-fly" syntax checking information may be incorrect. [C:\Users\Lenovo\Desktop\Letnik3\DN\Project\Project01\Project01.srcs\sources_1\new\top.sv:]
WARNING: [filemgmt 56-199] Attempt to get parsing info during refresh. "On-the-fly" syntax checking information may be incorrect. [C:\Users\Lenovo\Desktop\Letnik3\DN\Project\Project01\Project01.srcs\sources_1\new\APB_i2c.sv:]
WARNING: [filemgmt 56-199] Attempt to get parsing info during refresh. "On-the-fly" syntax checking information may be incorrect. [C:\Users\Lenovo\Desktop\Letnik3\DN\Project\Project01\Project01.srcs\sources_1\new\APB_i2c.sv:]
open_hw_manager
connect_hw_server -allow_non_jtag
INFO: [Labtools 27-2285] Connecting to hw_server url TCP:localhost:3121
INFO: [Labtools 27-2222] Launching hw_server...
INFO: [Labtools 27-2221] Launch Output:

****** Xilinx hw_server v2025.1
  **** Build date : May  6 2025 at 09:15:36
    ** Copyright 1986-2022 Xilinx, Inc. All Rights Reserved.


INFO: [Labtools 27-3415] Connecting to cs_server url TCP:localhost:0
INFO: [Labtools 27-3417] Launching cs_server...
INFO: [Labtools 27-2221] Launch Output:


******** Xilinx cs_server v2025.1.0
  ****** Build date   : May 13 2025-21:15:27
    **** Build number : 2025.1.1747163727
      ** Copyright 2017-2022 Xilinx, Inc. All Rights Reserved.
      ** Copyright 2022-2026 Advanced Micro Devices, Inc. All Rights Reserved.



connect_hw_server: Time (s): cpu = 00:00:01 ; elapsed = 00:00:06 . Memory (MB): peak = 3106.125 ; gain = 0.000
open_hw_target
INFO: [Labtoolstcl 44-466] Opening hw_target localhost:3121/xilinx_tcf/Digilent/210292AA7E5EA
set_property PROGRAM.FILE {C:/Users/Lenovo/Desktop/Letnik3/DN/Project/Project01/Project01.runs/impl_1/top.bit} [get_hw_devices xc7a50t_0]
current_hw_device [get_hw_devices xc7a50t_0]
refresh_hw_device -update_hw_probes false [lindex [get_hw_devices xc7a50t_0] 0]
INFO: [Labtools 27-1434] Device xc7a50t (JTAG device index = 0) is programmed with a design that has no supported debug core(s) in it.
set_property PROBES.FILE {} [get_hw_devices xc7a50t_0]
set_property FULL_PROBES.FILE {} [get_hw_devices xc7a50t_0]
set_property PROGRAM.FILE {C:/Users/Lenovo/Desktop/Letnik3/DN/Project/Project01/Project01.runs/impl_1/top.bit} [get_hw_devices xc7a50t_0]
program_hw_devices [get_hw_devices xc7a50t_0]
INFO: [Labtools 27-3164] End of startup status: HIGH
refresh_hw_device [lindex [get_hw_devices xc7a50t_0] 0]
INFO: [Labtools 27-1434] Device xc7a50t (JTAG device index = 0) is programmed with a design that has no supported debug core(s) in it.
set_property PROBES.FILE {} [get_hw_devices xc7a50t_0]
set_property FULL_PROBES.FILE {} [get_hw_devices xc7a50t_0]
set_property PROGRAM.FILE {C:/Users/Lenovo/Desktop/Letnik3/DN/Project/Project01/Project01.runs/impl_1/top.bit} [get_hw_devices xc7a50t_0]
program_hw_devices [get_hw_devices xc7a50t_0]
INFO: [Labtools 27-3164] End of startup status: HIGH
refresh_hw_device [lindex [get_hw_devices xc7a50t_0] 0]
INFO: [Labtools 27-1434] Device xc7a50t (JTAG device index = 0) is programmed with a design that has no supported debug core(s) in it.
close_hw_manager
reset_run impl_1 -prev_step 
launch_runs impl_1 -to_step write_bitstream -jobs 6
[Sat Jan 24 22:51:37 2026] Launched impl_1...
Run output will be captured here: C:/Users/Lenovo/Desktop/Letnik3/DN/Project/Project01/Project01.runs/impl_1/runme.log
open_hw_manager
connect_hw_server -allow_non_jtag
INFO: [Labtools 27-2285] Connecting to hw_server url TCP:localhost:3121
INFO: [Labtools 27-2222] Launching hw_server...
INFO: [Labtools 27-2221] Launch Output:

****** Xilinx hw_server v2025.1
  **** Build date : May  6 2025 at 09:15:36
    ** Copyright 1986-2022 Xilinx, Inc. All Rights Reserved.


INFO: [Labtools 27-3415] Connecting to cs_server url TCP:localhost:0
INFO: [Labtools 27-3417] Launching cs_server...
INFO: [Labtools 27-2221] Launch Output:


******** Xilinx cs_server v2025.1.0
  ****** Build date   : May 13 2025-21:15:27
    **** Build number : 2025.1.1747163727
      ** Copyright 2017-2022 Xilinx, Inc. All Rights Reserved.
      ** Copyright 2022-2026 Advanced Micro Devices, Inc. All Rights Reserved.



connect_hw_server: Time (s): cpu = 00:00:01 ; elapsed = 00:00:06 . Memory (MB): peak = 3106.125 ; gain = 0.000
open_hw_target
INFO: [Labtoolstcl 44-466] Opening hw_target localhost:3121/xilinx_tcf/Digilent/210292AA7E5EA
set_property PROGRAM.FILE {C:/Users/Lenovo/Desktop/Letnik3/DN/Project/Project01/Project01.runs/impl_1/top.bit} [get_hw_devices xc7a50t_0]
current_hw_device [get_hw_devices xc7a50t_0]
refresh_hw_device -update_hw_probes false [lindex [get_hw_devices xc7a50t_0] 0]
INFO: [Labtools 27-1434] Device xc7a50t (JTAG device index = 0) is programmed with a design that has no supported debug core(s) in it.
set_property PROBES.FILE {} [get_hw_devices xc7a50t_0]
set_property FULL_PROBES.FILE {} [get_hw_devices xc7a50t_0]
set_property PROGRAM.FILE {C:/Users/Lenovo/Desktop/Letnik3/DN/Project/Project01/Project01.runs/impl_1/top.bit} [get_hw_devices xc7a50t_0]
program_hw_devices [get_hw_devices xc7a50t_0]
INFO: [Labtools 27-3164] End of startup status: HIGH
refresh_hw_device [lindex [get_hw_devices xc7a50t_0] 0]
INFO: [Labtools 27-1434] Device xc7a50t (JTAG device index = 0) is programmed with a design that has no supported debug core(s) in it.
set_property PROBES.FILE {} [get_hw_devices xc7a50t_0]
set_property FULL_PROBES.FILE {} [get_hw_devices xc7a50t_0]
set_property PROGRAM.FILE {C:/Users/Lenovo/Desktop/Letnik3/DN/Project/Project01/Project01.runs/impl_1/top.bit} [get_hw_devices xc7a50t_0]
program_hw_devices [get_hw_devices xc7a50t_0]
INFO: [Labtools 27-3164] End of startup status: HIGH
refresh_hw_device [lindex [get_hw_devices xc7a50t_0] 0]
INFO: [Labtools 27-1434] Device xc7a50t (JTAG device index = 0) is programmed with a design that has no supported debug core(s) in it.
WARNING: [filemgmt 56-199] Attempt to get parsing info during refresh. "On-the-fly" syntax checking information may be incorrect. [C:\Users\Lenovo\Desktop\Letnik3\DN\Project\Project01\Project01.srcs\sources_1\new\i2c_tmp102_master.sv:]
WARNING: [filemgmt 56-199] Attempt to get parsing info during refresh. "On-the-fly" syntax checking information may be incorrect. [C:\Users\Lenovo\Desktop\Letnik3\DN\Project\Project01\Project01.srcs\sources_1\new\i2c_master.sv:]
WARNING: [filemgmt 56-199] Attempt to get parsing info during refresh. "On-the-fly" syntax checking information may be incorrect. [C:\Users\Lenovo\Desktop\Letnik3\DN\Project\Project01\Project01.srcs\sources_1\new\APB_uart.sv:]
WARNING: [filemgmt 56-199] Attempt to get parsing info during refresh. "On-the-fly" syntax checking information may be incorrect. [C:\Users\Lenovo\Desktop\Letnik3\DN\Project\Project01\Project01.srcs\sources_1\new\APB_i2c.sv:]
WARNING: [filemgmt 56-199] Attempt to get parsing info during refresh. "On-the-fly" syntax checking information may be incorrect. [C:\Users\Lenovo\Desktop\Letnik3\DN\Project\Project01\Project01.srcs\sources_1\new\top.sv:]
WARNING: [filemgmt 56-199] Attempt to get parsing info during refresh. "On-the-fly" syntax checking information may be incorrect. [C:\Users\Lenovo\Desktop\Letnik3\DN\Project\Project01\Project01.srcs\sources_1\new\top.sv:]
WARNING: [filemgmt 56-199] Attempt to get parsing info during refresh. "On-the-fly" syntax checking information may be incorrect. [C:\Users\Lenovo\Desktop\Letnik3\DN\Project\Project01\Project01.srcs\sources_1\new\top.sv:]
WARNING: [filemgmt 56-199] Attempt to get parsing info during refresh. "On-the-fly" syntax checking information may be incorrect. [C:\Users\Lenovo\Desktop\Letnik3\DN\Project\Project01\Project01.srcs\sources_1\new\i2c_tmp102_master.sv:]
WARNING: [filemgmt 56-199] Attempt to get parsing info during refresh. "On-the-fly" syntax checking information may be incorrect. [C:\Users\Lenovo\Desktop\Letnik3\DN\Project\Project01\Project01.srcs\sources_1\new\i2c_master.sv:]
WARNING: [filemgmt 56-199] Attempt to get parsing info during refresh. "On-the-fly" syntax checking information may be incorrect. [C:\Users\Lenovo\Desktop\Letnik3\DN\Project\Project01\Project01.srcs\sources_1\new\APB_uart.sv:]
WARNING: [filemgmt 56-199] Attempt to get parsing info during refresh. "On-the-fly" syntax checking information may be incorrect. [C:\Users\Lenovo\Desktop\Letnik3\DN\Project\Project01\Project01.srcs\sources_1\new\APB_i2c.sv:]
WARNING: [filemgmt 56-199] Attempt to get parsing info during refresh. "On-the-fly" syntax checking information may be incorrect. [C:\Users\Lenovo\Desktop\Letnik3\DN\Project\Project01\Project01.srcs\sources_1\new\top.sv:]
WARNING: [filemgmt 56-199] Attempt to get parsing info during refresh. "On-the-fly" syntax checking information may be incorrect. [C:\Users\Lenovo\Desktop\Letnik3\DN\Project\Project01\Project01.srcs\sources_1\new\APB_uart.sv:]
WARNING: [filemgmt 56-199] Attempt to get parsing info during refresh. "On-the-fly" syntax checking information may be incorrect. [C:\Users\Lenovo\Desktop\Letnik3\DN\Project\Project01\Project01.srcs\sources_1\new\APB_uart.sv:]
WARNING: [filemgmt 56-199] Attempt to get parsing info during refresh. "On-the-fly" syntax checking information may be incorrect. [C:\Users\Lenovo\Desktop\Letnik3\DN\Project\Project01\Project01.srcs\sources_1\new\i2c_tmp102_master.sv:]
WARNING: [filemgmt 56-199] Attempt to get parsing info during refresh. "On-the-fly" syntax checking information may be incorrect. [C:\Users\Lenovo\Desktop\Letnik3\DN\Project\Project01\Project01.srcs\sources_1\new\i2c_master.sv:]
WARNING: [filemgmt 56-199] Attempt to get parsing info during refresh. "On-the-fly" syntax checking information may be incorrect. [C:\Users\Lenovo\Desktop\Letnik3\DN\Project\Project01\Project01.srcs\sources_1\new\APB_uart.sv:]
WARNING: [filemgmt 56-199] Attempt to get parsing info during refresh. "On-the-fly" syntax checking information may be incorrect. [C:\Users\Lenovo\Desktop\Letnik3\DN\Project\Project01\Project01.srcs\sources_1\new\APB_i2c.sv:]
WARNING: [filemgmt 56-199] Attempt to get parsing info during refresh. "On-the-fly" syntax checking information may be incorrect. [C:\Users\Lenovo\Desktop\Letnik3\DN\Project\Project01\Project01.srcs\sources_1\new\top.sv:]
WARNING: [filemgmt 56-199] Attempt to get parsing info during refresh. "On-the-fly" syntax checking information may be incorrect. [C:\Users\Lenovo\Desktop\Letnik3\DN\Project\Project01\Project01.srcs\sources_1\new\top.sv:]
WARNING: [filemgmt 56-199] Attempt to get parsing info during refresh. "On-the-fly" syntax checking information may be incorrect. [C:\Users\Lenovo\Desktop\Letnik3\DN\Project\Project01\Project01.srcs\sources_1\new\top.sv:]
WARNING: [filemgmt 56-199] Attempt to get parsing info during refresh. "On-the-fly" syntax checking information may be incorrect. [C:\Users\Lenovo\Desktop\Letnik3\DN\Project\Project01\Project01.srcs\sources_1\new\i2c_tmp102_master.sv:]
WARNING: [filemgmt 56-199] Attempt to get parsing info during refresh. "On-the-fly" syntax checking information may be incorrect. [C:\Users\Lenovo\Desktop\Letnik3\DN\Project\Project01\Project01.srcs\sources_1\new\i2c_master.sv:]
WARNING: [filemgmt 56-199] Attempt to get parsing info during refresh. "On-the-fly" syntax checking information may be incorrect. [C:\Users\Lenovo\Desktop\Letnik3\DN\Project\Project01\Project01.srcs\sources_1\new\APB_uart.sv:]
WARNING: [filemgmt 56-199] Attempt to get parsing info during refresh. "On-the-fly" syntax checking information may be incorrect. [C:\Users\Lenovo\Desktop\Letnik3\DN\Project\Project01\Project01.srcs\sources_1\new\APB_i2c.sv:]
WARNING: [filemgmt 56-199] Attempt to get parsing info during refresh. "On-the-fly" syntax checking information may be incorrect. [C:\Users\Lenovo\Desktop\Letnik3\DN\Project\Project01\Project01.srcs\sources_1\new\top.sv:]
WARNING: [filemgmt 56-199] Attempt to get parsing info during refresh. "On-the-fly" syntax checking information may be incorrect. [C:\Users\Lenovo\Desktop\Letnik3\DN\Project\Project01\Project01.srcs\sources_1\new\APB_i2c.sv:]
WARNING: [filemgmt 56-199] Attempt to get parsing info during refresh. "On-the-fly" syntax checking information may be incorrect. [C:\Users\Lenovo\Desktop\Letnik3\DN\Project\Project01\Project01.srcs\sources_1\new\APB_i2c.sv:]
ERROR: [Common 17-180] Spawn failed: The operation completed successfully.

reset_run impl_1 -prev_step 
launch_runs impl_1 -to_step write_bitstream -jobs 6
[Sat Jan 24 22:54:10 2026] Launched impl_1...
Run output will be captured here: C:/Users/Lenovo/Desktop/Letnik3/DN/Project/Project01/Project01.runs/impl_1/runme.log
close_hw_manager
open_hw_manager
connect_hw_server -allow_non_jtag
INFO: [Labtools 27-2285] Connecting to hw_server url TCP:localhost:3121
INFO: [Labtools 27-2222] Launching hw_server...
INFO: [Labtools 27-2221] Launch Output:

****** Xilinx hw_server v2025.1
  **** Build date : May  6 2025 at 09:15:36
    ** Copyright 1986-2022 Xilinx, Inc. All Rights Reserved.


INFO: [Labtools 27-3415] Connecting to cs_server url TCP:localhost:0
INFO: [Labtools 27-3417] Launching cs_server...
INFO: [Labtools 27-2221] Launch Output:


******** Xilinx cs_server v2025.1.0
  ****** Build date   : May 13 2025-21:15:27
    **** Build number : 2025.1.1747163727
      ** Copyright 2017-2022 Xilinx, Inc. All Rights Reserved.
      ** Copyright 2022-2026 Advanced Micro Devices, Inc. All Rights Reserved.



connect_hw_server: Time (s): cpu = 00:00:00 ; elapsed = 00:00:06 . Memory (MB): peak = 3106.125 ; gain = 0.000
open_hw_target
INFO: [Labtoolstcl 44-466] Opening hw_target localhost:3121/xilinx_tcf/Digilent/210292AA7E5EA
set_property PROGRAM.FILE {C:/Users/Lenovo/Desktop/Letnik3/DN/Project/Project01/Project01.runs/impl_1/top.bit} [get_hw_devices xc7a50t_0]
current_hw_device [get_hw_devices xc7a50t_0]
refresh_hw_device -update_hw_probes false [lindex [get_hw_devices xc7a50t_0] 0]
INFO: [Labtools 27-1434] Device xc7a50t (JTAG device index = 0) is programmed with a design that has no supported debug core(s) in it.
set_property PROBES.FILE {} [get_hw_devices xc7a50t_0]
set_property FULL_PROBES.FILE {} [get_hw_devices xc7a50t_0]
set_property PROGRAM.FILE {C:/Users/Lenovo/Desktop/Letnik3/DN/Project/Project01/Project01.runs/impl_1/top.bit} [get_hw_devices xc7a50t_0]
program_hw_devices [get_hw_devices xc7a50t_0]
INFO: [Labtools 27-3164] End of startup status: HIGH
refresh_hw_device [lindex [get_hw_devices xc7a50t_0] 0]
INFO: [Labtools 27-1434] Device xc7a50t (JTAG device index = 0) is programmed with a design that has no supported debug core(s) in it.
reset_run impl_1 -prev_step 
launch_runs impl_1 -to_step write_bitstream -jobs 6
[Sat Jan 24 23:00:08 2026] Launched impl_1...
Run output will be captured here: C:/Users/Lenovo/Desktop/Letnik3/DN/Project/Project01/Project01.runs/impl_1/runme.log
set_property PROBES.FILE {} [get_hw_devices xc7a50t_0]
set_property FULL_PROBES.FILE {} [get_hw_devices xc7a50t_0]
set_property PROGRAM.FILE {C:/Users/Lenovo/Desktop/Letnik3/DN/Project/Project01/Project01.runs/impl_1/top.bit} [get_hw_devices xc7a50t_0]
program_hw_devices [get_hw_devices xc7a50t_0]
INFO: [Labtools 27-3164] End of startup status: HIGH
refresh_hw_device [lindex [get_hw_devices xc7a50t_0] 0]
INFO: [Labtools 27-1434] Device xc7a50t (JTAG device index = 0) is programmed with a design that has no supported debug core(s) in it.
set_property PROBES.FILE {} [get_hw_devices xc7a50t_0]
set_property FULL_PROBES.FILE {} [get_hw_devices xc7a50t_0]
set_property PROGRAM.FILE {C:/Users/Lenovo/Desktop/Letnik3/DN/Project/Project01/Project01.runs/impl_1/top.bit} [get_hw_devices xc7a50t_0]
program_hw_devices [get_hw_devices xc7a50t_0]
INFO: [Labtools 27-3164] End of startup status: HIGH
refresh_hw_device [lindex [get_hw_devices xc7a50t_0] 0]
INFO: [Labtools 27-1434] Device xc7a50t (JTAG device index = 0) is programmed with a design that has no supported debug core(s) in it.
refresh_hw_device [lindex [get_hw_devices xc7a50t_0] 0]
INFO: [Labtools 27-1434] Device xc7a50t (JTAG device index = 0) is programmed with a design that has no supported debug core(s) in it.
close_hw_manager
open_hw_manager
connect_hw_server -allow_non_jtag
INFO: [Labtools 27-2285] Connecting to hw_server url TCP:localhost:3121
INFO: [Labtools 27-3415] Connecting to cs_server url TCP:localhost:0
INFO: [Labtools 27-3417] Launching cs_server...
INFO: [Labtools 27-2221] Launch Output:


******** Xilinx cs_server v2025.1.0
  ****** Build date   : May 13 2025-21:15:27
    **** Build number : 2025.1.1747163727
      ** Copyright 2017-2022 Xilinx, Inc. All Rights Reserved.
      ** Copyright 2022-2026 Advanced Micro Devices, Inc. All Rights Reserved.



open_hw_target
INFO: [Labtoolstcl 44-466] Opening hw_target localhost:3121/xilinx_tcf/Digilent/210292AA7E5EA
set_property PROGRAM.FILE {C:/Users/Lenovo/Desktop/Letnik3/DN/Project/Project01/Project01.runs/impl_1/top.bit} [get_hw_devices xc7a50t_0]
current_hw_device [get_hw_devices xc7a50t_0]
refresh_hw_device -update_hw_probes false [lindex [get_hw_devices xc7a50t_0] 0]
INFO: [Labtools 27-1434] Device xc7a50t (JTAG device index = 0) is programmed with a design that has no supported debug core(s) in it.
set_property PROBES.FILE {} [get_hw_devices xc7a50t_0]
set_property FULL_PROBES.FILE {} [get_hw_devices xc7a50t_0]
set_property PROGRAM.FILE {C:/Users/Lenovo/Desktop/Letnik3/DN/Project/Project01/Project01.runs/impl_1/top.bit} [get_hw_devices xc7a50t_0]
program_hw_devices [get_hw_devices xc7a50t_0]
INFO: [Labtools 27-3164] End of startup status: HIGH
refresh_hw_device [lindex [get_hw_devices xc7a50t_0] 0]
INFO: [Labtools 27-1434] Device xc7a50t (JTAG device index = 0) is programmed with a design that has no supported debug core(s) in it.
refresh_hw_device [lindex [get_hw_devices xc7a50t_0] 0]
INFO: [Labtools 27-1434] Device xc7a50t (JTAG device index = 0) is programmed with a design that has no supported debug core(s) in it.
set_property PROBES.FILE {} [get_hw_devices xc7a50t_0]
set_property FULL_PROBES.FILE {} [get_hw_devices xc7a50t_0]
set_property PROGRAM.FILE {C:/Users/Lenovo/Desktop/Letnik3/DN/Project/Project01/Project01.runs/impl_1/top.bit} [get_hw_devices xc7a50t_0]
program_hw_devices [get_hw_devices xc7a50t_0]
INFO: [Labtools 27-3164] End of startup status: HIGH
refresh_hw_device [lindex [get_hw_devices xc7a50t_0] 0]
INFO: [Labtools 27-1434] Device xc7a50t (JTAG device index = 0) is programmed with a design that has no supported debug core(s) in it.
close_hw_manager
reset_run impl_1 -prev_step 
launch_runs impl_1 -to_step write_bitstream -jobs 6
[Sat Jan 24 23:10:12 2026] Launched impl_1...
Run output will be captured here: C:/Users/Lenovo/Desktop/Letnik3/DN/Project/Project01/Project01.runs/impl_1/runme.log
open_hw_manager
connect_hw_server -allow_non_jtag
INFO: [Labtools 27-2285] Connecting to hw_server url TCP:localhost:3121
INFO: [Labtools 27-2222] Launching hw_server...
INFO: [Labtools 27-2221] Launch Output:

****** Xilinx hw_server v2025.1
  **** Build date : May  6 2025 at 09:15:36
    ** Copyright 1986-2022 Xilinx, Inc. All Rights Reserved.


INFO: [Labtools 27-3415] Connecting to cs_server url TCP:localhost:0
INFO: [Labtools 27-3417] Launching cs_server...
INFO: [Labtools 27-2221] Launch Output:


******** Xilinx cs_server v2025.1.0
  ****** Build date   : May 13 2025-21:15:27
    **** Build number : 2025.1.1747163727
      ** Copyright 2017-2022 Xilinx, Inc. All Rights Reserved.
      ** Copyright 2022-2026 Advanced Micro Devices, Inc. All Rights Reserved.



connect_hw_server: Time (s): cpu = 00:00:00 ; elapsed = 00:00:06 . Memory (MB): peak = 3106.125 ; gain = 0.000
open_hw_target
INFO: [Labtoolstcl 44-466] Opening hw_target localhost:3121/xilinx_tcf/Digilent/210292AA7E5EA
set_property PROGRAM.FILE {C:/Users/Lenovo/Desktop/Letnik3/DN/Project/Project01/Project01.runs/impl_1/top.bit} [get_hw_devices xc7a50t_0]
current_hw_device [get_hw_devices xc7a50t_0]
refresh_hw_device -update_hw_probes false [lindex [get_hw_devices xc7a50t_0] 0]
INFO: [Labtools 27-1434] Device xc7a50t (JTAG device index = 0) is programmed with a design that has no supported debug core(s) in it.
set_property PROBES.FILE {} [get_hw_devices xc7a50t_0]
set_property FULL_PROBES.FILE {} [get_hw_devices xc7a50t_0]
set_property PROGRAM.FILE {C:/Users/Lenovo/Desktop/Letnik3/DN/Project/Project01/Project01.runs/impl_1/top.bit} [get_hw_devices xc7a50t_0]
program_hw_devices [get_hw_devices xc7a50t_0]
INFO: [Labtools 27-3164] End of startup status: HIGH
refresh_hw_device [lindex [get_hw_devices xc7a50t_0] 0]
INFO: [Labtools 27-1434] Device xc7a50t (JTAG device index = 0) is programmed with a design that has no supported debug core(s) in it.
close_hw_manager
WARNING: [filemgmt 56-199] Attempt to get parsing info during refresh. "On-the-fly" syntax checking information may be incorrect. [C:\Users\Lenovo\Desktop\Letnik3\DN\Project\Project01\Project01.srcs\sources_1\new\i2c_tmp102_master.sv:]
WARNING: [filemgmt 56-199] Attempt to get parsing info during refresh. "On-the-fly" syntax checking information may be incorrect. [C:\Users\Lenovo\Desktop\Letnik3\DN\Project\Project01\Project01.srcs\sources_1\new\i2c_master.sv:]
WARNING: [filemgmt 56-199] Attempt to get parsing info during refresh. "On-the-fly" syntax checking information may be incorrect. [C:\Users\Lenovo\Desktop\Letnik3\DN\Project\Project01\Project01.srcs\sources_1\new\APB_uart.sv:]
WARNING: [filemgmt 56-199] Attempt to get parsing info during refresh. "On-the-fly" syntax checking information may be incorrect. [C:\Users\Lenovo\Desktop\Letnik3\DN\Project\Project01\Project01.srcs\sources_1\new\APB_i2c.sv:]
WARNING: [filemgmt 56-199] Attempt to get parsing info during refresh. "On-the-fly" syntax checking information may be incorrect. [C:\Users\Lenovo\Desktop\Letnik3\DN\Project\Project01\Project01.srcs\sources_1\new\top.sv:]
WARNING: [filemgmt 56-199] Attempt to get parsing info during refresh. "On-the-fly" syntax checking information may be incorrect. [C:\Users\Lenovo\Desktop\Letnik3\DN\Project\Project01\Project01.srcs\sources_1\new\APB_i2c.sv:]
WARNING: [filemgmt 56-199] Attempt to get parsing info during refresh. "On-the-fly" syntax checking information may be incorrect. [C:\Users\Lenovo\Desktop\Letnik3\DN\Project\Project01\Project01.srcs\sources_1\new\APB_i2c.sv:]
WARNING: [filemgmt 56-199] Attempt to get parsing info during refresh. "On-the-fly" syntax checking information may be incorrect. [C:\Users\Lenovo\Desktop\Letnik3\DN\Project\Project01\Project01.srcs\sources_1\new\i2c_tmp102_master.sv:]
WARNING: [filemgmt 56-199] Attempt to get parsing info during refresh. "On-the-fly" syntax checking information may be incorrect. [C:\Users\Lenovo\Desktop\Letnik3\DN\Project\Project01\Project01.srcs\sources_1\new\i2c_master.sv:]
WARNING: [filemgmt 56-199] Attempt to get parsing info during refresh. "On-the-fly" syntax checking information may be incorrect. [C:\Users\Lenovo\Desktop\Letnik3\DN\Project\Project01\Project01.srcs\sources_1\new\APB_uart.sv:]
WARNING: [filemgmt 56-199] Attempt to get parsing info during refresh. "On-the-fly" syntax checking information may be incorrect. [C:\Users\Lenovo\Desktop\Letnik3\DN\Project\Project01\Project01.srcs\sources_1\new\APB_i2c.sv:]
WARNING: [filemgmt 56-199] Attempt to get parsing info during refresh. "On-the-fly" syntax checking information may be incorrect. [C:\Users\Lenovo\Desktop\Letnik3\DN\Project\Project01\Project01.srcs\sources_1\new\top.sv:]
WARNING: [filemgmt 56-199] Attempt to get parsing info during refresh. "On-the-fly" syntax checking information may be incorrect. [C:\Users\Lenovo\Desktop\Letnik3\DN\Project\Project01\Project01.srcs\sources_1\new\top.sv:]
WARNING: [filemgmt 56-199] Attempt to get parsing info during refresh. "On-the-fly" syntax checking information may be incorrect. [C:\Users\Lenovo\Desktop\Letnik3\DN\Project\Project01\Project01.srcs\sources_1\new\top.sv:]
WARNING: [filemgmt 56-199] Attempt to get parsing info during refresh. "On-the-fly" syntax checking information may be incorrect. [C:\Users\Lenovo\Desktop\Letnik3\DN\Project\Project01\Project01.srcs\sources_1\new\i2c_tmp102_master.sv:]
WARNING: [filemgmt 56-199] Attempt to get parsing info during refresh. "On-the-fly" syntax checking information may be incorrect. [C:\Users\Lenovo\Desktop\Letnik3\DN\Project\Project01\Project01.srcs\sources_1\new\i2c_master.sv:]
WARNING: [filemgmt 56-199] Attempt to get parsing info during refresh. "On-the-fly" syntax checking information may be incorrect. [C:\Users\Lenovo\Desktop\Letnik3\DN\Project\Project01\Project01.srcs\sources_1\new\APB_uart.sv:]
WARNING: [filemgmt 56-199] Attempt to get parsing info during refresh. "On-the-fly" syntax checking information may be incorrect. [C:\Users\Lenovo\Desktop\Letnik3\DN\Project\Project01\Project01.srcs\sources_1\new\APB_i2c.sv:]
WARNING: [filemgmt 56-199] Attempt to get parsing info during refresh. "On-the-fly" syntax checking information may be incorrect. [C:\Users\Lenovo\Desktop\Letnik3\DN\Project\Project01\Project01.srcs\sources_1\new\top.sv:]
WARNING: [filemgmt 56-199] Attempt to get parsing info during refresh. "On-the-fly" syntax checking information may be incorrect. [C:\Users\Lenovo\Desktop\Letnik3\DN\Project\Project01\Project01.srcs\sources_1\new\APB_i2c.sv:]
WARNING: [filemgmt 56-199] Attempt to get parsing info during refresh. "On-the-fly" syntax checking information may be incorrect. [C:\Users\Lenovo\Desktop\Letnik3\DN\Project\Project01\Project01.srcs\sources_1\new\APB_i2c.sv:]
ERROR: [Common 17-180] Spawn failed: The operation completed successfully.

reset_run impl_1 -prev_step 
launch_runs impl_1 -to_step write_bitstream -jobs 6
[Sat Jan 24 23:45:09 2026] Launched impl_1...
Run output will be captured here: C:/Users/Lenovo/Desktop/Letnik3/DN/Project/Project01/Project01.runs/impl_1/runme.log
open_hw_manager
connect_hw_server -allow_non_jtag
INFO: [Labtools 27-2285] Connecting to hw_server url TCP:localhost:3121
INFO: [Labtools 27-2222] Launching hw_server...
INFO: [Labtools 27-2221] Launch Output:

****** Xilinx hw_server v2025.1
  **** Build date : May  6 2025 at 09:15:36
    ** Copyright 1986-2022 Xilinx, Inc. All Rights Reserved.


INFO: [Labtools 27-3415] Connecting to cs_server url TCP:localhost:0
INFO: [Labtools 27-3417] Launching cs_server...
INFO: [Labtools 27-2221] Launch Output:


******** Xilinx cs_server v2025.1.0
  ****** Build date   : May 13 2025-21:15:27
    **** Build number : 2025.1.1747163727
      ** Copyright 2017-2022 Xilinx, Inc. All Rights Reserved.
      ** Copyright 2022-2026 Advanced Micro Devices, Inc. All Rights Reserved.



connect_hw_server: Time (s): cpu = 00:00:00 ; elapsed = 00:00:06 . Memory (MB): peak = 3106.125 ; gain = 0.000
open_hw_target
INFO: [Labtoolstcl 44-466] Opening hw_target localhost:3121/xilinx_tcf/Digilent/210292AA7E5EA
set_property PROGRAM.FILE {C:/Users/Lenovo/Desktop/Letnik3/DN/Project/Project01/Project01.runs/impl_1/top.bit} [get_hw_devices xc7a50t_0]
current_hw_device [get_hw_devices xc7a50t_0]
refresh_hw_device -update_hw_probes false [lindex [get_hw_devices xc7a50t_0] 0]
INFO: [Labtools 27-1434] Device xc7a50t (JTAG device index = 0) is programmed with a design that has no supported debug core(s) in it.
set_property PROBES.FILE {} [get_hw_devices xc7a50t_0]
set_property FULL_PROBES.FILE {} [get_hw_devices xc7a50t_0]
set_property PROGRAM.FILE {C:/Users/Lenovo/Desktop/Letnik3/DN/Project/Project01/Project01.runs/impl_1/top.bit} [get_hw_devices xc7a50t_0]
program_hw_devices [get_hw_devices xc7a50t_0]
INFO: [Labtools 27-3164] End of startup status: HIGH
refresh_hw_device [lindex [get_hw_devices xc7a50t_0] 0]
INFO: [Labtools 27-1434] Device xc7a50t (JTAG device index = 0) is programmed with a design that has no supported debug core(s) in it.
WARNING: [filemgmt 56-199] Attempt to get parsing info during refresh. "On-the-fly" syntax checking information may be incorrect. [C:\Users\Lenovo\Desktop\Letnik3\DN\Project\Project01\Project01.srcs\sources_1\new\i2c_tmp102_master.sv:]
WARNING: [filemgmt 56-199] Attempt to get parsing info during refresh. "On-the-fly" syntax checking information may be incorrect. [C:\Users\Lenovo\Desktop\Letnik3\DN\Project\Project01\Project01.srcs\sources_1\new\i2c_master.sv:]
WARNING: [filemgmt 56-199] Attempt to get parsing info during refresh. "On-the-fly" syntax checking information may be incorrect. [C:\Users\Lenovo\Desktop\Letnik3\DN\Project\Project01\Project01.srcs\sources_1\new\APB_uart.sv:]
WARNING: [filemgmt 56-199] Attempt to get parsing info during refresh. "On-the-fly" syntax checking information may be incorrect. [C:\Users\Lenovo\Desktop\Letnik3\DN\Project\Project01\Project01.srcs\sources_1\new\APB_i2c.sv:]
WARNING: [filemgmt 56-199] Attempt to get parsing info during refresh. "On-the-fly" syntax checking information may be incorrect. [C:\Users\Lenovo\Desktop\Letnik3\DN\Project\Project01\Project01.srcs\sources_1\new\top.sv:]
WARNING: [filemgmt 56-199] Attempt to get parsing info during refresh. "On-the-fly" syntax checking information may be incorrect. [C:\Users\Lenovo\Desktop\Letnik3\DN\Project\Project01\Project01.srcs\sources_1\new\top.sv:]
WARNING: [filemgmt 56-199] Attempt to get parsing info during refresh. "On-the-fly" syntax checking information may be incorrect. [C:\Users\Lenovo\Desktop\Letnik3\DN\Project\Project01\Project01.srcs\sources_1\new\top.sv:]
WARNING: [filemgmt 56-199] Attempt to get parsing info during refresh. "On-the-fly" syntax checking information may be incorrect. [C:\Users\Lenovo\Desktop\Letnik3\DN\Project\Project01\Project01.srcs\sources_1\new\i2c_tmp102_master.sv:]
WARNING: [filemgmt 56-199] Attempt to get parsing info during refresh. "On-the-fly" syntax checking information may be incorrect. [C:\Users\Lenovo\Desktop\Letnik3\DN\Project\Project01\Project01.srcs\sources_1\new\i2c_master.sv:]
WARNING: [filemgmt 56-199] Attempt to get parsing info during refresh. "On-the-fly" syntax checking information may be incorrect. [C:\Users\Lenovo\Desktop\Letnik3\DN\Project\Project01\Project01.srcs\sources_1\new\APB_uart.sv:]
WARNING: [filemgmt 56-199] Attempt to get parsing info during refresh. "On-the-fly" syntax checking information may be incorrect. [C:\Users\Lenovo\Desktop\Letnik3\DN\Project\Project01\Project01.srcs\sources_1\new\APB_i2c.sv:]
WARNING: [filemgmt 56-199] Attempt to get parsing info during refresh. "On-the-fly" syntax checking information may be incorrect. [C:\Users\Lenovo\Desktop\Letnik3\DN\Project\Project01\Project01.srcs\sources_1\new\top.sv:]
WARNING: [filemgmt 56-199] Attempt to get parsing info during refresh. "On-the-fly" syntax checking information may be incorrect. [C:\Users\Lenovo\Desktop\Letnik3\DN\Project\Project01\Project01.srcs\sources_1\new\APB_i2c.sv:]
WARNING: [filemgmt 56-199] Attempt to get parsing info during refresh. "On-the-fly" syntax checking information may be incorrect. [C:\Users\Lenovo\Desktop\Letnik3\DN\Project\Project01\Project01.srcs\sources_1\new\APB_i2c.sv:]
close_hw_manager
reset_run impl_1 -prev_step 
launch_runs impl_1 -to_step write_bitstream -jobs 6
[Sat Jan 24 23:47:21 2026] Launched impl_1...
Run output will be captured here: C:/Users/Lenovo/Desktop/Letnik3/DN/Project/Project01/Project01.runs/impl_1/runme.log
open_hw_manager
connect_hw_server -allow_non_jtag
INFO: [Labtools 27-2285] Connecting to hw_server url TCP:localhost:3121
INFO: [Labtools 27-2222] Launching hw_server...
INFO: [Labtools 27-2221] Launch Output:

****** Xilinx hw_server v2025.1
  **** Build date : May  6 2025 at 09:15:36
    ** Copyright 1986-2022 Xilinx, Inc. All Rights Reserved.


INFO: [Labtools 27-3415] Connecting to cs_server url TCP:localhost:0
INFO: [Labtools 27-3417] Launching cs_server...
INFO: [Labtools 27-2221] Launch Output:


******** Xilinx cs_server v2025.1.0
  ****** Build date   : May 13 2025-21:15:27
    **** Build number : 2025.1.1747163727
      ** Copyright 2017-2022 Xilinx, Inc. All Rights Reserved.
      ** Copyright 2022-2026 Advanced Micro Devices, Inc. All Rights Reserved.



connect_hw_server: Time (s): cpu = 00:00:01 ; elapsed = 00:00:06 . Memory (MB): peak = 3106.125 ; gain = 0.000
open_hw_target
INFO: [Labtoolstcl 44-466] Opening hw_target localhost:3121/xilinx_tcf/Digilent/210292AA7E5EA
set_property PROGRAM.FILE {C:/Users/Lenovo/Desktop/Letnik3/DN/Project/Project01/Project01.runs/impl_1/top.bit} [get_hw_devices xc7a50t_0]
current_hw_device [get_hw_devices xc7a50t_0]
refresh_hw_device -update_hw_probes false [lindex [get_hw_devices xc7a50t_0] 0]
INFO: [Labtools 27-1434] Device xc7a50t (JTAG device index = 0) is programmed with a design that has no supported debug core(s) in it.
set_property PROBES.FILE {} [get_hw_devices xc7a50t_0]
set_property FULL_PROBES.FILE {} [get_hw_devices xc7a50t_0]
set_property PROGRAM.FILE {C:/Users/Lenovo/Desktop/Letnik3/DN/Project/Project01/Project01.runs/impl_1/top.bit} [get_hw_devices xc7a50t_0]
program_hw_devices [get_hw_devices xc7a50t_0]
INFO: [Labtools 27-3164] End of startup status: HIGH
refresh_hw_device [lindex [get_hw_devices xc7a50t_0] 0]
INFO: [Labtools 27-1434] Device xc7a50t (JTAG device index = 0) is programmed with a design that has no supported debug core(s) in it.
close_hw_manager
reset_run synth_1
INFO: [Project 1-1161] Replacing file C:/Users/Lenovo/Desktop/Letnik3/DN/Project/Project01/Project01.srcs/utils_1/imports/synth_1/top.dcp with file C:/Users/Lenovo/Desktop/Letnik3/DN/Project/Project01/Project01.runs/synth_1/top.dcp
launch_runs impl_1 -to_step write_bitstream -jobs 6
WARNING: [filemgmt 56-199] Attempt to get parsing info during refresh. "On-the-fly" syntax checking information may be incorrect. [C:\Users\Lenovo\Desktop\Letnik3\DN\Project\Project01\Project01.srcs\sources_1\new\i2c_tmp102_master.sv:]
WARNING: [filemgmt 56-199] Attempt to get parsing info during refresh. "On-the-fly" syntax checking information may be incorrect. [C:\Users\Lenovo\Desktop\Letnik3\DN\Project\Project01\Project01.srcs\sources_1\new\i2c_master.sv:]
WARNING: [filemgmt 56-199] Attempt to get parsing info during refresh. "On-the-fly" syntax checking information may be incorrect. [C:\Users\Lenovo\Desktop\Letnik3\DN\Project\Project01\Project01.srcs\sources_1\new\APB_uart.sv:]
WARNING: [filemgmt 56-199] Attempt to get parsing info during refresh. "On-the-fly" syntax checking information may be incorrect. [C:\Users\Lenovo\Desktop\Letnik3\DN\Project\Project01\Project01.srcs\sources_1\new\APB_i2c.sv:]
WARNING: [filemgmt 56-199] Attempt to get parsing info during refresh. "On-the-fly" syntax checking information may be incorrect. [C:\Users\Lenovo\Desktop\Letnik3\DN\Project\Project01\Project01.srcs\sources_1\new\top.sv:]
WARNING: [filemgmt 56-199] Attempt to get parsing info during refresh. "On-the-fly" syntax checking information may be incorrect. [C:\Users\Lenovo\Desktop\Letnik3\DN\Project\Project01\Project01.srcs\sources_1\new\top.sv:]
WARNING: [filemgmt 56-199] Attempt to get parsing info during refresh. "On-the-fly" syntax checking information may be incorrect. [C:\Users\Lenovo\Desktop\Letnik3\DN\Project\Project01\Project01.srcs\sources_1\new\top.sv:]
WARNING: [filemgmt 56-199] Attempt to get parsing info during refresh. "On-the-fly" syntax checking information may be incorrect. [C:\Users\Lenovo\Desktop\Letnik3\DN\Project\Project01\Project01.srcs\sources_1\new\i2c_tmp102_master.sv:]
WARNING: [filemgmt 56-199] Attempt to get parsing info during refresh. "On-the-fly" syntax checking information may be incorrect. [C:\Users\Lenovo\Desktop\Letnik3\DN\Project\Project01\Project01.srcs\sources_1\new\i2c_master.sv:]
WARNING: [filemgmt 56-199] Attempt to get parsing info during refresh. "On-the-fly" syntax checking information may be incorrect. [C:\Users\Lenovo\Desktop\Letnik3\DN\Project\Project01\Project01.srcs\sources_1\new\APB_uart.sv:]
WARNING: [filemgmt 56-199] Attempt to get parsing info during refresh. "On-the-fly" syntax checking information may be incorrect. [C:\Users\Lenovo\Desktop\Letnik3\DN\Project\Project01\Project01.srcs\sources_1\new\APB_i2c.sv:]
WARNING: [filemgmt 56-199] Attempt to get parsing info during refresh. "On-the-fly" syntax checking information may be incorrect. [C:\Users\Lenovo\Desktop\Letnik3\DN\Project\Project01\Project01.srcs\sources_1\new\top.sv:]
WARNING: [filemgmt 56-199] Attempt to get parsing info during refresh. "On-the-fly" syntax checking information may be incorrect. [C:\Users\Lenovo\Desktop\Letnik3\DN\Project\Project01\Project01.srcs\sources_1\new\APB_uart.sv:]
WARNING: [filemgmt 56-199] Attempt to get parsing info during refresh. "On-the-fly" syntax checking information may be incorrect. [C:\Users\Lenovo\Desktop\Letnik3\DN\Project\Project01\Project01.srcs\sources_1\new\APB_uart.sv:]
[Sun Jan 25 00:05:42 2026] Launched synth_1...
Run output will be captured here: C:/Users/Lenovo/Desktop/Letnik3/DN/Project/Project01/Project01.runs/synth_1/runme.log
[Sun Jan 25 00:05:42 2026] Launched impl_1...
Run output will be captured here: C:/Users/Lenovo/Desktop/Letnik3/DN/Project/Project01/Project01.runs/impl_1/runme.log
WARNING: [Vivado 12-818] No files matched ''
ERROR: [Common 17-55] 'get_property' expects at least one object.
Resolution: If [get_<value>] was used to populate the object, check to make sure this command returns at least one valid object.
write_hw_platform -fixed -include_bit -force -file C:/Users/Lenovo/Desktop/Letnik3/DN/Project/Project01/top.xsa
INFO: [Project 1-1918] Creating Hardware Platform: C:/Users/Lenovo/Desktop/Letnik3/DN/Project/Project01/top.xsa ...
INFO: [Project 1-1943] The Hardware Platform can be used for Hardware
INFO: [Project 1-1941] Successfully created Hardware Platform: C:/Users/Lenovo/Desktop/Letnik3/DN/Project/Project01/top.xsa
open_hw_manager
connect_hw_server -allow_non_jtag
INFO: [Labtools 27-2285] Connecting to hw_server url TCP:localhost:3121
INFO: [Labtools 27-2222] Launching hw_server...
INFO: [Labtools 27-2221] Launch Output:

****** Xilinx hw_server v2025.1
  **** Build date : May  6 2025 at 09:15:36
    ** Copyright 1986-2022 Xilinx, Inc. All Rights Reserved.


INFO: [Labtools 27-3415] Connecting to cs_server url TCP:localhost:0
INFO: [Labtools 27-3417] Launching cs_server...
INFO: [Labtools 27-2221] Launch Output:


******** Xilinx cs_server v2025.1.0
  ****** Build date   : May 13 2025-21:15:27
    **** Build number : 2025.1.1747163727
      ** Copyright 2017-2022 Xilinx, Inc. All Rights Reserved.
      ** Copyright 2022-2026 Advanced Micro Devices, Inc. All Rights Reserved.



connect_hw_server: Time (s): cpu = 00:00:01 ; elapsed = 00:00:06 . Memory (MB): peak = 3227.949 ; gain = 0.000
open_hw_target
INFO: [Labtoolstcl 44-466] Opening hw_target localhost:3121/xilinx_tcf/Digilent/210292AA7E5EA
set_property PROGRAM.FILE {C:/Users/Lenovo/Desktop/Letnik3/DN/Project/Project01/Project01.runs/impl_1/top.bit} [get_hw_devices xc7a50t_0]
current_hw_device [get_hw_devices xc7a50t_0]
refresh_hw_device -update_hw_probes false [lindex [get_hw_devices xc7a50t_0] 0]
INFO: [Labtools 27-1434] Device xc7a50t (JTAG device index = 0) is programmed with a design that has no supported debug core(s) in it.
set_property PROBES.FILE {} [get_hw_devices xc7a50t_0]
set_property FULL_PROBES.FILE {} [get_hw_devices xc7a50t_0]
set_property PROGRAM.FILE {C:/Users/Lenovo/Desktop/Letnik3/DN/Project/Project01/Project01.runs/impl_1/top.bit} [get_hw_devices xc7a50t_0]
program_hw_devices [get_hw_devices xc7a50t_0]
INFO: [Labtools 27-3164] End of startup status: HIGH
refresh_hw_device [lindex [get_hw_devices xc7a50t_0] 0]
INFO: [Labtools 27-1434] Device xc7a50t (JTAG device index = 0) is programmed with a design that has no supported debug core(s) in it.
close_hw_manager
WARNING: [filemgmt 56-199] Attempt to get parsing info during refresh. "On-the-fly" syntax checking information may be incorrect. [C:\Users\Lenovo\Desktop\Letnik3\DN\Project\Project01\Project01.srcs\sources_1\new\i2c_tmp102_master.sv:]
WARNING: [filemgmt 56-199] Attempt to get parsing info during refresh. "On-the-fly" syntax checking information may be incorrect. [C:\Users\Lenovo\Desktop\Letnik3\DN\Project\Project01\Project01.srcs\sources_1\new\i2c_master.sv:]
WARNING: [filemgmt 56-199] Attempt to get parsing info during refresh. "On-the-fly" syntax checking information may be incorrect. [C:\Users\Lenovo\Desktop\Letnik3\DN\Project\Project01\Project01.srcs\sources_1\new\APB_uart.sv:]
WARNING: [filemgmt 56-199] Attempt to get parsing info during refresh. "On-the-fly" syntax checking information may be incorrect. [C:\Users\Lenovo\Desktop\Letnik3\DN\Project\Project01\Project01.srcs\sources_1\new\APB_i2c.sv:]
WARNING: [filemgmt 56-199] Attempt to get parsing info during refresh. "On-the-fly" syntax checking information may be incorrect. [C:\Users\Lenovo\Desktop\Letnik3\DN\Project\Project01\Project01.srcs\sources_1\new\top.sv:]
WARNING: [filemgmt 56-199] Attempt to get parsing info during refresh. "On-the-fly" syntax checking information may be incorrect. [C:\Users\Lenovo\Desktop\Letnik3\DN\Project\Project01\Project01.srcs\sources_1\new\top.sv:]
WARNING: [filemgmt 56-199] Attempt to get parsing info during refresh. "On-the-fly" syntax checking information may be incorrect. [C:\Users\Lenovo\Desktop\Letnik3\DN\Project\Project01\Project01.srcs\sources_1\new\top.sv:]
WARNING: [filemgmt 56-199] Attempt to get parsing info during refresh. "On-the-fly" syntax checking information may be incorrect. [C:\Users\Lenovo\Desktop\Letnik3\DN\Project\Project01\Project01.srcs\sources_1\new\i2c_tmp102_master.sv:]
WARNING: [filemgmt 56-199] Attempt to get parsing info during refresh. "On-the-fly" syntax checking information may be incorrect. [C:\Users\Lenovo\Desktop\Letnik3\DN\Project\Project01\Project01.srcs\sources_1\new\i2c_master.sv:]
WARNING: [filemgmt 56-199] Attempt to get parsing info during refresh. "On-the-fly" syntax checking information may be incorrect. [C:\Users\Lenovo\Desktop\Letnik3\DN\Project\Project01\Project01.srcs\sources_1\new\APB_uart.sv:]
WARNING: [filemgmt 56-199] Attempt to get parsing info during refresh. "On-the-fly" syntax checking information may be incorrect. [C:\Users\Lenovo\Desktop\Letnik3\DN\Project\Project01\Project01.srcs\sources_1\new\APB_i2c.sv:]
WARNING: [filemgmt 56-199] Attempt to get parsing info during refresh. "On-the-fly" syntax checking information may be incorrect. [C:\Users\Lenovo\Desktop\Letnik3\DN\Project\Project01\Project01.srcs\sources_1\new\top.sv:]
WARNING: [filemgmt 56-199] Attempt to get parsing info during refresh. "On-the-fly" syntax checking information may be incorrect. [C:\Users\Lenovo\Desktop\Letnik3\DN\Project\Project01\Project01.srcs\sources_1\new\APB_uart.sv:]
WARNING: [filemgmt 56-199] Attempt to get parsing info during refresh. "On-the-fly" syntax checking information may be incorrect. [C:\Users\Lenovo\Desktop\Letnik3\DN\Project\Project01\Project01.srcs\sources_1\new\APB_uart.sv:]
close_design
open_hw_manager
connect_hw_server -allow_non_jtag
INFO: [Labtools 27-2285] Connecting to hw_server url TCP:localhost:3121
INFO: [Labtools 27-2222] Launching hw_server...
INFO: [Labtools 27-2221] Launch Output:

****** Xilinx hw_server v2025.1
  **** Build date : May  6 2025 at 09:15:36
    ** Copyright 1986-2022 Xilinx, Inc. All Rights Reserved.


INFO: [Labtools 27-3415] Connecting to cs_server url TCP:localhost:0
INFO: [Labtools 27-3417] Launching cs_server...
INFO: [Labtools 27-2221] Launch Output:


******** Xilinx cs_server v2025.1.0
  ****** Build date   : May 13 2025-21:15:27
    **** Build number : 2025.1.1747163727
      ** Copyright 2017-2022 Xilinx, Inc. All Rights Reserved.
      ** Copyright 2022-2026 Advanced Micro Devices, Inc. All Rights Reserved.



connect_hw_server: Time (s): cpu = 00:00:00 ; elapsed = 00:00:06 . Memory (MB): peak = 3227.949 ; gain = 0.000
open_hw_target
INFO: [Labtoolstcl 44-466] Opening hw_target localhost:3121/xilinx_tcf/Digilent/210292AA7E5EA
set_property PROGRAM.FILE {C:/Users/Lenovo/Desktop/Letnik3/DN/Project/Project01/Project01.runs/impl_1/top.bit} [get_hw_devices xc7a50t_0]
current_hw_device [get_hw_devices xc7a50t_0]
refresh_hw_device -update_hw_probes false [lindex [get_hw_devices xc7a50t_0] 0]
INFO: [Labtools 27-1434] Device xc7a50t (JTAG device index = 0) is programmed with a design that has no supported debug core(s) in it.
set_property PROBES.FILE {} [get_hw_devices xc7a50t_0]
set_property FULL_PROBES.FILE {} [get_hw_devices xc7a50t_0]
set_property PROGRAM.FILE {C:/Users/Lenovo/Desktop/Letnik3/DN/Project/Project01/Project01.runs/impl_1/top.bit} [get_hw_devices xc7a50t_0]
program_hw_devices [get_hw_devices xc7a50t_0]
INFO: [Labtools 27-3164] End of startup status: HIGH
refresh_hw_device [lindex [get_hw_devices xc7a50t_0] 0]
INFO: [Labtools 27-1434] Device xc7a50t (JTAG device index = 0) is programmed with a design that has no supported debug core(s) in it.
close_hw_manager
reset_run impl_1 -prev_step 
launch_runs impl_1 -to_step write_bitstream -jobs 6
[Sun Jan 25 00:11:00 2026] Launched impl_1...
Run output will be captured here: C:/Users/Lenovo/Desktop/Letnik3/DN/Project/Project01/Project01.runs/impl_1/runme.log
open_run impl_1
Netlist sorting complete. Time (s): cpu = 00:00:00 ; elapsed = 00:00:00.071 . Memory (MB): peak = 3227.949 ; gain = 0.000
INFO: [Netlist 29-17] Analyzing 255 Unisim elements for replacement
INFO: [Netlist 29-28] Unisim Transformation completed in 0 CPU seconds
INFO: [Project 1-479] Netlist was created with Vivado 2025.1
INFO: [Project 1-570] Preparing netlist for logic optimization
Read ShapeDB Complete: Time (s): cpu = 00:00:00 ; elapsed = 00:00:00.007 . Memory (MB): peak = 3227.949 ; gain = 0.000
INFO: [Timing 38-478] Restoring timing data from binary archive.
INFO: [Timing 38-479] Binary timing data restore complete.
INFO: [Project 1-856] Restoring constraints from binary archive.
INFO: [Project 1-853] Binary constraint restore complete.
INFO: [Designutils 20-5722] Start Reading Physical Databases.
Reading placement.
Read Netlist Cache: Time (s): cpu = 00:00:00 ; elapsed = 00:00:00.001 . Memory (MB): peak = 3227.949 ; gain = 0.000
Reading placer database...
Read Device Cache: Time (s): cpu = 00:00:00 ; elapsed = 00:00:00.006 . Memory (MB): peak = 3227.949 ; gain = 0.000
Read PlaceDB: Time (s): cpu = 00:00:00 ; elapsed = 00:00:00.059 . Memory (MB): peak = 3227.949 ; gain = 0.000
Read PulsedLatchDB: Time (s): cpu = 00:00:00 ; elapsed = 00:00:00 . Memory (MB): peak = 3227.949 ; gain = 0.000
Reading routing.
Read RouteStorage: Time (s): cpu = 00:00:00 ; elapsed = 00:00:00.038 . Memory (MB): peak = 3227.949 ; gain = 0.000
Read Physdb Files: Time (s): cpu = 00:00:00 ; elapsed = 00:00:00.115 . Memory (MB): peak = 3227.949 ; gain = 0.000
Restored from archive | CPU: 0.000000 secs | Memory: 0.000000 MB |
Finished XDEF File Restore: Time (s): cpu = 00:00:00 ; elapsed = 00:00:00.115 . Memory (MB): peak = 3227.949 ; gain = 0.000
Generating merged BMM file for the design top 'microblaze_mcs_0'...
INFO: [Memdata 28-144] Successfully populated the BRAM INIT strings from the following elf files: C:/Users/Lenovo/Desktop/Letnik3/DN/Project/app_component/build/app_component.elf 
Netlist sorting complete. Time (s): cpu = 00:00:00 ; elapsed = 00:00:00.003 . Memory (MB): peak = 3227.949 ; gain = 0.000
INFO: [Project 1-111] Unisim Transformation Summary:
  A total of 145 instances were transformed.
  LUT6_2 => LUT6_2 (LUT5, LUT6): 81 instances
  RAM32X1D => RAM32X1D (RAMD32(x2)): 64 instances

open_run: Time (s): cpu = 00:00:12 ; elapsed = 00:00:11 . Memory (MB): peak = 3252.836 ; gain = 24.887
open_hw_manager
connect_hw_server -allow_non_jtag
INFO: [Labtools 27-2285] Connecting to hw_server url TCP:localhost:3121
INFO: [Labtools 27-2222] Launching hw_server...
INFO: [Labtools 27-2221] Launch Output:

****** Xilinx hw_server v2025.1
  **** Build date : May  6 2025 at 09:15:36
    ** Copyright 1986-2022 Xilinx, Inc. All Rights Reserved.


INFO: [Labtools 27-3415] Connecting to cs_server url TCP:localhost:0
INFO: [Labtools 27-3417] Launching cs_server...
INFO: [Labtools 27-2221] Launch Output:


******** Xilinx cs_server v2025.1.0
  ****** Build date   : May 13 2025-21:15:27
    **** Build number : 2025.1.1747163727
      ** Copyright 2017-2022 Xilinx, Inc. All Rights Reserved.
      ** Copyright 2022-2026 Advanced Micro Devices, Inc. All Rights Reserved.



connect_hw_server: Time (s): cpu = 00:00:01 ; elapsed = 00:00:06 . Memory (MB): peak = 3260.680 ; gain = 0.000
open_hw_target
INFO: [Labtoolstcl 44-466] Opening hw_target localhost:3121/xilinx_tcf/Digilent/210292AA7E5EA
set_property PROGRAM.FILE {C:/Users/Lenovo/Desktop/Letnik3/DN/Project/Project01/Project01.runs/impl_1/top.bit} [get_hw_devices xc7a50t_0]
current_hw_device [get_hw_devices xc7a50t_0]
refresh_hw_device -update_hw_probes false [lindex [get_hw_devices xc7a50t_0] 0]
INFO: [Labtools 27-1434] Device xc7a50t (JTAG device index = 0) is programmed with a design that has no supported debug core(s) in it.
set_property PROBES.FILE {} [get_hw_devices xc7a50t_0]
set_property FULL_PROBES.FILE {} [get_hw_devices xc7a50t_0]
set_property PROGRAM.FILE {C:/Users/Lenovo/Desktop/Letnik3/DN/Project/Project01/Project01.runs/impl_1/top.bit} [get_hw_devices xc7a50t_0]
program_hw_devices [get_hw_devices xc7a50t_0]
INFO: [Labtools 27-3164] End of startup status: HIGH
refresh_hw_device [lindex [get_hw_devices xc7a50t_0] 0]
INFO: [Labtools 27-1434] Device xc7a50t (JTAG device index = 0) is programmed with a design that has no supported debug core(s) in it.
close_hw_manager
WARNING: [filemgmt 56-199] Attempt to get parsing info during refresh. "On-the-fly" syntax checking information may be incorrect. [C:\Users\Lenovo\Desktop\Letnik3\DN\Project\Project01\Project01.srcs\sources_1\new\i2c_tmp102_master.sv:]
WARNING: [filemgmt 56-199] Attempt to get parsing info during refresh. "On-the-fly" syntax checking information may be incorrect. [C:\Users\Lenovo\Desktop\Letnik3\DN\Project\Project01\Project01.srcs\sources_1\new\i2c_master.sv:]
WARNING: [filemgmt 56-199] Attempt to get parsing info during refresh. "On-the-fly" syntax checking information may be incorrect. [C:\Users\Lenovo\Desktop\Letnik3\DN\Project\Project01\Project01.srcs\sources_1\new\APB_uart.sv:]
WARNING: [filemgmt 56-199] Attempt to get parsing info during refresh. "On-the-fly" syntax checking information may be incorrect. [C:\Users\Lenovo\Desktop\Letnik3\DN\Project\Project01\Project01.srcs\sources_1\new\APB_i2c.sv:]
WARNING: [filemgmt 56-199] Attempt to get parsing info during refresh. "On-the-fly" syntax checking information may be incorrect. [C:\Users\Lenovo\Desktop\Letnik3\DN\Project\Project01\Project01.srcs\sources_1\new\top.sv:]
WARNING: [filemgmt 56-199] Attempt to get parsing info during refresh. "On-the-fly" syntax checking information may be incorrect. [C:\Users\Lenovo\Desktop\Letnik3\DN\Project\Project01\Project01.srcs\sources_1\new\top.sv:]
WARNING: [filemgmt 56-199] Attempt to get parsing info during refresh. "On-the-fly" syntax checking information may be incorrect. [C:\Users\Lenovo\Desktop\Letnik3\DN\Project\Project01\Project01.srcs\sources_1\new\top.sv:]
WARNING: [filemgmt 56-199] Attempt to get parsing info during refresh. "On-the-fly" syntax checking information may be incorrect. [C:\Users\Lenovo\Desktop\Letnik3\DN\Project\Project01\Project01.srcs\sources_1\new\i2c_tmp102_master.sv:]
WARNING: [filemgmt 56-199] Attempt to get parsing info during refresh. "On-the-fly" syntax checking information may be incorrect. [C:\Users\Lenovo\Desktop\Letnik3\DN\Project\Project01\Project01.srcs\sources_1\new\i2c_master.sv:]
WARNING: [filemgmt 56-199] Attempt to get parsing info during refresh. "On-the-fly" syntax checking information may be incorrect. [C:\Users\Lenovo\Desktop\Letnik3\DN\Project\Project01\Project01.srcs\sources_1\new\APB_uart.sv:]
WARNING: [filemgmt 56-199] Attempt to get parsing info during refresh. "On-the-fly" syntax checking information may be incorrect. [C:\Users\Lenovo\Desktop\Letnik3\DN\Project\Project01\Project01.srcs\sources_1\new\APB_i2c.sv:]
WARNING: [filemgmt 56-199] Attempt to get parsing info during refresh. "On-the-fly" syntax checking information may be incorrect. [C:\Users\Lenovo\Desktop\Letnik3\DN\Project\Project01\Project01.srcs\sources_1\new\top.sv:]
WARNING: [filemgmt 56-199] Attempt to get parsing info during refresh. "On-the-fly" syntax checking information may be incorrect. [C:\Users\Lenovo\Desktop\Letnik3\DN\Project\Project01\Project01.srcs\sources_1\new\APB_uart.sv:]
WARNING: [filemgmt 56-199] Attempt to get parsing info during refresh. "On-the-fly" syntax checking information may be incorrect. [C:\Users\Lenovo\Desktop\Letnik3\DN\Project\Project01\Project01.srcs\sources_1\new\APB_uart.sv:]
reset_run synth_1
INFO: [Project 1-1161] Replacing file C:/Users/Lenovo/Desktop/Letnik3/DN/Project/Project01/Project01.srcs/utils_1/imports/synth_1/top.dcp with file C:/Users/Lenovo/Desktop/Letnik3/DN/Project/Project01/Project01.runs/synth_1/top.dcp
launch_runs impl_1 -to_step write_bitstream -jobs 6
[Sun Jan 25 00:18:06 2026] Launched synth_1...
Run output will be captured here: C:/Users/Lenovo/Desktop/Letnik3/DN/Project/Project01/Project01.runs/synth_1/runme.log
[Sun Jan 25 00:18:06 2026] Launched impl_1...
Run output will be captured here: C:/Users/Lenovo/Desktop/Letnik3/DN/Project/Project01/Project01.runs/impl_1/runme.log
WARNING: [filemgmt 56-199] Attempt to get parsing info during refresh. "On-the-fly" syntax checking information may be incorrect. [C:\Users\Lenovo\Desktop\Letnik3\DN\Project\Project01\Project01.srcs\sources_1\new\i2c_tmp102_master.sv:]
WARNING: [filemgmt 56-199] Attempt to get parsing info during refresh. "On-the-fly" syntax checking information may be incorrect. [C:\Users\Lenovo\Desktop\Letnik3\DN\Project\Project01\Project01.srcs\sources_1\new\i2c_master.sv:]
WARNING: [filemgmt 56-199] Attempt to get parsing info during refresh. "On-the-fly" syntax checking information may be incorrect. [C:\Users\Lenovo\Desktop\Letnik3\DN\Project\Project01\Project01.srcs\sources_1\new\APB_uart.sv:]
WARNING: [filemgmt 56-199] Attempt to get parsing info during refresh. "On-the-fly" syntax checking information may be incorrect. [C:\Users\Lenovo\Desktop\Letnik3\DN\Project\Project01\Project01.srcs\sources_1\new\APB_i2c.sv:]
WARNING: [filemgmt 56-199] Attempt to get parsing info during refresh. "On-the-fly" syntax checking information may be incorrect. [C:\Users\Lenovo\Desktop\Letnik3\DN\Project\Project01\Project01.srcs\sources_1\new\top.sv:]
WARNING: [filemgmt 56-199] Attempt to get parsing info during refresh. "On-the-fly" syntax checking information may be incorrect. [C:\Users\Lenovo\Desktop\Letnik3\DN\Project\Project01\Project01.srcs\sources_1\new\APB_uart.sv:]
WARNING: [filemgmt 56-199] Attempt to get parsing info during refresh. "On-the-fly" syntax checking information may be incorrect. [C:\Users\Lenovo\Desktop\Letnik3\DN\Project\Project01\Project01.srcs\sources_1\new\APB_uart.sv:]
WARNING: [filemgmt 56-199] Attempt to get parsing info during refresh. "On-the-fly" syntax checking information may be incorrect. [C:\Users\Lenovo\Desktop\Letnik3\DN\Project\Project01\Project01.srcs\sources_1\new\i2c_tmp102_master.sv:]
WARNING: [filemgmt 56-199] Attempt to get parsing info during refresh. "On-the-fly" syntax checking information may be incorrect. [C:\Users\Lenovo\Desktop\Letnik3\DN\Project\Project01\Project01.srcs\sources_1\new\i2c_master.sv:]
WARNING: [filemgmt 56-199] Attempt to get parsing info during refresh. "On-the-fly" syntax checking information may be incorrect. [C:\Users\Lenovo\Desktop\Letnik3\DN\Project\Project01\Project01.srcs\sources_1\new\APB_uart.sv:]
WARNING: [filemgmt 56-199] Attempt to get parsing info during refresh. "On-the-fly" syntax checking information may be incorrect. [C:\Users\Lenovo\Desktop\Letnik3\DN\Project\Project01\Project01.srcs\sources_1\new\APB_i2c.sv:]
WARNING: [filemgmt 56-199] Attempt to get parsing info during refresh. "On-the-fly" syntax checking information may be incorrect. [C:\Users\Lenovo\Desktop\Letnik3\DN\Project\Project01\Project01.srcs\sources_1\new\top.sv:]
WARNING: [filemgmt 56-199] Attempt to get parsing info during refresh. "On-the-fly" syntax checking information may be incorrect. [C:\Users\Lenovo\Desktop\Letnik3\DN\Project\Project01\Project01.srcs\sources_1\new\APB_uart.sv:]
WARNING: [filemgmt 56-199] Attempt to get parsing info during refresh. "On-the-fly" syntax checking information may be incorrect. [C:\Users\Lenovo\Desktop\Letnik3\DN\Project\Project01\Project01.srcs\sources_1\new\APB_uart.sv:]
reset_run synth_1
WARNING: [filemgmt 56-199] Attempt to get parsing info during refresh. "On-the-fly" syntax checking information may be incorrect. [C:\Users\Lenovo\Desktop\Letnik3\DN\Project\Project01\Project01.srcs\sources_1\new\i2c_tmp102_master.sv:]
WARNING: [filemgmt 56-199] Attempt to get parsing info during refresh. "On-the-fly" syntax checking information may be incorrect. [C:\Users\Lenovo\Desktop\Letnik3\DN\Project\Project01\Project01.srcs\sources_1\new\i2c_master.sv:]
WARNING: [filemgmt 56-199] Attempt to get parsing info during refresh. "On-the-fly" syntax checking information may be incorrect. [C:\Users\Lenovo\Desktop\Letnik3\DN\Project\Project01\Project01.srcs\sources_1\new\APB_uart.sv:]
WARNING: [filemgmt 56-199] Attempt to get parsing info during refresh. "On-the-fly" syntax checking information may be incorrect. [C:\Users\Lenovo\Desktop\Letnik3\DN\Project\Project01\Project01.srcs\sources_1\new\APB_i2c.sv:]
WARNING: [filemgmt 56-199] Attempt to get parsing info during refresh. "On-the-fly" syntax checking information may be incorrect. [C:\Users\Lenovo\Desktop\Letnik3\DN\Project\Project01\Project01.srcs\sources_1\new\top.sv:]
WARNING: [filemgmt 56-199] Attempt to get parsing info during refresh. "On-the-fly" syntax checking information may be incorrect. [C:\Users\Lenovo\Desktop\Letnik3\DN\Project\Project01\Project01.srcs\sources_1\new\APB_i2c.sv:]
WARNING: [filemgmt 56-199] Attempt to get parsing info during refresh. "On-the-fly" syntax checking information may be incorrect. [C:\Users\Lenovo\Desktop\Letnik3\DN\Project\Project01\Project01.srcs\sources_1\new\APB_i2c.sv:]
launch_runs impl_1 -to_step write_bitstream -jobs 6
[Sun Jan 25 00:21:38 2026] Launched synth_1...
Run output will be captured here: C:/Users/Lenovo/Desktop/Letnik3/DN/Project/Project01/Project01.runs/synth_1/runme.log
[Sun Jan 25 00:21:38 2026] Launched impl_1...
Run output will be captured here: C:/Users/Lenovo/Desktop/Letnik3/DN/Project/Project01/Project01.runs/impl_1/runme.log
WARNING: [Vivado 12-818] No files matched ''
ERROR: [Common 17-55] 'get_property' expects at least one object.
Resolution: If [get_<value>] was used to populate the object, check to make sure this command returns at least one valid object.
write_hw_platform -fixed -include_bit -force -file C:/Users/Lenovo/Desktop/Letnik3/DN/Project/Project01/top.xsa
INFO: [Project 1-1918] Creating Hardware Platform: C:/Users/Lenovo/Desktop/Letnik3/DN/Project/Project01/top.xsa ...
INFO: [Project 1-1943] The Hardware Platform can be used for Hardware
INFO: [Project 1-1941] Successfully created Hardware Platform: C:/Users/Lenovo/Desktop/Letnik3/DN/Project/Project01/top.xsa
WARNING: [filemgmt 56-199] Attempt to get parsing info during refresh. "On-the-fly" syntax checking information may be incorrect. [C:\Users\Lenovo\Desktop\Letnik3\DN\Project\Project01\Project01.srcs\sources_1\new\i2c_tmp102_master.sv:]
WARNING: [filemgmt 56-199] Attempt to get parsing info during refresh. "On-the-fly" syntax checking information may be incorrect. [C:\Users\Lenovo\Desktop\Letnik3\DN\Project\Project01\Project01.srcs\sources_1\new\i2c_master.sv:]
WARNING: [filemgmt 56-199] Attempt to get parsing info during refresh. "On-the-fly" syntax checking information may be incorrect. [C:\Users\Lenovo\Desktop\Letnik3\DN\Project\Project01\Project01.srcs\sources_1\new\APB_uart.sv:]
WARNING: [filemgmt 56-199] Attempt to get parsing info during refresh. "On-the-fly" syntax checking information may be incorrect. [C:\Users\Lenovo\Desktop\Letnik3\DN\Project\Project01\Project01.srcs\sources_1\new\APB_i2c.sv:]
WARNING: [filemgmt 56-199] Attempt to get parsing info during refresh. "On-the-fly" syntax checking information may be incorrect. [C:\Users\Lenovo\Desktop\Letnik3\DN\Project\Project01\Project01.srcs\sources_1\new\top.sv:]
WARNING: [filemgmt 56-199] Attempt to get parsing info during refresh. "On-the-fly" syntax checking information may be incorrect. [C:\Users\Lenovo\Desktop\Letnik3\DN\Project\Project01\Project01.srcs\sources_1\new\APB_uart.sv:]
WARNING: [filemgmt 56-199] Attempt to get parsing info during refresh. "On-the-fly" syntax checking information may be incorrect. [C:\Users\Lenovo\Desktop\Letnik3\DN\Project\Project01\Project01.srcs\sources_1\new\APB_uart.sv:]
WARNING: [filemgmt 56-199] Attempt to get parsing info during refresh. "On-the-fly" syntax checking information may be incorrect. [C:\Users\Lenovo\Desktop\Letnik3\DN\Project\Project01\Project01.srcs\sources_1\new\i2c_tmp102_master.sv:]
WARNING: [filemgmt 56-199] Attempt to get parsing info during refresh. "On-the-fly" syntax checking information may be incorrect. [C:\Users\Lenovo\Desktop\Letnik3\DN\Project\Project01\Project01.srcs\sources_1\new\i2c_master.sv:]
WARNING: [filemgmt 56-199] Attempt to get parsing info during refresh. "On-the-fly" syntax checking information may be incorrect. [C:\Users\Lenovo\Desktop\Letnik3\DN\Project\Project01\Project01.srcs\sources_1\new\APB_uart.sv:]
WARNING: [filemgmt 56-199] Attempt to get parsing info during refresh. "On-the-fly" syntax checking information may be incorrect. [C:\Users\Lenovo\Desktop\Letnik3\DN\Project\Project01\Project01.srcs\sources_1\new\APB_i2c.sv:]
WARNING: [filemgmt 56-199] Attempt to get parsing info during refresh. "On-the-fly" syntax checking information may be incorrect. [C:\Users\Lenovo\Desktop\Letnik3\DN\Project\Project01\Project01.srcs\sources_1\new\top.sv:]
WARNING: [filemgmt 56-199] Attempt to get parsing info during refresh. "On-the-fly" syntax checking information may be incorrect. [C:\Users\Lenovo\Desktop\Letnik3\DN\Project\Project01\Project01.srcs\sources_1\new\top.sv:]
WARNING: [filemgmt 56-199] Attempt to get parsing info during refresh. "On-the-fly" syntax checking information may be incorrect. [C:\Users\Lenovo\Desktop\Letnik3\DN\Project\Project01\Project01.srcs\sources_1\new\top.sv:]
WARNING: [filemgmt 56-199] Attempt to get parsing info during refresh. "On-the-fly" syntax checking information may be incorrect. [C:\Users\Lenovo\Desktop\Letnik3\DN\Project\Project01\Project01.srcs\sources_1\new\i2c_tmp102_master.sv:]
WARNING: [filemgmt 56-199] Attempt to get parsing info during refresh. "On-the-fly" syntax checking information may be incorrect. [C:\Users\Lenovo\Desktop\Letnik3\DN\Project\Project01\Project01.srcs\sources_1\new\i2c_master.sv:]
WARNING: [filemgmt 56-199] Attempt to get parsing info during refresh. "On-the-fly" syntax checking information may be incorrect. [C:\Users\Lenovo\Desktop\Letnik3\DN\Project\Project01\Project01.srcs\sources_1\new\APB_uart.sv:]
WARNING: [filemgmt 56-199] Attempt to get parsing info during refresh. "On-the-fly" syntax checking information may be incorrect. [C:\Users\Lenovo\Desktop\Letnik3\DN\Project\Project01\Project01.srcs\sources_1\new\APB_i2c.sv:]
WARNING: [filemgmt 56-199] Attempt to get parsing info during refresh. "On-the-fly" syntax checking information may be incorrect. [C:\Users\Lenovo\Desktop\Letnik3\DN\Project\Project01\Project01.srcs\sources_1\new\top.sv:]
WARNING: [filemgmt 56-199] Attempt to get parsing info during refresh. "On-the-fly" syntax checking information may be incorrect. [C:\Users\Lenovo\Desktop\Letnik3\DN\Project\Project01\Project01.srcs\sources_1\new\APB_uart.sv:]
WARNING: [filemgmt 56-199] Attempt to get parsing info during refresh. "On-the-fly" syntax checking information may be incorrect. [C:\Users\Lenovo\Desktop\Letnik3\DN\Project\Project01\Project01.srcs\sources_1\new\APB_uart.sv:]
open_hw_manager
connect_hw_server -allow_non_jtag
INFO: [Labtools 27-2285] Connecting to hw_server url TCP:localhost:3121
INFO: [Labtools 27-2222] Launching hw_server...
INFO: [Labtools 27-2221] Launch Output:

****** Xilinx hw_server v2025.1
  **** Build date : May  6 2025 at 09:15:36
    ** Copyright 1986-2022 Xilinx, Inc. All Rights Reserved.


INFO: [Labtools 27-3415] Connecting to cs_server url TCP:localhost:0
INFO: [Labtools 27-3417] Launching cs_server...
INFO: [Labtools 27-2221] Launch Output:


******** Xilinx cs_server v2025.1.0
  ****** Build date   : May 13 2025-21:15:27
    **** Build number : 2025.1.1747163727
      ** Copyright 2017-2022 Xilinx, Inc. All Rights Reserved.
      ** Copyright 2022-2026 Advanced Micro Devices, Inc. All Rights Reserved.



connect_hw_server: Time (s): cpu = 00:00:01 ; elapsed = 00:00:06 . Memory (MB): peak = 4055.160 ; gain = 0.000
open_hw_target
INFO: [Labtoolstcl 44-466] Opening hw_target localhost:3121/xilinx_tcf/Digilent/210292AA7E5EA
set_property PROGRAM.FILE {C:/Users/Lenovo/Desktop/Letnik3/DN/Project/Project01/Project01.runs/impl_1/top.bit} [get_hw_devices xc7a50t_0]
current_hw_device [get_hw_devices xc7a50t_0]
refresh_hw_device -update_hw_probes false [lindex [get_hw_devices xc7a50t_0] 0]
INFO: [Labtools 27-1434] Device xc7a50t (JTAG device index = 0) is programmed with a design that has no supported debug core(s) in it.
set_property PROBES.FILE {} [get_hw_devices xc7a50t_0]
set_property FULL_PROBES.FILE {} [get_hw_devices xc7a50t_0]
set_property PROGRAM.FILE {C:/Users/Lenovo/Desktop/Letnik3/DN/Project/Project01/Project01.runs/impl_1/top.bit} [get_hw_devices xc7a50t_0]
program_hw_devices [get_hw_devices xc7a50t_0]
INFO: [Labtools 27-3164] End of startup status: HIGH
refresh_hw_device [lindex [get_hw_devices xc7a50t_0] 0]
INFO: [Labtools 27-1434] Device xc7a50t (JTAG device index = 0) is programmed with a design that has no supported debug core(s) in it.
set_property PROBES.FILE {} [get_hw_devices xc7a50t_0]
set_property FULL_PROBES.FILE {} [get_hw_devices xc7a50t_0]
set_property PROGRAM.FILE {C:/Users/Lenovo/Desktop/Letnik3/DN/Project/Project01/Project01.runs/impl_1/top.bit} [get_hw_devices xc7a50t_0]
program_hw_devices [get_hw_devices xc7a50t_0]
INFO: [Labtools 27-3164] End of startup status: HIGH
refresh_hw_device [lindex [get_hw_devices xc7a50t_0] 0]
INFO: [Labtools 27-1434] Device xc7a50t (JTAG device index = 0) is programmed with a design that has no supported debug core(s) in it.
close_hw_manager
reset_run synth_1
INFO: [Project 1-1161] Replacing file C:/Users/Lenovo/Desktop/Letnik3/DN/Project/Project01/Project01.srcs/utils_1/imports/synth_1/top.dcp with file C:/Users/Lenovo/Desktop/Letnik3/DN/Project/Project01/Project01.runs/synth_1/top.dcp
WARNING: [filemgmt 56-199] Attempt to get parsing info during refresh. "On-the-fly" syntax checking information may be incorrect. [C:\Users\Lenovo\Desktop\Letnik3\DN\Project\Project01\Project01.srcs\sources_1\new\i2c_tmp102_master.sv:]
WARNING: [filemgmt 56-199] Attempt to get parsing info during refresh. "On-the-fly" syntax checking information may be incorrect. [C:\Users\Lenovo\Desktop\Letnik3\DN\Project\Project01\Project01.srcs\sources_1\new\i2c_master.sv:]
WARNING: [filemgmt 56-199] Attempt to get parsing info during refresh. "On-the-fly" syntax checking information may be incorrect. [C:\Users\Lenovo\Desktop\Letnik3\DN\Project\Project01\Project01.srcs\sources_1\new\APB_uart.sv:]
WARNING: [filemgmt 56-199] Attempt to get parsing info during refresh. "On-the-fly" syntax checking information may be incorrect. [C:\Users\Lenovo\Desktop\Letnik3\DN\Project\Project01\Project01.srcs\sources_1\new\APB_i2c.sv:]
WARNING: [filemgmt 56-199] Attempt to get parsing info during refresh. "On-the-fly" syntax checking information may be incorrect. [C:\Users\Lenovo\Desktop\Letnik3\DN\Project\Project01\Project01.srcs\sources_1\new\top.sv:]
WARNING: [filemgmt 56-199] Attempt to get parsing info during refresh. "On-the-fly" syntax checking information may be incorrect. [C:\Users\Lenovo\Desktop\Letnik3\DN\Project\Project01\Project01.srcs\sources_1\new\top.sv:]
WARNING: [filemgmt 56-199] Attempt to get parsing info during refresh. "On-the-fly" syntax checking information may be incorrect. [C:\Users\Lenovo\Desktop\Letnik3\DN\Project\Project01\Project01.srcs\sources_1\new\top.sv:]
WARNING: [filemgmt 56-199] Attempt to get parsing info during refresh. "On-the-fly" syntax checking information may be incorrect. [C:\Users\Lenovo\Desktop\Letnik3\DN\Project\Project01\Project01.srcs\sources_1\new\i2c_tmp102_master.sv:]
WARNING: [filemgmt 56-199] Attempt to get parsing info during refresh. "On-the-fly" syntax checking information may be incorrect. [C:\Users\Lenovo\Desktop\Letnik3\DN\Project\Project01\Project01.srcs\sources_1\new\i2c_master.sv:]
WARNING: [filemgmt 56-199] Attempt to get parsing info during refresh. "On-the-fly" syntax checking information may be incorrect. [C:\Users\Lenovo\Desktop\Letnik3\DN\Project\Project01\Project01.srcs\sources_1\new\APB_uart.sv:]
WARNING: [filemgmt 56-199] Attempt to get parsing info during refresh. "On-the-fly" syntax checking information may be incorrect. [C:\Users\Lenovo\Desktop\Letnik3\DN\Project\Project01\Project01.srcs\sources_1\new\APB_i2c.sv:]
WARNING: [filemgmt 56-199] Attempt to get parsing info during refresh. "On-the-fly" syntax checking information may be incorrect. [C:\Users\Lenovo\Desktop\Letnik3\DN\Project\Project01\Project01.srcs\sources_1\new\top.sv:]
WARNING: [filemgmt 56-199] Attempt to get parsing info during refresh. "On-the-fly" syntax checking information may be incorrect. [C:\Users\Lenovo\Desktop\Letnik3\DN\Project\Project01\Project01.srcs\sources_1\new\APB_i2c.sv:]
WARNING: [filemgmt 56-199] Attempt to get parsing info during refresh. "On-the-fly" syntax checking information may be incorrect. [C:\Users\Lenovo\Desktop\Letnik3\DN\Project\Project01\Project01.srcs\sources_1\new\APB_i2c.sv:]
launch_runs impl_1 -to_step write_bitstream -jobs 6
ERROR: [Common 17-180] Spawn failed: The operation completed successfully.

WARNING: [filemgmt 56-199] Attempt to get parsing info during refresh. "On-the-fly" syntax checking information may be incorrect. [C:\Users\Lenovo\Desktop\Letnik3\DN\Project\Project01\Project01.srcs\sources_1\new\i2c_tmp102_master.sv:]
WARNING: [filemgmt 56-199] Attempt to get parsing info during refresh. "On-the-fly" syntax checking information may be incorrect. [C:\Users\Lenovo\Desktop\Letnik3\DN\Project\Project01\Project01.srcs\sources_1\new\i2c_master.sv:]
WARNING: [filemgmt 56-199] Attempt to get parsing info during refresh. "On-the-fly" syntax checking information may be incorrect. [C:\Users\Lenovo\Desktop\Letnik3\DN\Project\Project01\Project01.srcs\sources_1\new\APB_uart.sv:]
WARNING: [filemgmt 56-199] Attempt to get parsing info during refresh. "On-the-fly" syntax checking information may be incorrect. [C:\Users\Lenovo\Desktop\Letnik3\DN\Project\Project01\Project01.srcs\sources_1\new\APB_i2c.sv:]
WARNING: [filemgmt 56-199] Attempt to get parsing info during refresh. "On-the-fly" syntax checking information may be incorrect. [C:\Users\Lenovo\Desktop\Letnik3\DN\Project\Project01\Project01.srcs\sources_1\new\top.sv:]
WARNING: [filemgmt 56-199] Attempt to get parsing info during refresh. "On-the-fly" syntax checking information may be incorrect. [C:\Users\Lenovo\Desktop\Letnik3\DN\Project\Project01\Project01.srcs\sources_1\new\APB_uart.sv:]
WARNING: [filemgmt 56-199] Attempt to get parsing info during refresh. "On-the-fly" syntax checking information may be incorrect. [C:\Users\Lenovo\Desktop\Letnik3\DN\Project\Project01\Project01.srcs\sources_1\new\APB_uart.sv:]
WARNING: [filemgmt 56-199] Attempt to get parsing info during refresh. "On-the-fly" syntax checking information may be incorrect. [C:\Users\Lenovo\Desktop\Letnik3\DN\Project\Project01\Project01.srcs\sources_1\new\i2c_tmp102_master.sv:]
WARNING: [filemgmt 56-199] Attempt to get parsing info during refresh. "On-the-fly" syntax checking information may be incorrect. [C:\Users\Lenovo\Desktop\Letnik3\DN\Project\Project01\Project01.srcs\sources_1\new\i2c_master.sv:]
WARNING: [filemgmt 56-199] Attempt to get parsing info during refresh. "On-the-fly" syntax checking information may be incorrect. [C:\Users\Lenovo\Desktop\Letnik3\DN\Project\Project01\Project01.srcs\sources_1\new\APB_uart.sv:]
WARNING: [filemgmt 56-199] Attempt to get parsing info during refresh. "On-the-fly" syntax checking information may be incorrect. [C:\Users\Lenovo\Desktop\Letnik3\DN\Project\Project01\Project01.srcs\sources_1\new\APB_i2c.sv:]
WARNING: [filemgmt 56-199] Attempt to get parsing info during refresh. "On-the-fly" syntax checking information may be incorrect. [C:\Users\Lenovo\Desktop\Letnik3\DN\Project\Project01\Project01.srcs\sources_1\new\top.sv:]
WARNING: [filemgmt 56-199] Attempt to get parsing info during refresh. "On-the-fly" syntax checking information may be incorrect. [C:\Users\Lenovo\Desktop\Letnik3\DN\Project\Project01\Project01.srcs\sources_1\new\APB_uart.sv:]
WARNING: [filemgmt 56-199] Attempt to get parsing info during refresh. "On-the-fly" syntax checking information may be incorrect. [C:\Users\Lenovo\Desktop\Letnik3\DN\Project\Project01\Project01.srcs\sources_1\new\APB_uart.sv:]
[Sun Jan 25 00:31:25 2026] Launched synth_1...
Run output will be captured here: C:/Users/Lenovo/Desktop/Letnik3/DN/Project/Project01/Project01.runs/synth_1/runme.log
[Sun Jan 25 00:31:25 2026] Launched impl_1...
Run output will be captured here: C:/Users/Lenovo/Desktop/Letnik3/DN/Project/Project01/Project01.runs/impl_1/runme.log
ERROR: [Common 17-39] 'launch_runs' failed due to earlier errors.
ERROR: [Common 17-180] Spawn failed: The operation completed successfully.

WARNING: [filemgmt 56-199] Attempt to get parsing info during refresh. "On-the-fly" syntax checking information may be incorrect. [C:\Users\Lenovo\Desktop\Letnik3\DN\Project\Project01\Project01.srcs\sources_1\new\i2c_tmp102_master.sv:]
WARNING: [filemgmt 56-199] Attempt to get parsing info during refresh. "On-the-fly" syntax checking information may be incorrect. [C:\Users\Lenovo\Desktop\Letnik3\DN\Project\Project01\Project01.srcs\sources_1\new\i2c_master.sv:]
WARNING: [filemgmt 56-199] Attempt to get parsing info during refresh. "On-the-fly" syntax checking information may be incorrect. [C:\Users\Lenovo\Desktop\Letnik3\DN\Project\Project01\Project01.srcs\sources_1\new\APB_uart.sv:]
WARNING: [filemgmt 56-199] Attempt to get parsing info during refresh. "On-the-fly" syntax checking information may be incorrect. [C:\Users\Lenovo\Desktop\Letnik3\DN\Project\Project01\Project01.srcs\sources_1\new\APB_i2c.sv:]
WARNING: [filemgmt 56-199] Attempt to get parsing info during refresh. "On-the-fly" syntax checking information may be incorrect. [C:\Users\Lenovo\Desktop\Letnik3\DN\Project\Project01\Project01.srcs\sources_1\new\top.sv:]
WARNING: [filemgmt 56-199] Attempt to get parsing info during refresh. "On-the-fly" syntax checking information may be incorrect. [C:\Users\Lenovo\Desktop\Letnik3\DN\Project\Project01\Project01.srcs\sources_1\new\top.sv:]
WARNING: [filemgmt 56-199] Attempt to get parsing info during refresh. "On-the-fly" syntax checking information may be incorrect. [C:\Users\Lenovo\Desktop\Letnik3\DN\Project\Project01\Project01.srcs\sources_1\new\top.sv:]
close_design
WARNING: [filemgmt 56-199] Attempt to get parsing info during refresh. "On-the-fly" syntax checking information may be incorrect. [C:\Users\Lenovo\Desktop\Letnik3\DN\Project\Project01\Project01.srcs\sources_1\new\i2c_tmp102_master.sv:]
WARNING: [filemgmt 56-199] Attempt to get parsing info during refresh. "On-the-fly" syntax checking information may be incorrect. [C:\Users\Lenovo\Desktop\Letnik3\DN\Project\Project01\Project01.srcs\sources_1\new\i2c_master.sv:]
WARNING: [filemgmt 56-199] Attempt to get parsing info during refresh. "On-the-fly" syntax checking information may be incorrect. [C:\Users\Lenovo\Desktop\Letnik3\DN\Project\Project01\Project01.srcs\sources_1\new\APB_uart.sv:]
WARNING: [filemgmt 56-199] Attempt to get parsing info during refresh. "On-the-fly" syntax checking information may be incorrect. [C:\Users\Lenovo\Desktop\Letnik3\DN\Project\Project01\Project01.srcs\sources_1\new\APB_i2c.sv:]
WARNING: [filemgmt 56-199] Attempt to get parsing info during refresh. "On-the-fly" syntax checking information may be incorrect. [C:\Users\Lenovo\Desktop\Letnik3\DN\Project\Project01\Project01.srcs\sources_1\new\top.sv:]
WARNING: [filemgmt 56-199] Attempt to get parsing info during refresh. "On-the-fly" syntax checking information may be incorrect. [C:\Users\Lenovo\Desktop\Letnik3\DN\Project\Project01\Project01.srcs\sources_1\new\top.sv:]
WARNING: [filemgmt 56-199] Attempt to get parsing info during refresh. "On-the-fly" syntax checking information may be incorrect. [C:\Users\Lenovo\Desktop\Letnik3\DN\Project\Project01\Project01.srcs\sources_1\new\top.sv:]
reset_run synth_1
WARNING: [filemgmt 56-199] Attempt to get parsing info during refresh. "On-the-fly" syntax checking information may be incorrect. [C:\Users\Lenovo\Desktop\Letnik3\DN\Project\Project01\Project01.srcs\sources_1\new\i2c_tmp102_master.sv:]
WARNING: [filemgmt 56-199] Attempt to get parsing info during refresh. "On-the-fly" syntax checking information may be incorrect. [C:\Users\Lenovo\Desktop\Letnik3\DN\Project\Project01\Project01.srcs\sources_1\new\i2c_master.sv:]
WARNING: [filemgmt 56-199] Attempt to get parsing info during refresh. "On-the-fly" syntax checking information may be incorrect. [C:\Users\Lenovo\Desktop\Letnik3\DN\Project\Project01\Project01.srcs\sources_1\new\APB_uart.sv:]
WARNING: [filemgmt 56-199] Attempt to get parsing info during refresh. "On-the-fly" syntax checking information may be incorrect. [C:\Users\Lenovo\Desktop\Letnik3\DN\Project\Project01\Project01.srcs\sources_1\new\APB_i2c.sv:]
WARNING: [filemgmt 56-199] Attempt to get parsing info during refresh. "On-the-fly" syntax checking information may be incorrect. [C:\Users\Lenovo\Desktop\Letnik3\DN\Project\Project01\Project01.srcs\sources_1\new\top.sv:]
WARNING: [filemgmt 56-199] Attempt to get parsing info during refresh. "On-the-fly" syntax checking information may be incorrect. [C:\Users\Lenovo\Desktop\Letnik3\DN\Project\Project01\Project01.srcs\sources_1\new\APB_i2c.sv:]
WARNING: [filemgmt 56-199] Attempt to get parsing info during refresh. "On-the-fly" syntax checking information may be incorrect. [C:\Users\Lenovo\Desktop\Letnik3\DN\Project\Project01\Project01.srcs\sources_1\new\APB_i2c.sv:]
launch_runs impl_1 -to_step write_bitstream -jobs 6
[Sun Jan 25 00:34:07 2026] Launched synth_1...
Run output will be captured here: C:/Users/Lenovo/Desktop/Letnik3/DN/Project/Project01/Project01.runs/synth_1/runme.log
[Sun Jan 25 00:34:07 2026] Launched impl_1...
Run output will be captured here: C:/Users/Lenovo/Desktop/Letnik3/DN/Project/Project01/Project01.runs/impl_1/runme.log
reset_run synth_1
launch_runs impl_1 -to_step write_bitstream -jobs 6
[Sun Jan 25 00:34:54 2026] Launched synth_1...
Run output will be captured here: C:/Users/Lenovo/Desktop/Letnik3/DN/Project/Project01/Project01.runs/synth_1/runme.log
[Sun Jan 25 00:34:54 2026] Launched impl_1...
Run output will be captured here: C:/Users/Lenovo/Desktop/Letnik3/DN/Project/Project01/Project01.runs/impl_1/runme.log
open_run impl_1
Netlist sorting complete. Time (s): cpu = 00:00:00 ; elapsed = 00:00:00.074 . Memory (MB): peak = 4055.160 ; gain = 0.000
INFO: [Netlist 29-17] Analyzing 257 Unisim elements for replacement
INFO: [Netlist 29-28] Unisim Transformation completed in 0 CPU seconds
INFO: [Project 1-479] Netlist was created with Vivado 2025.1
INFO: [Project 1-570] Preparing netlist for logic optimization
Read ShapeDB Complete: Time (s): cpu = 00:00:00 ; elapsed = 00:00:00.008 . Memory (MB): peak = 4055.160 ; gain = 0.000
INFO: [Timing 38-478] Restoring timing data from binary archive.
INFO: [Timing 38-479] Binary timing data restore complete.
INFO: [Project 1-856] Restoring constraints from binary archive.
INFO: [Project 1-853] Binary constraint restore complete.
INFO: [Designutils 20-5722] Start Reading Physical Databases.
Reading placement.
Read Netlist Cache: Time (s): cpu = 00:00:00 ; elapsed = 00:00:00.002 . Memory (MB): peak = 4055.160 ; gain = 0.000
Reading placer database...
Read Device Cache: Time (s): cpu = 00:00:00 ; elapsed = 00:00:00.006 . Memory (MB): peak = 4055.160 ; gain = 0.000
Read PlaceDB: Time (s): cpu = 00:00:00 ; elapsed = 00:00:00.065 . Memory (MB): peak = 4055.160 ; gain = 0.000
Read PulsedLatchDB: Time (s): cpu = 00:00:00 ; elapsed = 00:00:00 . Memory (MB): peak = 4055.160 ; gain = 0.000
Reading routing.
Read RouteStorage: Time (s): cpu = 00:00:00 ; elapsed = 00:00:00.039 . Memory (MB): peak = 4055.160 ; gain = 0.000
Read Physdb Files: Time (s): cpu = 00:00:00 ; elapsed = 00:00:00.121 . Memory (MB): peak = 4055.160 ; gain = 0.000
Restored from archive | CPU: 0.000000 secs | Memory: 0.000000 MB |
Finished XDEF File Restore: Time (s): cpu = 00:00:00 ; elapsed = 00:00:00.123 . Memory (MB): peak = 4055.160 ; gain = 0.000
Generating merged BMM file for the design top 'microblaze_mcs_0'...
INFO: [Memdata 28-144] Successfully populated the BRAM INIT strings from the following elf files: C:/Users/Lenovo/Desktop/Letnik3/DN/Project/app_component/build/app_component.elf 
Netlist sorting complete. Time (s): cpu = 00:00:00 ; elapsed = 00:00:00.004 . Memory (MB): peak = 4055.160 ; gain = 0.000
INFO: [Project 1-111] Unisim Transformation Summary:
  A total of 146 instances were transformed.
  IOBUF => IOBUF (IBUF, OBUFT): 1 instance 
  LUT6_2 => LUT6_2 (LUT5, LUT6): 81 instances
  RAM32X1D => RAM32X1D (RAMD32(x2)): 64 instances

open_run: Time (s): cpu = 00:00:11 ; elapsed = 00:00:11 . Memory (MB): peak = 4055.160 ; gain = 0.000
WARNING: [Vivado 12-818] No files matched ''
ERROR: [Common 17-55] 'get_property' expects at least one object.
Resolution: If [get_<value>] was used to populate the object, check to make sure this command returns at least one valid object.
write_hw_platform -fixed -include_bit -force -file C:/Users/Lenovo/Desktop/Letnik3/DN/Project/Project01/top.xsa
INFO: [Project 1-1918] Creating Hardware Platform: C:/Users/Lenovo/Desktop/Letnik3/DN/Project/Project01/top.xsa ...
INFO: [Project 1-1943] The Hardware Platform can be used for Hardware
INFO: [Project 1-1941] Successfully created Hardware Platform: C:/Users/Lenovo/Desktop/Letnik3/DN/Project/Project01/top.xsa
open_hw_manager
connect_hw_server -allow_non_jtag
INFO: [Labtools 27-2285] Connecting to hw_server url TCP:localhost:3121
INFO: [Labtools 27-2222] Launching hw_server...
INFO: [Labtools 27-2221] Launch Output:

****** Xilinx hw_server v2025.1
  **** Build date : May  6 2025 at 09:15:36
    ** Copyright 1986-2022 Xilinx, Inc. All Rights Reserved.


INFO: [Labtools 27-3415] Connecting to cs_server url TCP:localhost:0
INFO: [Labtools 27-3417] Launching cs_server...
INFO: [Labtools 27-2221] Launch Output:


******** Xilinx cs_server v2025.1.0
  ****** Build date   : May 13 2025-21:15:27
    **** Build number : 2025.1.1747163727
      ** Copyright 2017-2022 Xilinx, Inc. All Rights Reserved.
      ** Copyright 2022-2026 Advanced Micro Devices, Inc. All Rights Reserved.



connect_hw_server: Time (s): cpu = 00:00:00 ; elapsed = 00:00:06 . Memory (MB): peak = 4055.160 ; gain = 0.000
open_hw_target
INFO: [Labtoolstcl 44-466] Opening hw_target localhost:3121/xilinx_tcf/Digilent/210292AA7E5EA
set_property PROGRAM.FILE {C:/Users/Lenovo/Desktop/Letnik3/DN/Project/Project01/Project01.runs/impl_1/top.bit} [get_hw_devices xc7a50t_0]
current_hw_device [get_hw_devices xc7a50t_0]
refresh_hw_device -update_hw_probes false [lindex [get_hw_devices xc7a50t_0] 0]
INFO: [Labtools 27-1434] Device xc7a50t (JTAG device index = 0) is programmed with a design that has no supported debug core(s) in it.
set_property PROBES.FILE {} [get_hw_devices xc7a50t_0]
set_property FULL_PROBES.FILE {} [get_hw_devices xc7a50t_0]
set_property PROGRAM.FILE {C:/Users/Lenovo/Desktop/Letnik3/DN/Project/Project01/Project01.runs/impl_1/top.bit} [get_hw_devices xc7a50t_0]
program_hw_devices [get_hw_devices xc7a50t_0]
INFO: [Labtools 27-3164] End of startup status: HIGH
refresh_hw_device [lindex [get_hw_devices xc7a50t_0] 0]
INFO: [Labtools 27-1434] Device xc7a50t (JTAG device index = 0) is programmed with a design that has no supported debug core(s) in it.
reset_run impl_1 -prev_step 
launch_runs impl_1 -to_step write_bitstream -jobs 6
[Sun Jan 25 00:40:29 2026] Launched impl_1...
Run output will be captured here: C:/Users/Lenovo/Desktop/Letnik3/DN/Project/Project01/Project01.runs/impl_1/runme.log
set_property PROBES.FILE {} [get_hw_devices xc7a50t_0]
set_property FULL_PROBES.FILE {} [get_hw_devices xc7a50t_0]
set_property PROGRAM.FILE {C:/Users/Lenovo/Desktop/Letnik3/DN/Project/Project01/Project01.runs/impl_1/top.bit} [get_hw_devices xc7a50t_0]
program_hw_devices [get_hw_devices xc7a50t_0]
INFO: [Labtools 27-3164] End of startup status: HIGH
refresh_hw_device [lindex [get_hw_devices xc7a50t_0] 0]
INFO: [Labtools 27-1434] Device xc7a50t (JTAG device index = 0) is programmed with a design that has no supported debug core(s) in it.
refresh_hw_device [lindex [get_hw_devices xc7a50t_0] 0]
INFO: [Labtools 27-1434] Device xc7a50t (JTAG device index = 0) is programmed with a design that has no supported debug core(s) in it.
set_property PROBES.FILE {} [get_hw_devices xc7a50t_0]
set_property FULL_PROBES.FILE {} [get_hw_devices xc7a50t_0]
set_property PROGRAM.FILE {C:/Users/Lenovo/Desktop/Letnik3/DN/Project/Project01/Project01.runs/impl_1/top.bit} [get_hw_devices xc7a50t_0]
program_hw_devices [get_hw_devices xc7a50t_0]
INFO: [Labtools 27-3164] End of startup status: HIGH
refresh_hw_device [lindex [get_hw_devices xc7a50t_0] 0]
INFO: [Labtools 27-1434] Device xc7a50t (JTAG device index = 0) is programmed with a design that has no supported debug core(s) in it.
reset_run impl_1 -prev_step 
launch_runs impl_1 -to_step write_bitstream -jobs 6
[Sun Jan 25 00:44:58 2026] Launched impl_1...
Run output will be captured here: C:/Users/Lenovo/Desktop/Letnik3/DN/Project/Project01/Project01.runs/impl_1/runme.log
close_hw_manager
reset_run synth_1
INFO: [Project 1-1161] Replacing file C:/Users/Lenovo/Desktop/Letnik3/DN/Project/Project01/Project01.srcs/utils_1/imports/synth_1/top.dcp with file C:/Users/Lenovo/Desktop/Letnik3/DN/Project/Project01/Project01.runs/synth_1/top.dcp
launch_runs impl_1 -to_step write_bitstream -jobs 6
[Sun Jan 25 00:45:52 2026] Launched synth_1...
Run output will be captured here: C:/Users/Lenovo/Desktop/Letnik3/DN/Project/Project01/Project01.runs/synth_1/runme.log
[Sun Jan 25 00:45:52 2026] Launched impl_1...
Run output will be captured here: C:/Users/Lenovo/Desktop/Letnik3/DN/Project/Project01/Project01.runs/impl_1/runme.log
WARNING: [filemgmt 56-199] Attempt to get parsing info during refresh. "On-the-fly" syntax checking information may be incorrect. [C:\Users\Lenovo\Desktop\Letnik3\DN\Project\Project01\Project01.srcs\sources_1\new\i2c_tmp102_master.sv:]
WARNING: [filemgmt 56-199] Attempt to get parsing info during refresh. "On-the-fly" syntax checking information may be incorrect. [C:\Users\Lenovo\Desktop\Letnik3\DN\Project\Project01\Project01.srcs\sources_1\new\i2c_master.sv:]
WARNING: [filemgmt 56-199] Attempt to get parsing info during refresh. "On-the-fly" syntax checking information may be incorrect. [C:\Users\Lenovo\Desktop\Letnik3\DN\Project\Project01\Project01.srcs\sources_1\new\APB_uart.sv:]
WARNING: [filemgmt 56-199] Attempt to get parsing info during refresh. "On-the-fly" syntax checking information may be incorrect. [C:\Users\Lenovo\Desktop\Letnik3\DN\Project\Project01\Project01.srcs\sources_1\new\APB_i2c.sv:]
WARNING: [filemgmt 56-199] Attempt to get parsing info during refresh. "On-the-fly" syntax checking information may be incorrect. [C:\Users\Lenovo\Desktop\Letnik3\DN\Project\Project01\Project01.srcs\sources_1\new\top.sv:]
WARNING: [filemgmt 56-199] Attempt to get parsing info during refresh. "On-the-fly" syntax checking information may be incorrect. [C:\Users\Lenovo\Desktop\Letnik3\DN\Project\Project01\Project01.srcs\sources_1\new\top.sv:]
WARNING: [filemgmt 56-199] Attempt to get parsing info during refresh. "On-the-fly" syntax checking information may be incorrect. [C:\Users\Lenovo\Desktop\Letnik3\DN\Project\Project01\Project01.srcs\sources_1\new\top.sv:]
WARNING: [filemgmt 56-199] Attempt to get parsing info during refresh. "On-the-fly" syntax checking information may be incorrect. [C:\Users\Lenovo\Desktop\Letnik3\DN\Project\Project01\Project01.srcs\sources_1\new\i2c_tmp102_master.sv:]
WARNING: [filemgmt 56-199] Attempt to get parsing info during refresh. "On-the-fly" syntax checking information may be incorrect. [C:\Users\Lenovo\Desktop\Letnik3\DN\Project\Project01\Project01.srcs\sources_1\new\i2c_master.sv:]
WARNING: [filemgmt 56-199] Attempt to get parsing info during refresh. "On-the-fly" syntax checking information may be incorrect. [C:\Users\Lenovo\Desktop\Letnik3\DN\Project\Project01\Project01.srcs\sources_1\new\APB_uart.sv:]
WARNING: [filemgmt 56-199] Attempt to get parsing info during refresh. "On-the-fly" syntax checking information may be incorrect. [C:\Users\Lenovo\Desktop\Letnik3\DN\Project\Project01\Project01.srcs\sources_1\new\APB_i2c.sv:]
WARNING: [filemgmt 56-199] Attempt to get parsing info during refresh. "On-the-fly" syntax checking information may be incorrect. [C:\Users\Lenovo\Desktop\Letnik3\DN\Project\Project01\Project01.srcs\sources_1\new\top.sv:]
WARNING: [filemgmt 56-199] Attempt to get parsing info during refresh. "On-the-fly" syntax checking information may be incorrect. [C:\Users\Lenovo\Desktop\Letnik3\DN\Project\Project01\Project01.srcs\sources_1\new\APB_uart.sv:]
WARNING: [filemgmt 56-199] Attempt to get parsing info during refresh. "On-the-fly" syntax checking information may be incorrect. [C:\Users\Lenovo\Desktop\Letnik3\DN\Project\Project01\Project01.srcs\sources_1\new\APB_uart.sv:]
WARNING: [Vivado 12-818] No files matched ''
ERROR: [Common 17-55] 'get_property' expects at least one object.
Resolution: If [get_<value>] was used to populate the object, check to make sure this command returns at least one valid object.
write_hw_platform -fixed -include_bit -force -file C:/Users/Lenovo/Desktop/Letnik3/DN/Project/Project01/top.xsa
INFO: [Project 1-1918] Creating Hardware Platform: C:/Users/Lenovo/Desktop/Letnik3/DN/Project/Project01/top.xsa ...
INFO: [Project 1-1943] The Hardware Platform can be used for Hardware
INFO: [Project 1-1941] Successfully created Hardware Platform: C:/Users/Lenovo/Desktop/Letnik3/DN/Project/Project01/top.xsa
WARNING: [filemgmt 56-199] Attempt to get parsing info during refresh. "On-the-fly" syntax checking information may be incorrect. [C:\Users\Lenovo\Desktop\Letnik3\DN\Project\Project01\Project01.srcs\sources_1\new\i2c_tmp102_master.sv:]
WARNING: [filemgmt 56-199] Attempt to get parsing info during refresh. "On-the-fly" syntax checking information may be incorrect. [C:\Users\Lenovo\Desktop\Letnik3\DN\Project\Project01\Project01.srcs\sources_1\new\i2c_master.sv:]
WARNING: [filemgmt 56-199] Attempt to get parsing info during refresh. "On-the-fly" syntax checking information may be incorrect. [C:\Users\Lenovo\Desktop\Letnik3\DN\Project\Project01\Project01.srcs\sources_1\new\APB_uart.sv:]
WARNING: [filemgmt 56-199] Attempt to get parsing info during refresh. "On-the-fly" syntax checking information may be incorrect. [C:\Users\Lenovo\Desktop\Letnik3\DN\Project\Project01\Project01.srcs\sources_1\new\APB_i2c.sv:]
WARNING: [filemgmt 56-199] Attempt to get parsing info during refresh. "On-the-fly" syntax checking information may be incorrect. [C:\Users\Lenovo\Desktop\Letnik3\DN\Project\Project01\Project01.srcs\sources_1\new\top.sv:]
WARNING: [filemgmt 56-199] Attempt to get parsing info during refresh. "On-the-fly" syntax checking information may be incorrect. [C:\Users\Lenovo\Desktop\Letnik3\DN\Project\Project01\Project01.srcs\sources_1\new\top.sv:]
WARNING: [filemgmt 56-199] Attempt to get parsing info during refresh. "On-the-fly" syntax checking information may be incorrect. [C:\Users\Lenovo\Desktop\Letnik3\DN\Project\Project01\Project01.srcs\sources_1\new\top.sv:]
WARNING: [filemgmt 56-199] Attempt to get parsing info during refresh. "On-the-fly" syntax checking information may be incorrect. [C:\Users\Lenovo\Desktop\Letnik3\DN\Project\Project01\Project01.srcs\sources_1\new\i2c_tmp102_master.sv:]
WARNING: [filemgmt 56-199] Attempt to get parsing info during refresh. "On-the-fly" syntax checking information may be incorrect. [C:\Users\Lenovo\Desktop\Letnik3\DN\Project\Project01\Project01.srcs\sources_1\new\i2c_master.sv:]
WARNING: [filemgmt 56-199] Attempt to get parsing info during refresh. "On-the-fly" syntax checking information may be incorrect. [C:\Users\Lenovo\Desktop\Letnik3\DN\Project\Project01\Project01.srcs\sources_1\new\APB_uart.sv:]
WARNING: [filemgmt 56-199] Attempt to get parsing info during refresh. "On-the-fly" syntax checking information may be incorrect. [C:\Users\Lenovo\Desktop\Letnik3\DN\Project\Project01\Project01.srcs\sources_1\new\APB_i2c.sv:]
WARNING: [filemgmt 56-199] Attempt to get parsing info during refresh. "On-the-fly" syntax checking information may be incorrect. [C:\Users\Lenovo\Desktop\Letnik3\DN\Project\Project01\Project01.srcs\sources_1\new\top.sv:]
WARNING: [filemgmt 56-199] Attempt to get parsing info during refresh. "On-the-fly" syntax checking information may be incorrect. [C:\Users\Lenovo\Desktop\Letnik3\DN\Project\Project01\Project01.srcs\sources_1\new\APB_i2c.sv:]
WARNING: [filemgmt 56-199] Attempt to get parsing info during refresh. "On-the-fly" syntax checking information may be incorrect. [C:\Users\Lenovo\Desktop\Letnik3\DN\Project\Project01\Project01.srcs\sources_1\new\APB_i2c.sv:]
ERROR: [Common 17-180] Spawn failed: The operation completed successfully.

open_hw_manager
connect_hw_server -allow_non_jtag
INFO: [Labtools 27-2285] Connecting to hw_server url TCP:localhost:3121
INFO: [Labtools 27-2222] Launching hw_server...
INFO: [Labtools 27-2221] Launch Output:

****** Xilinx hw_server v2025.1
  **** Build date : May  6 2025 at 09:15:36
    ** Copyright 1986-2022 Xilinx, Inc. All Rights Reserved.


INFO: [Labtools 27-3415] Connecting to cs_server url TCP:localhost:0
INFO: [Labtools 27-3417] Launching cs_server...
INFO: [Labtools 27-2221] Launch Output:


******** Xilinx cs_server v2025.1.0
  ****** Build date   : May 13 2025-21:15:27
    **** Build number : 2025.1.1747163727
      ** Copyright 2017-2022 Xilinx, Inc. All Rights Reserved.
      ** Copyright 2022-2026 Advanced Micro Devices, Inc. All Rights Reserved.



connect_hw_server: Time (s): cpu = 00:00:01 ; elapsed = 00:00:06 . Memory (MB): peak = 4055.160 ; gain = 0.000
open_hw_target
INFO: [Labtoolstcl 44-466] Opening hw_target localhost:3121/xilinx_tcf/Digilent/210292AA7E5EA
set_property PROGRAM.FILE {C:/Users/Lenovo/Desktop/Letnik3/DN/Project/Project01/Project01.runs/impl_1/top.bit} [get_hw_devices xc7a50t_0]
current_hw_device [get_hw_devices xc7a50t_0]
refresh_hw_device -update_hw_probes false [lindex [get_hw_devices xc7a50t_0] 0]
INFO: [Labtools 27-1434] Device xc7a50t (JTAG device index = 0) is programmed with a design that has no supported debug core(s) in it.
set_property PROBES.FILE {} [get_hw_devices xc7a50t_0]
set_property FULL_PROBES.FILE {} [get_hw_devices xc7a50t_0]
set_property PROGRAM.FILE {C:/Users/Lenovo/Desktop/Letnik3/DN/Project/Project01/Project01.runs/impl_1/top.bit} [get_hw_devices xc7a50t_0]
program_hw_devices [get_hw_devices xc7a50t_0]
INFO: [Labtools 27-3164] End of startup status: HIGH
refresh_hw_device [lindex [get_hw_devices xc7a50t_0] 0]
INFO: [Labtools 27-1434] Device xc7a50t (JTAG device index = 0) is programmed with a design that has no supported debug core(s) in it.
WARNING: [filemgmt 56-199] Attempt to get parsing info during refresh. "On-the-fly" syntax checking information may be incorrect. [C:\Users\Lenovo\Desktop\Letnik3\DN\Project\Project01\Project01.srcs\sources_1\new\i2c_tmp102_master.sv:]
WARNING: [filemgmt 56-199] Attempt to get parsing info during refresh. "On-the-fly" syntax checking information may be incorrect. [C:\Users\Lenovo\Desktop\Letnik3\DN\Project\Project01\Project01.srcs\sources_1\new\i2c_master.sv:]
WARNING: [filemgmt 56-199] Attempt to get parsing info during refresh. "On-the-fly" syntax checking information may be incorrect. [C:\Users\Lenovo\Desktop\Letnik3\DN\Project\Project01\Project01.srcs\sources_1\new\APB_uart.sv:]
WARNING: [filemgmt 56-199] Attempt to get parsing info during refresh. "On-the-fly" syntax checking information may be incorrect. [C:\Users\Lenovo\Desktop\Letnik3\DN\Project\Project01\Project01.srcs\sources_1\new\APB_i2c.sv:]
WARNING: [filemgmt 56-199] Attempt to get parsing info during refresh. "On-the-fly" syntax checking information may be incorrect. [C:\Users\Lenovo\Desktop\Letnik3\DN\Project\Project01\Project01.srcs\sources_1\new\top.sv:]
WARNING: [filemgmt 56-199] Attempt to get parsing info during refresh. "On-the-fly" syntax checking information may be incorrect. [C:\Users\Lenovo\Desktop\Letnik3\DN\Project\Project01\Project01.srcs\sources_1\new\top.sv:]
WARNING: [filemgmt 56-199] Attempt to get parsing info during refresh. "On-the-fly" syntax checking information may be incorrect. [C:\Users\Lenovo\Desktop\Letnik3\DN\Project\Project01\Project01.srcs\sources_1\new\top.sv:]
WARNING: [filemgmt 56-199] Attempt to get parsing info during refresh. "On-the-fly" syntax checking information may be incorrect. [C:\Users\Lenovo\Desktop\Letnik3\DN\Project\Project01\Project01.srcs\sources_1\new\i2c_tmp102_master.sv:]
WARNING: [filemgmt 56-199] Attempt to get parsing info during refresh. "On-the-fly" syntax checking information may be incorrect. [C:\Users\Lenovo\Desktop\Letnik3\DN\Project\Project01\Project01.srcs\sources_1\new\i2c_master.sv:]
WARNING: [filemgmt 56-199] Attempt to get parsing info during refresh. "On-the-fly" syntax checking information may be incorrect. [C:\Users\Lenovo\Desktop\Letnik3\DN\Project\Project01\Project01.srcs\sources_1\new\APB_uart.sv:]
WARNING: [filemgmt 56-199] Attempt to get parsing info during refresh. "On-the-fly" syntax checking information may be incorrect. [C:\Users\Lenovo\Desktop\Letnik3\DN\Project\Project01\Project01.srcs\sources_1\new\APB_i2c.sv:]
WARNING: [filemgmt 56-199] Attempt to get parsing info during refresh. "On-the-fly" syntax checking information may be incorrect. [C:\Users\Lenovo\Desktop\Letnik3\DN\Project\Project01\Project01.srcs\sources_1\new\top.sv:]
WARNING: [filemgmt 56-199] Attempt to get parsing info during refresh. "On-the-fly" syntax checking information may be incorrect. [C:\Users\Lenovo\Desktop\Letnik3\DN\Project\Project01\Project01.srcs\sources_1\new\APB_uart.sv:]
WARNING: [filemgmt 56-199] Attempt to get parsing info during refresh. "On-the-fly" syntax checking information may be incorrect. [C:\Users\Lenovo\Desktop\Letnik3\DN\Project\Project01\Project01.srcs\sources_1\new\APB_uart.sv:]
reset_run impl_1 -prev_step 
launch_runs impl_1 -to_step write_bitstream -jobs 6
[Sun Jan 25 00:50:14 2026] Launched impl_1...
Run output will be captured here: C:/Users/Lenovo/Desktop/Letnik3/DN/Project/Project01/Project01.runs/impl_1/runme.log
set_property PROBES.FILE {} [get_hw_devices xc7a50t_0]
set_property FULL_PROBES.FILE {} [get_hw_devices xc7a50t_0]
set_property PROGRAM.FILE {C:/Users/Lenovo/Desktop/Letnik3/DN/Project/Project01/Project01.runs/impl_1/top.bit} [get_hw_devices xc7a50t_0]
program_hw_devices [get_hw_devices xc7a50t_0]
INFO: [Labtools 27-3164] End of startup status: HIGH
refresh_hw_device [lindex [get_hw_devices xc7a50t_0] 0]
INFO: [Labtools 27-1434] Device xc7a50t (JTAG device index = 0) is programmed with a design that has no supported debug core(s) in it.
close_hw_manager
reset_run impl_1 -prev_step 
launch_runs impl_1 -to_step write_bitstream -jobs 6
[Sun Jan 25 00:55:30 2026] Launched impl_1...
Run output will be captured here: C:/Users/Lenovo/Desktop/Letnik3/DN/Project/Project01/Project01.runs/impl_1/runme.log
open_hw_manager
connect_hw_server -allow_non_jtag
INFO: [Labtools 27-2285] Connecting to hw_server url TCP:localhost:3121
INFO: [Labtools 27-2222] Launching hw_server...
INFO: [Labtools 27-2221] Launch Output:

****** Xilinx hw_server v2025.1
  **** Build date : May  6 2025 at 09:15:36
    ** Copyright 1986-2022 Xilinx, Inc. All Rights Reserved.


INFO: [Labtools 27-3415] Connecting to cs_server url TCP:localhost:0
INFO: [Labtools 27-3417] Launching cs_server...
INFO: [Labtools 27-2221] Launch Output:


******** Xilinx cs_server v2025.1.0
  ****** Build date   : May 13 2025-21:15:27
    **** Build number : 2025.1.1747163727
      ** Copyright 2017-2022 Xilinx, Inc. All Rights Reserved.
      ** Copyright 2022-2026 Advanced Micro Devices, Inc. All Rights Reserved.



connect_hw_server: Time (s): cpu = 00:00:01 ; elapsed = 00:00:06 . Memory (MB): peak = 4055.160 ; gain = 0.000
open_hw_target
INFO: [Labtoolstcl 44-466] Opening hw_target localhost:3121/xilinx_tcf/Digilent/210292AA7E5EA
set_property PROGRAM.FILE {C:/Users/Lenovo/Desktop/Letnik3/DN/Project/Project01/Project01.runs/impl_1/top.bit} [get_hw_devices xc7a50t_0]
current_hw_device [get_hw_devices xc7a50t_0]
refresh_hw_device -update_hw_probes false [lindex [get_hw_devices xc7a50t_0] 0]
INFO: [Labtools 27-1434] Device xc7a50t (JTAG device index = 0) is programmed with a design that has no supported debug core(s) in it.
set_property PROBES.FILE {} [get_hw_devices xc7a50t_0]
set_property FULL_PROBES.FILE {} [get_hw_devices xc7a50t_0]
set_property PROGRAM.FILE {C:/Users/Lenovo/Desktop/Letnik3/DN/Project/Project01/Project01.runs/impl_1/top.bit} [get_hw_devices xc7a50t_0]
program_hw_devices [get_hw_devices xc7a50t_0]
INFO: [Labtools 27-3164] End of startup status: HIGH
refresh_hw_device [lindex [get_hw_devices xc7a50t_0] 0]
INFO: [Labtools 27-1434] Device xc7a50t (JTAG device index = 0) is programmed with a design that has no supported debug core(s) in it.
WARNING: [filemgmt 56-199] Attempt to get parsing info during refresh. "On-the-fly" syntax checking information may be incorrect. [C:\Users\Lenovo\Desktop\Letnik3\DN\Project\Project01\Project01.srcs\sources_1\new\i2c_tmp102_master.sv:]
WARNING: [filemgmt 56-199] Attempt to get parsing info during refresh. "On-the-fly" syntax checking information may be incorrect. [C:\Users\Lenovo\Desktop\Letnik3\DN\Project\Project01\Project01.srcs\sources_1\new\i2c_master.sv:]
WARNING: [filemgmt 56-199] Attempt to get parsing info during refresh. "On-the-fly" syntax checking information may be incorrect. [C:\Users\Lenovo\Desktop\Letnik3\DN\Project\Project01\Project01.srcs\sources_1\new\APB_uart.sv:]
WARNING: [filemgmt 56-199] Attempt to get parsing info during refresh. "On-the-fly" syntax checking information may be incorrect. [C:\Users\Lenovo\Desktop\Letnik3\DN\Project\Project01\Project01.srcs\sources_1\new\APB_i2c.sv:]
WARNING: [filemgmt 56-199] Attempt to get parsing info during refresh. "On-the-fly" syntax checking information may be incorrect. [C:\Users\Lenovo\Desktop\Letnik3\DN\Project\Project01\Project01.srcs\sources_1\new\top.sv:]
WARNING: [filemgmt 56-199] Attempt to get parsing info during refresh. "On-the-fly" syntax checking information may be incorrect. [C:\Users\Lenovo\Desktop\Letnik3\DN\Project\Project01\Project01.srcs\sources_1\new\top.sv:]
WARNING: [filemgmt 56-199] Attempt to get parsing info during refresh. "On-the-fly" syntax checking information may be incorrect. [C:\Users\Lenovo\Desktop\Letnik3\DN\Project\Project01\Project01.srcs\sources_1\new\top.sv:]
WARNING: [filemgmt 56-199] Attempt to get parsing info during refresh. "On-the-fly" syntax checking information may be incorrect. [C:\Users\Lenovo\Desktop\Letnik3\DN\Project\Project01\Project01.srcs\sources_1\new\i2c_tmp102_master.sv:]
WARNING: [filemgmt 56-199] Attempt to get parsing info during refresh. "On-the-fly" syntax checking information may be incorrect. [C:\Users\Lenovo\Desktop\Letnik3\DN\Project\Project01\Project01.srcs\sources_1\new\i2c_master.sv:]
WARNING: [filemgmt 56-199] Attempt to get parsing info during refresh. "On-the-fly" syntax checking information may be incorrect. [C:\Users\Lenovo\Desktop\Letnik3\DN\Project\Project01\Project01.srcs\sources_1\new\APB_uart.sv:]
WARNING: [filemgmt 56-199] Attempt to get parsing info during refresh. "On-the-fly" syntax checking information may be incorrect. [C:\Users\Lenovo\Desktop\Letnik3\DN\Project\Project01\Project01.srcs\sources_1\new\APB_i2c.sv:]
WARNING: [filemgmt 56-199] Attempt to get parsing info during refresh. "On-the-fly" syntax checking information may be incorrect. [C:\Users\Lenovo\Desktop\Letnik3\DN\Project\Project01\Project01.srcs\sources_1\new\top.sv:]
WARNING: [filemgmt 56-199] Attempt to get parsing info during refresh. "On-the-fly" syntax checking information may be incorrect. [C:\Users\Lenovo\Desktop\Letnik3\DN\Project\Project01\Project01.srcs\sources_1\new\APB_i2c.sv:]
WARNING: [filemgmt 56-199] Attempt to get parsing info during refresh. "On-the-fly" syntax checking information may be incorrect. [C:\Users\Lenovo\Desktop\Letnik3\DN\Project\Project01\Project01.srcs\sources_1\new\APB_i2c.sv:]
ERROR: [Common 17-180] Spawn failed: The operation completed successfully.

reset_run impl_1 -prev_step 
launch_runs impl_1 -to_step write_bitstream -jobs 6
[Sun Jan 25 00:57:34 2026] Launched impl_1...
Run output will be captured here: C:/Users/Lenovo/Desktop/Letnik3/DN/Project/Project01/Project01.runs/impl_1/runme.log
set_property PROBES.FILE {} [get_hw_devices xc7a50t_0]
set_property FULL_PROBES.FILE {} [get_hw_devices xc7a50t_0]
set_property PROGRAM.FILE {C:/Users/Lenovo/Desktop/Letnik3/DN/Project/Project01/Project01.runs/impl_1/top.bit} [get_hw_devices xc7a50t_0]
program_hw_devices [get_hw_devices xc7a50t_0]
INFO: [Labtools 27-3164] End of startup status: HIGH
refresh_hw_device [lindex [get_hw_devices xc7a50t_0] 0]
INFO: [Labtools 27-1434] Device xc7a50t (JTAG device index = 0) is programmed with a design that has no supported debug core(s) in it.
close_hw_manager
WARNING: [filemgmt 56-199] Attempt to get parsing info during refresh. "On-the-fly" syntax checking information may be incorrect. [C:\Users\Lenovo\Desktop\Letnik3\DN\Project\Project01\Project01.srcs\sources_1\new\i2c_tmp102_master.sv:]
WARNING: [filemgmt 56-199] Attempt to get parsing info during refresh. "On-the-fly" syntax checking information may be incorrect. [C:\Users\Lenovo\Desktop\Letnik3\DN\Project\Project01\Project01.srcs\sources_1\new\i2c_master.sv:]
WARNING: [filemgmt 56-199] Attempt to get parsing info during refresh. "On-the-fly" syntax checking information may be incorrect. [C:\Users\Lenovo\Desktop\Letnik3\DN\Project\Project01\Project01.srcs\sources_1\new\APB_uart.sv:]
WARNING: [filemgmt 56-199] Attempt to get parsing info during refresh. "On-the-fly" syntax checking information may be incorrect. [C:\Users\Lenovo\Desktop\Letnik3\DN\Project\Project01\Project01.srcs\sources_1\new\APB_i2c.sv:]
WARNING: [filemgmt 56-199] Attempt to get parsing info during refresh. "On-the-fly" syntax checking information may be incorrect. [C:\Users\Lenovo\Desktop\Letnik3\DN\Project\Project01\Project01.srcs\sources_1\new\top.sv:]
WARNING: [filemgmt 56-199] Attempt to get parsing info during refresh. "On-the-fly" syntax checking information may be incorrect. [C:\Users\Lenovo\Desktop\Letnik3\DN\Project\Project01\Project01.srcs\sources_1\new\top.sv:]
WARNING: [filemgmt 56-199] Attempt to get parsing info during refresh. "On-the-fly" syntax checking information may be incorrect. [C:\Users\Lenovo\Desktop\Letnik3\DN\Project\Project01\Project01.srcs\sources_1\new\top.sv:]
WARNING: [filemgmt 56-199] Attempt to get parsing info during refresh. "On-the-fly" syntax checking information may be incorrect. [C:\Users\Lenovo\Desktop\Letnik3\DN\Project\Project01\Project01.srcs\sources_1\new\i2c_tmp102_master.sv:]
WARNING: [filemgmt 56-199] Attempt to get parsing info during refresh. "On-the-fly" syntax checking information may be incorrect. [C:\Users\Lenovo\Desktop\Letnik3\DN\Project\Project01\Project01.srcs\sources_1\new\i2c_master.sv:]
WARNING: [filemgmt 56-199] Attempt to get parsing info during refresh. "On-the-fly" syntax checking information may be incorrect. [C:\Users\Lenovo\Desktop\Letnik3\DN\Project\Project01\Project01.srcs\sources_1\new\APB_uart.sv:]
WARNING: [filemgmt 56-199] Attempt to get parsing info during refresh. "On-the-fly" syntax checking information may be incorrect. [C:\Users\Lenovo\Desktop\Letnik3\DN\Project\Project01\Project01.srcs\sources_1\new\APB_i2c.sv:]
WARNING: [filemgmt 56-199] Attempt to get parsing info during refresh. "On-the-fly" syntax checking information may be incorrect. [C:\Users\Lenovo\Desktop\Letnik3\DN\Project\Project01\Project01.srcs\sources_1\new\top.sv:]
WARNING: [filemgmt 56-199] Attempt to get parsing info during refresh. "On-the-fly" syntax checking information may be incorrect. [C:\Users\Lenovo\Desktop\Letnik3\DN\Project\Project01\Project01.srcs\sources_1\new\APB_i2c.sv:]
WARNING: [filemgmt 56-199] Attempt to get parsing info during refresh. "On-the-fly" syntax checking information may be incorrect. [C:\Users\Lenovo\Desktop\Letnik3\DN\Project\Project01\Project01.srcs\sources_1\new\APB_i2c.sv:]
reset_run impl_1 -prev_step 
launch_runs impl_1 -to_step write_bitstream -jobs 6
[Sun Jan 25 01:09:59 2026] Launched impl_1...
Run output will be captured here: C:/Users/Lenovo/Desktop/Letnik3/DN/Project/Project01/Project01.runs/impl_1/runme.log
reset_run impl_1 -prev_step 
WARNING: [Vivado 12-1017] Problems encountered:
1. Couldn't access process for termination

reset_run synth_1
WARNING: [Vivado 12-1017] Problems encountered:
1. Couldn't access process for termination

launch_runs impl_1 -to_step write_bitstream -jobs 6
[Sun Jan 25 01:10:14 2026] Launched impl_1...
Run output will be captured here: C:/Users/Lenovo/Desktop/Letnik3/DN/Project/Project01/Project01.runs/impl_1/runme.log
WARNING: [Vivado 12-818] No files matched ''
ERROR: [Common 17-55] 'get_property' expects at least one object.
Resolution: If [get_<value>] was used to populate the object, check to make sure this command returns at least one valid object.
write_hw_platform -fixed -include_bit -force -file C:/Users/Lenovo/Desktop/Letnik3/DN/Project/Project01/top.xsa
INFO: [Project 1-1918] Creating Hardware Platform: C:/Users/Lenovo/Desktop/Letnik3/DN/Project/Project01/top.xsa ...
INFO: [Project 1-1943] The Hardware Platform can be used for Hardware
INFO: [Project 1-1941] Successfully created Hardware Platform: C:/Users/Lenovo/Desktop/Letnik3/DN/Project/Project01/top.xsa
WARNING: [filemgmt 56-199] Attempt to get parsing info during refresh. "On-the-fly" syntax checking information may be incorrect. [C:\Users\Lenovo\Desktop\Letnik3\DN\Project\Project01\Project01.srcs\sources_1\new\i2c_tmp102_master.sv:]
WARNING: [filemgmt 56-199] Attempt to get parsing info during refresh. "On-the-fly" syntax checking information may be incorrect. [C:\Users\Lenovo\Desktop\Letnik3\DN\Project\Project01\Project01.srcs\sources_1\new\i2c_master.sv:]
WARNING: [filemgmt 56-199] Attempt to get parsing info during refresh. "On-the-fly" syntax checking information may be incorrect. [C:\Users\Lenovo\Desktop\Letnik3\DN\Project\Project01\Project01.srcs\sources_1\new\APB_uart.sv:]
WARNING: [filemgmt 56-199] Attempt to get parsing info during refresh. "On-the-fly" syntax checking information may be incorrect. [C:\Users\Lenovo\Desktop\Letnik3\DN\Project\Project01\Project01.srcs\sources_1\new\APB_i2c.sv:]
WARNING: [filemgmt 56-199] Attempt to get parsing info during refresh. "On-the-fly" syntax checking information may be incorrect. [C:\Users\Lenovo\Desktop\Letnik3\DN\Project\Project01\Project01.srcs\sources_1\new\top.sv:]
WARNING: [filemgmt 56-199] Attempt to get parsing info during refresh. "On-the-fly" syntax checking information may be incorrect. [C:\Users\Lenovo\Desktop\Letnik3\DN\Project\Project01\Project01.srcs\sources_1\new\APB_uart.sv:]
WARNING: [filemgmt 56-199] Attempt to get parsing info during refresh. "On-the-fly" syntax checking information may be incorrect. [C:\Users\Lenovo\Desktop\Letnik3\DN\Project\Project01\Project01.srcs\sources_1\new\APB_uart.sv:]
WARNING: [filemgmt 56-199] Attempt to get parsing info during refresh. "On-the-fly" syntax checking information may be incorrect. [C:\Users\Lenovo\Desktop\Letnik3\DN\Project\Project01\Project01.srcs\sources_1\new\i2c_tmp102_master.sv:]
WARNING: [filemgmt 56-199] Attempt to get parsing info during refresh. "On-the-fly" syntax checking information may be incorrect. [C:\Users\Lenovo\Desktop\Letnik3\DN\Project\Project01\Project01.srcs\sources_1\new\i2c_master.sv:]
WARNING: [filemgmt 56-199] Attempt to get parsing info during refresh. "On-the-fly" syntax checking information may be incorrect. [C:\Users\Lenovo\Desktop\Letnik3\DN\Project\Project01\Project01.srcs\sources_1\new\APB_uart.sv:]
WARNING: [filemgmt 56-199] Attempt to get parsing info during refresh. "On-the-fly" syntax checking information may be incorrect. [C:\Users\Lenovo\Desktop\Letnik3\DN\Project\Project01\Project01.srcs\sources_1\new\APB_i2c.sv:]
WARNING: [filemgmt 56-199] Attempt to get parsing info during refresh. "On-the-fly" syntax checking information may be incorrect. [C:\Users\Lenovo\Desktop\Letnik3\DN\Project\Project01\Project01.srcs\sources_1\new\top.sv:]
WARNING: [filemgmt 56-199] Attempt to get parsing info during refresh. "On-the-fly" syntax checking information may be incorrect. [C:\Users\Lenovo\Desktop\Letnik3\DN\Project\Project01\Project01.srcs\sources_1\new\APB_i2c.sv:]
WARNING: [filemgmt 56-199] Attempt to get parsing info during refresh. "On-the-fly" syntax checking information may be incorrect. [C:\Users\Lenovo\Desktop\Letnik3\DN\Project\Project01\Project01.srcs\sources_1\new\APB_i2c.sv:]
ERROR: [Common 17-180] Spawn failed: The operation completed successfully.

reset_run synth_1
INFO: [Project 1-1161] Replacing file C:/Users/Lenovo/Desktop/Letnik3/DN/Project/Project01/Project01.srcs/utils_1/imports/synth_1/top.dcp with file C:/Users/Lenovo/Desktop/Letnik3/DN/Project/Project01/Project01.runs/synth_1/top.dcp
launch_runs impl_1 -to_step write_bitstream -jobs 6
WARNING: [filemgmt 56-199] Attempt to get parsing info during refresh. "On-the-fly" syntax checking information may be incorrect. [C:\Users\Lenovo\Desktop\Letnik3\DN\Project\Project01\Project01.srcs\sources_1\new\i2c_tmp102_master.sv:]
WARNING: [filemgmt 56-199] Attempt to get parsing info during refresh. "On-the-fly" syntax checking information may be incorrect. [C:\Users\Lenovo\Desktop\Letnik3\DN\Project\Project01\Project01.srcs\sources_1\new\i2c_master.sv:]
WARNING: [filemgmt 56-199] Attempt to get parsing info during refresh. "On-the-fly" syntax checking information may be incorrect. [C:\Users\Lenovo\Desktop\Letnik3\DN\Project\Project01\Project01.srcs\sources_1\new\APB_uart.sv:]
WARNING: [filemgmt 56-199] Attempt to get parsing info during refresh. "On-the-fly" syntax checking information may be incorrect. [C:\Users\Lenovo\Desktop\Letnik3\DN\Project\Project01\Project01.srcs\sources_1\new\APB_i2c.sv:]
WARNING: [filemgmt 56-199] Attempt to get parsing info during refresh. "On-the-fly" syntax checking information may be incorrect. [C:\Users\Lenovo\Desktop\Letnik3\DN\Project\Project01\Project01.srcs\sources_1\new\top.sv:]
WARNING: [filemgmt 56-199] Attempt to get parsing info during refresh. "On-the-fly" syntax checking information may be incorrect. [C:\Users\Lenovo\Desktop\Letnik3\DN\Project\Project01\Project01.srcs\sources_1\new\APB_uart.sv:]
WARNING: [filemgmt 56-199] Attempt to get parsing info during refresh. "On-the-fly" syntax checking information may be incorrect. [C:\Users\Lenovo\Desktop\Letnik3\DN\Project\Project01\Project01.srcs\sources_1\new\APB_uart.sv:]
[Sun Jan 25 01:14:41 2026] Launched synth_1...
Run output will be captured here: C:/Users/Lenovo/Desktop/Letnik3/DN/Project/Project01/Project01.runs/synth_1/runme.log
[Sun Jan 25 01:14:41 2026] Launched impl_1...
Run output will be captured here: C:/Users/Lenovo/Desktop/Letnik3/DN/Project/Project01/Project01.runs/impl_1/runme.log
open_hw_manager
connect_hw_server -allow_non_jtag
INFO: [Labtools 27-2285] Connecting to hw_server url TCP:localhost:3121
INFO: [Labtools 27-2222] Launching hw_server...
INFO: [Labtools 27-2221] Launch Output:

****** Xilinx hw_server v2025.1
  **** Build date : May  6 2025 at 09:15:36
    ** Copyright 1986-2022 Xilinx, Inc. All Rights Reserved.


INFO: [Labtools 27-3415] Connecting to cs_server url TCP:localhost:0
INFO: [Labtools 27-3417] Launching cs_server...
INFO: [Labtools 27-2221] Launch Output:


******** Xilinx cs_server v2025.1.0
  ****** Build date   : May 13 2025-21:15:27
    **** Build number : 2025.1.1747163727
      ** Copyright 2017-2022 Xilinx, Inc. All Rights Reserved.
      ** Copyright 2022-2026 Advanced Micro Devices, Inc. All Rights Reserved.



connect_hw_server: Time (s): cpu = 00:00:01 ; elapsed = 00:00:06 . Memory (MB): peak = 4055.160 ; gain = 0.000
open_hw_target
INFO: [Labtoolstcl 44-466] Opening hw_target localhost:3121/xilinx_tcf/Digilent/210292AA7E5EA
set_property PROGRAM.FILE {C:/Users/Lenovo/Desktop/Letnik3/DN/Project/Project01/Project01.runs/impl_1/top.bit} [get_hw_devices xc7a50t_0]
current_hw_device [get_hw_devices xc7a50t_0]
refresh_hw_device -update_hw_probes false [lindex [get_hw_devices xc7a50t_0] 0]
INFO: [Labtools 27-1434] Device xc7a50t (JTAG device index = 0) is programmed with a design that has no supported debug core(s) in it.
set_property PROBES.FILE {} [get_hw_devices xc7a50t_0]
set_property FULL_PROBES.FILE {} [get_hw_devices xc7a50t_0]
set_property PROGRAM.FILE {C:/Users/Lenovo/Desktop/Letnik3/DN/Project/Project01/Project01.runs/impl_1/top.bit} [get_hw_devices xc7a50t_0]
program_hw_devices [get_hw_devices xc7a50t_0]
INFO: [Labtools 27-3164] End of startup status: HIGH
refresh_hw_device [lindex [get_hw_devices xc7a50t_0] 0]
INFO: [Labtools 27-1434] Device xc7a50t (JTAG device index = 0) is programmed with a design that has no supported debug core(s) in it.
WARNING: [filemgmt 56-199] Attempt to get parsing info during refresh. "On-the-fly" syntax checking information may be incorrect. [C:\Users\Lenovo\Desktop\Letnik3\DN\Project\Project01\Project01.srcs\sources_1\new\i2c_tmp102_master.sv:]
WARNING: [filemgmt 56-199] Attempt to get parsing info during refresh. "On-the-fly" syntax checking information may be incorrect. [C:\Users\Lenovo\Desktop\Letnik3\DN\Project\Project01\Project01.srcs\sources_1\new\i2c_master.sv:]
WARNING: [filemgmt 56-199] Attempt to get parsing info during refresh. "On-the-fly" syntax checking information may be incorrect. [C:\Users\Lenovo\Desktop\Letnik3\DN\Project\Project01\Project01.srcs\sources_1\new\APB_uart.sv:]
WARNING: [filemgmt 56-199] Attempt to get parsing info during refresh. "On-the-fly" syntax checking information may be incorrect. [C:\Users\Lenovo\Desktop\Letnik3\DN\Project\Project01\Project01.srcs\sources_1\new\APB_i2c.sv:]
WARNING: [filemgmt 56-199] Attempt to get parsing info during refresh. "On-the-fly" syntax checking information may be incorrect. [C:\Users\Lenovo\Desktop\Letnik3\DN\Project\Project01\Project01.srcs\sources_1\new\top.sv:]
WARNING: [filemgmt 56-199] Attempt to get parsing info during refresh. "On-the-fly" syntax checking information may be incorrect. [C:\Users\Lenovo\Desktop\Letnik3\DN\Project\Project01\Project01.srcs\sources_1\new\top.sv:]
WARNING: [filemgmt 56-199] Attempt to get parsing info during refresh. "On-the-fly" syntax checking information may be incorrect. [C:\Users\Lenovo\Desktop\Letnik3\DN\Project\Project01\Project01.srcs\sources_1\new\top.sv:]
WARNING: [filemgmt 56-199] Attempt to get parsing info during refresh. "On-the-fly" syntax checking information may be incorrect. [C:\Users\Lenovo\Desktop\Letnik3\DN\Project\Project01\Project01.srcs\sources_1\new\i2c_tmp102_master.sv:]
WARNING: [filemgmt 56-199] Attempt to get parsing info during refresh. "On-the-fly" syntax checking information may be incorrect. [C:\Users\Lenovo\Desktop\Letnik3\DN\Project\Project01\Project01.srcs\sources_1\new\i2c_master.sv:]
WARNING: [filemgmt 56-199] Attempt to get parsing info during refresh. "On-the-fly" syntax checking information may be incorrect. [C:\Users\Lenovo\Desktop\Letnik3\DN\Project\Project01\Project01.srcs\sources_1\new\APB_uart.sv:]
WARNING: [filemgmt 56-199] Attempt to get parsing info during refresh. "On-the-fly" syntax checking information may be incorrect. [C:\Users\Lenovo\Desktop\Letnik3\DN\Project\Project01\Project01.srcs\sources_1\new\APB_i2c.sv:]
WARNING: [filemgmt 56-199] Attempt to get parsing info during refresh. "On-the-fly" syntax checking information may be incorrect. [C:\Users\Lenovo\Desktop\Letnik3\DN\Project\Project01\Project01.srcs\sources_1\new\top.sv:]
WARNING: [filemgmt 56-199] Attempt to get parsing info during refresh. "On-the-fly" syntax checking information may be incorrect. [C:\Users\Lenovo\Desktop\Letnik3\DN\Project\Project01\Project01.srcs\sources_1\new\APB_i2c.sv:]
WARNING: [filemgmt 56-199] Attempt to get parsing info during refresh. "On-the-fly" syntax checking information may be incorrect. [C:\Users\Lenovo\Desktop\Letnik3\DN\Project\Project01\Project01.srcs\sources_1\new\APB_i2c.sv:]
reset_run impl_1 -prev_step 
launch_runs impl_1 -to_step write_bitstream -jobs 6
[Sun Jan 25 01:19:32 2026] Launched impl_1...
Run output will be captured here: C:/Users/Lenovo/Desktop/Letnik3/DN/Project/Project01/Project01.runs/impl_1/runme.log
close_hw_manager
open_hw_manager
connect_hw_server -allow_non_jtag
INFO: [Labtools 27-2285] Connecting to hw_server url TCP:localhost:3121
INFO: [Labtools 27-3415] Connecting to cs_server url TCP:localhost:0
INFO: [Labtools 27-3417] Launching cs_server...
INFO: [Labtools 27-2221] Launch Output:


******** Xilinx cs_server v2025.1.0
  ****** Build date   : May 13 2025-21:15:27
    **** Build number : 2025.1.1747163727
      ** Copyright 2017-2022 Xilinx, Inc. All Rights Reserved.
      ** Copyright 2022-2026 Advanced Micro Devices, Inc. All Rights Reserved.



open_hw_target
INFO: [Labtoolstcl 44-466] Opening hw_target localhost:3121/xilinx_tcf/Digilent/210292AA7E5EA
set_property PROGRAM.FILE {C:/Users/Lenovo/Desktop/Letnik3/DN/Project/Project01/Project01.runs/impl_1/top.bit} [get_hw_devices xc7a50t_0]
current_hw_device [get_hw_devices xc7a50t_0]
refresh_hw_device -update_hw_probes false [lindex [get_hw_devices xc7a50t_0] 0]
INFO: [Labtools 27-1434] Device xc7a50t (JTAG device index = 0) is programmed with a design that has no supported debug core(s) in it.
set_property PROBES.FILE {} [get_hw_devices xc7a50t_0]
set_property FULL_PROBES.FILE {} [get_hw_devices xc7a50t_0]
set_property PROGRAM.FILE {C:/Users/Lenovo/Desktop/Letnik3/DN/Project/Project01/Project01.runs/impl_1/top.bit} [get_hw_devices xc7a50t_0]
program_hw_devices [get_hw_devices xc7a50t_0]
INFO: [Labtools 27-3164] End of startup status: HIGH
refresh_hw_device [lindex [get_hw_devices xc7a50t_0] 0]
INFO: [Labtools 27-1434] Device xc7a50t (JTAG device index = 0) is programmed with a design that has no supported debug core(s) in it.
reset_run impl_1 -prev_step 
launch_runs impl_1 -to_step write_bitstream -jobs 6
[Sun Jan 25 01:21:28 2026] Launched impl_1...
Run output will be captured here: C:/Users/Lenovo/Desktop/Letnik3/DN/Project/Project01/Project01.runs/impl_1/runme.log
WARNING: [filemgmt 56-199] Attempt to get parsing info during refresh. "On-the-fly" syntax checking information may be incorrect. [C:\Users\Lenovo\Desktop\Letnik3\DN\Project\Project01\Project01.srcs\sources_1\new\i2c_tmp102_master.sv:]
WARNING: [filemgmt 56-199] Attempt to get parsing info during refresh. "On-the-fly" syntax checking information may be incorrect. [C:\Users\Lenovo\Desktop\Letnik3\DN\Project\Project01\Project01.srcs\sources_1\new\i2c_master.sv:]
WARNING: [filemgmt 56-199] Attempt to get parsing info during refresh. "On-the-fly" syntax checking information may be incorrect. [C:\Users\Lenovo\Desktop\Letnik3\DN\Project\Project01\Project01.srcs\sources_1\new\APB_uart.sv:]
WARNING: [filemgmt 56-199] Attempt to get parsing info during refresh. "On-the-fly" syntax checking information may be incorrect. [C:\Users\Lenovo\Desktop\Letnik3\DN\Project\Project01\Project01.srcs\sources_1\new\APB_i2c.sv:]
WARNING: [filemgmt 56-199] Attempt to get parsing info during refresh. "On-the-fly" syntax checking information may be incorrect. [C:\Users\Lenovo\Desktop\Letnik3\DN\Project\Project01\Project01.srcs\sources_1\new\top.sv:]
WARNING: [filemgmt 56-199] Attempt to get parsing info during refresh. "On-the-fly" syntax checking information may be incorrect. [C:\Users\Lenovo\Desktop\Letnik3\DN\Project\Project01\Project01.srcs\sources_1\new\APB_uart.sv:]
WARNING: [filemgmt 56-199] Attempt to get parsing info during refresh. "On-the-fly" syntax checking information may be incorrect. [C:\Users\Lenovo\Desktop\Letnik3\DN\Project\Project01\Project01.srcs\sources_1\new\APB_uart.sv:]
WARNING: [filemgmt 56-199] Attempt to get parsing info during refresh. "On-the-fly" syntax checking information may be incorrect. [C:\Users\Lenovo\Desktop\Letnik3\DN\Project\Project01\Project01.srcs\sources_1\new\i2c_tmp102_master.sv:]
WARNING: [filemgmt 56-199] Attempt to get parsing info during refresh. "On-the-fly" syntax checking information may be incorrect. [C:\Users\Lenovo\Desktop\Letnik3\DN\Project\Project01\Project01.srcs\sources_1\new\i2c_master.sv:]
WARNING: [filemgmt 56-199] Attempt to get parsing info during refresh. "On-the-fly" syntax checking information may be incorrect. [C:\Users\Lenovo\Desktop\Letnik3\DN\Project\Project01\Project01.srcs\sources_1\new\APB_uart.sv:]
WARNING: [filemgmt 56-199] Attempt to get parsing info during refresh. "On-the-fly" syntax checking information may be incorrect. [C:\Users\Lenovo\Desktop\Letnik3\DN\Project\Project01\Project01.srcs\sources_1\new\APB_i2c.sv:]
WARNING: [filemgmt 56-199] Attempt to get parsing info during refresh. "On-the-fly" syntax checking information may be incorrect. [C:\Users\Lenovo\Desktop\Letnik3\DN\Project\Project01\Project01.srcs\sources_1\new\top.sv:]
WARNING: [filemgmt 56-199] Attempt to get parsing info during refresh. "On-the-fly" syntax checking information may be incorrect. [C:\Users\Lenovo\Desktop\Letnik3\DN\Project\Project01\Project01.srcs\sources_1\new\top.sv:]
WARNING: [filemgmt 56-199] Attempt to get parsing info during refresh. "On-the-fly" syntax checking information may be incorrect. [C:\Users\Lenovo\Desktop\Letnik3\DN\Project\Project01\Project01.srcs\sources_1\new\top.sv:]
reset_run impl_1 -prev_step 
launch_runs impl_1 -to_step write_bitstream -jobs 6
[Sun Jan 25 01:22:10 2026] Launched impl_1...
Run output will be captured here: C:/Users/Lenovo/Desktop/Letnik3/DN/Project/Project01/Project01.runs/impl_1/runme.log
set_property PROBES.FILE {} [get_hw_devices xc7a50t_0]
set_property FULL_PROBES.FILE {} [get_hw_devices xc7a50t_0]
set_property PROGRAM.FILE {C:/Users/Lenovo/Desktop/Letnik3/DN/Project/Project01/Project01.runs/impl_1/top.bit} [get_hw_devices xc7a50t_0]
program_hw_devices [get_hw_devices xc7a50t_0]
INFO: [Labtools 27-3164] End of startup status: HIGH
refresh_hw_device [lindex [get_hw_devices xc7a50t_0] 0]
INFO: [Labtools 27-1434] Device xc7a50t (JTAG device index = 0) is programmed with a design that has no supported debug core(s) in it.
close_hw_manager
reset_run impl_1 -prev_step 
launch_runs impl_1 -to_step write_bitstream -jobs 6
[Sun Jan 25 01:31:47 2026] Launched impl_1...
Run output will be captured here: C:/Users/Lenovo/Desktop/Letnik3/DN/Project/Project01/Project01.runs/impl_1/runme.log
reset_run impl_1 -prev_step 
WARNING: [Vivado 12-1017] Problems encountered:
1. Couldn't access process for termination

reset_run synth_1
WARNING: [Vivado 12-1017] Problems encountered:
1. Couldn't access process for termination

launch_runs impl_1 -to_step write_bitstream -jobs 6
[Sun Jan 25 01:32:01 2026] Launched impl_1...
Run output will be captured here: C:/Users/Lenovo/Desktop/Letnik3/DN/Project/Project01/Project01.runs/impl_1/runme.log
WARNING: [Vivado 12-818] No files matched ''
ERROR: [Common 17-55] 'get_property' expects at least one object.
Resolution: If [get_<value>] was used to populate the object, check to make sure this command returns at least one valid object.
write_hw_platform -fixed -include_bit -force -file C:/Users/Lenovo/Desktop/Letnik3/DN/Project/Project01/top.xsa
INFO: [Project 1-1918] Creating Hardware Platform: C:/Users/Lenovo/Desktop/Letnik3/DN/Project/Project01/top.xsa ...
INFO: [Project 1-1943] The Hardware Platform can be used for Hardware
INFO: [Project 1-1941] Successfully created Hardware Platform: C:/Users/Lenovo/Desktop/Letnik3/DN/Project/Project01/top.xsa
WARNING: [filemgmt 56-199] Attempt to get parsing info during refresh. "On-the-fly" syntax checking information may be incorrect. [C:\Users\Lenovo\Desktop\Letnik3\DN\Project\Project01\Project01.srcs\sources_1\new\i2c_tmp102_master.sv:]
WARNING: [filemgmt 56-199] Attempt to get parsing info during refresh. "On-the-fly" syntax checking information may be incorrect. [C:\Users\Lenovo\Desktop\Letnik3\DN\Project\Project01\Project01.srcs\sources_1\new\i2c_master.sv:]
WARNING: [filemgmt 56-199] Attempt to get parsing info during refresh. "On-the-fly" syntax checking information may be incorrect. [C:\Users\Lenovo\Desktop\Letnik3\DN\Project\Project01\Project01.srcs\sources_1\new\APB_uart.sv:]
WARNING: [filemgmt 56-199] Attempt to get parsing info during refresh. "On-the-fly" syntax checking information may be incorrect. [C:\Users\Lenovo\Desktop\Letnik3\DN\Project\Project01\Project01.srcs\sources_1\new\APB_i2c.sv:]
WARNING: [filemgmt 56-199] Attempt to get parsing info during refresh. "On-the-fly" syntax checking information may be incorrect. [C:\Users\Lenovo\Desktop\Letnik3\DN\Project\Project01\Project01.srcs\sources_1\new\top.sv:]
WARNING: [filemgmt 56-199] Attempt to get parsing info during refresh. "On-the-fly" syntax checking information may be incorrect. [C:\Users\Lenovo\Desktop\Letnik3\DN\Project\Project01\Project01.srcs\sources_1\new\top.sv:]
WARNING: [filemgmt 56-199] Attempt to get parsing info during refresh. "On-the-fly" syntax checking information may be incorrect. [C:\Users\Lenovo\Desktop\Letnik3\DN\Project\Project01\Project01.srcs\sources_1\new\top.sv:]
WARNING: [filemgmt 56-199] Attempt to get parsing info during refresh. "On-the-fly" syntax checking information may be incorrect. [C:\Users\Lenovo\Desktop\Letnik3\DN\Project\Project01\Project01.srcs\sources_1\new\i2c_tmp102_master.sv:]
WARNING: [filemgmt 56-199] Attempt to get parsing info during refresh. "On-the-fly" syntax checking information may be incorrect. [C:\Users\Lenovo\Desktop\Letnik3\DN\Project\Project01\Project01.srcs\sources_1\new\i2c_master.sv:]
WARNING: [filemgmt 56-199] Attempt to get parsing info during refresh. "On-the-fly" syntax checking information may be incorrect. [C:\Users\Lenovo\Desktop\Letnik3\DN\Project\Project01\Project01.srcs\sources_1\new\APB_uart.sv:]
WARNING: [filemgmt 56-199] Attempt to get parsing info during refresh. "On-the-fly" syntax checking information may be incorrect. [C:\Users\Lenovo\Desktop\Letnik3\DN\Project\Project01\Project01.srcs\sources_1\new\APB_i2c.sv:]
WARNING: [filemgmt 56-199] Attempt to get parsing info during refresh. "On-the-fly" syntax checking information may be incorrect. [C:\Users\Lenovo\Desktop\Letnik3\DN\Project\Project01\Project01.srcs\sources_1\new\top.sv:]
WARNING: [filemgmt 56-199] Attempt to get parsing info during refresh. "On-the-fly" syntax checking information may be incorrect. [C:\Users\Lenovo\Desktop\Letnik3\DN\Project\Project01\Project01.srcs\sources_1\new\APB_uart.sv:]
WARNING: [filemgmt 56-199] Attempt to get parsing info during refresh. "On-the-fly" syntax checking information may be incorrect. [C:\Users\Lenovo\Desktop\Letnik3\DN\Project\Project01\Project01.srcs\sources_1\new\APB_uart.sv:]
close_design
reset_run synth_1
INFO: [Project 1-1161] Replacing file C:/Users/Lenovo/Desktop/Letnik3/DN/Project/Project01/Project01.srcs/utils_1/imports/synth_1/top.dcp with file C:/Users/Lenovo/Desktop/Letnik3/DN/Project/Project01/Project01.runs/synth_1/top.dcp
launch_runs impl_1 -to_step write_bitstream -jobs 6
[Sun Jan 25 01:35:22 2026] Launched synth_1...
Run output will be captured here: C:/Users/Lenovo/Desktop/Letnik3/DN/Project/Project01/Project01.runs/synth_1/runme.log
[Sun Jan 25 01:35:22 2026] Launched impl_1...
Run output will be captured here: C:/Users/Lenovo/Desktop/Letnik3/DN/Project/Project01/Project01.runs/impl_1/runme.log
WARNING: [filemgmt 56-199] Attempt to get parsing info during refresh. "On-the-fly" syntax checking information may be incorrect. [C:\Users\Lenovo\Desktop\Letnik3\DN\Project\Project01\Project01.srcs\sources_1\new\i2c_tmp102_master.sv:]
WARNING: [filemgmt 56-199] Attempt to get parsing info during refresh. "On-the-fly" syntax checking information may be incorrect. [C:\Users\Lenovo\Desktop\Letnik3\DN\Project\Project01\Project01.srcs\sources_1\new\i2c_master.sv:]
WARNING: [filemgmt 56-199] Attempt to get parsing info during refresh. "On-the-fly" syntax checking information may be incorrect. [C:\Users\Lenovo\Desktop\Letnik3\DN\Project\Project01\Project01.srcs\sources_1\new\APB_uart.sv:]
WARNING: [filemgmt 56-199] Attempt to get parsing info during refresh. "On-the-fly" syntax checking information may be incorrect. [C:\Users\Lenovo\Desktop\Letnik3\DN\Project\Project01\Project01.srcs\sources_1\new\APB_i2c.sv:]
WARNING: [filemgmt 56-199] Attempt to get parsing info during refresh. "On-the-fly" syntax checking information may be incorrect. [C:\Users\Lenovo\Desktop\Letnik3\DN\Project\Project01\Project01.srcs\sources_1\new\top.sv:]
WARNING: [filemgmt 56-199] Attempt to get parsing info during refresh. "On-the-fly" syntax checking information may be incorrect. [C:\Users\Lenovo\Desktop\Letnik3\DN\Project\Project01\Project01.srcs\sources_1\new\top.sv:]
WARNING: [filemgmt 56-199] Attempt to get parsing info during refresh. "On-the-fly" syntax checking information may be incorrect. [C:\Users\Lenovo\Desktop\Letnik3\DN\Project\Project01\Project01.srcs\sources_1\new\top.sv:]
WARNING: [filemgmt 56-199] Attempt to get parsing info during refresh. "On-the-fly" syntax checking information may be incorrect. [C:\Users\Lenovo\Desktop\Letnik3\DN\Project\Project01\Project01.srcs\sources_1\new\i2c_tmp102_master.sv:]
WARNING: [filemgmt 56-199] Attempt to get parsing info during refresh. "On-the-fly" syntax checking information may be incorrect. [C:\Users\Lenovo\Desktop\Letnik3\DN\Project\Project01\Project01.srcs\sources_1\new\i2c_master.sv:]
WARNING: [filemgmt 56-199] Attempt to get parsing info during refresh. "On-the-fly" syntax checking information may be incorrect. [C:\Users\Lenovo\Desktop\Letnik3\DN\Project\Project01\Project01.srcs\sources_1\new\APB_uart.sv:]
WARNING: [filemgmt 56-199] Attempt to get parsing info during refresh. "On-the-fly" syntax checking information may be incorrect. [C:\Users\Lenovo\Desktop\Letnik3\DN\Project\Project01\Project01.srcs\sources_1\new\APB_i2c.sv:]
WARNING: [filemgmt 56-199] Attempt to get parsing info during refresh. "On-the-fly" syntax checking information may be incorrect. [C:\Users\Lenovo\Desktop\Letnik3\DN\Project\Project01\Project01.srcs\sources_1\new\top.sv:]
WARNING: [filemgmt 56-199] Attempt to get parsing info during refresh. "On-the-fly" syntax checking information may be incorrect. [C:\Users\Lenovo\Desktop\Letnik3\DN\Project\Project01\Project01.srcs\sources_1\new\APB_uart.sv:]
WARNING: [filemgmt 56-199] Attempt to get parsing info during refresh. "On-the-fly" syntax checking information may be incorrect. [C:\Users\Lenovo\Desktop\Letnik3\DN\Project\Project01\Project01.srcs\sources_1\new\APB_uart.sv:]
open_run impl_1
Netlist sorting complete. Time (s): cpu = 00:00:00 ; elapsed = 00:00:00.077 . Memory (MB): peak = 4055.160 ; gain = 0.000
INFO: [Netlist 29-17] Analyzing 261 Unisim elements for replacement
INFO: [Netlist 29-28] Unisim Transformation completed in 0 CPU seconds
INFO: [Project 1-479] Netlist was created with Vivado 2025.1
INFO: [Project 1-570] Preparing netlist for logic optimization
Read ShapeDB Complete: Time (s): cpu = 00:00:00 ; elapsed = 00:00:00.008 . Memory (MB): peak = 4055.160 ; gain = 0.000
INFO: [Timing 38-478] Restoring timing data from binary archive.
INFO: [Timing 38-479] Binary timing data restore complete.
INFO: [Project 1-856] Restoring constraints from binary archive.
INFO: [Project 1-853] Binary constraint restore complete.
INFO: [Designutils 20-5722] Start Reading Physical Databases.
Reading placement.
Read Netlist Cache: Time (s): cpu = 00:00:00 ; elapsed = 00:00:00.002 . Memory (MB): peak = 4096.906 ; gain = 0.000
Reading placer database...
Read Device Cache: Time (s): cpu = 00:00:00 ; elapsed = 00:00:00.007 . Memory (MB): peak = 4096.906 ; gain = 0.000
Read PlaceDB: Time (s): cpu = 00:00:00 ; elapsed = 00:00:00.066 . Memory (MB): peak = 4096.906 ; gain = 0.000
Read PulsedLatchDB: Time (s): cpu = 00:00:00 ; elapsed = 00:00:00 . Memory (MB): peak = 4096.906 ; gain = 0.000
Reading routing.
Read RouteStorage: Time (s): cpu = 00:00:00 ; elapsed = 00:00:00.057 . Memory (MB): peak = 4096.906 ; gain = 0.000
Read Physdb Files: Time (s): cpu = 00:00:00 ; elapsed = 00:00:00.142 . Memory (MB): peak = 4096.906 ; gain = 0.000
Restored from archive | CPU: 0.000000 secs | Memory: 0.000000 MB |
Finished XDEF File Restore: Time (s): cpu = 00:00:00 ; elapsed = 00:00:00.143 . Memory (MB): peak = 4096.906 ; gain = 0.000
Generating merged BMM file for the design top 'microblaze_mcs_0'...
INFO: [Memdata 28-144] Successfully populated the BRAM INIT strings from the following elf files: C:/Users/Lenovo/Desktop/Letnik3/DN/Project/app_component/build/app_component.elf 
Netlist sorting complete. Time (s): cpu = 00:00:00 ; elapsed = 00:00:00.004 . Memory (MB): peak = 4096.906 ; gain = 0.000
INFO: [Project 1-111] Unisim Transformation Summary:
  A total of 146 instances were transformed.
  IOBUF => IOBUF (IBUF, OBUFT): 1 instance 
  LUT6_2 => LUT6_2 (LUT5, LUT6): 81 instances
  RAM32X1D => RAM32X1D (RAMD32(x2)): 64 instances

open_run: Time (s): cpu = 00:00:14 ; elapsed = 00:00:11 . Memory (MB): peak = 4096.906 ; gain = 41.746
WARNING: [Vivado 12-818] No files matched ''
ERROR: [Common 17-55] 'get_property' expects at least one object.
Resolution: If [get_<value>] was used to populate the object, check to make sure this command returns at least one valid object.
write_hw_platform -fixed -include_bit -force -file C:/Users/Lenovo/Desktop/Letnik3/DN/Project/Project01/top.xsa
INFO: [Project 1-1918] Creating Hardware Platform: C:/Users/Lenovo/Desktop/Letnik3/DN/Project/Project01/top.xsa ...
INFO: [Project 1-1943] The Hardware Platform can be used for Hardware
INFO: [Project 1-1941] Successfully created Hardware Platform: C:/Users/Lenovo/Desktop/Letnik3/DN/Project/Project01/top.xsa
WARNING: [filemgmt 56-199] Attempt to get parsing info during refresh. "On-the-fly" syntax checking information may be incorrect. [C:\Users\Lenovo\Desktop\Letnik3\DN\Project\Project01\Project01.srcs\sources_1\new\i2c_tmp102_master.sv:]
WARNING: [filemgmt 56-199] Attempt to get parsing info during refresh. "On-the-fly" syntax checking information may be incorrect. [C:\Users\Lenovo\Desktop\Letnik3\DN\Project\Project01\Project01.srcs\sources_1\new\i2c_master.sv:]
WARNING: [filemgmt 56-199] Attempt to get parsing info during refresh. "On-the-fly" syntax checking information may be incorrect. [C:\Users\Lenovo\Desktop\Letnik3\DN\Project\Project01\Project01.srcs\sources_1\new\APB_uart.sv:]
WARNING: [filemgmt 56-199] Attempt to get parsing info during refresh. "On-the-fly" syntax checking information may be incorrect. [C:\Users\Lenovo\Desktop\Letnik3\DN\Project\Project01\Project01.srcs\sources_1\new\APB_i2c.sv:]
WARNING: [filemgmt 56-199] Attempt to get parsing info during refresh. "On-the-fly" syntax checking information may be incorrect. [C:\Users\Lenovo\Desktop\Letnik3\DN\Project\Project01\Project01.srcs\sources_1\new\top.sv:]
WARNING: [filemgmt 56-199] Attempt to get parsing info during refresh. "On-the-fly" syntax checking information may be incorrect. [C:\Users\Lenovo\Desktop\Letnik3\DN\Project\Project01\Project01.srcs\sources_1\new\top.sv:]
WARNING: [filemgmt 56-199] Attempt to get parsing info during refresh. "On-the-fly" syntax checking information may be incorrect. [C:\Users\Lenovo\Desktop\Letnik3\DN\Project\Project01\Project01.srcs\sources_1\new\top.sv:]
WARNING: [filemgmt 56-199] Attempt to get parsing info during refresh. "On-the-fly" syntax checking information may be incorrect. [C:\Users\Lenovo\Desktop\Letnik3\DN\Project\Project01\Project01.srcs\sources_1\new\i2c_tmp102_master.sv:]
WARNING: [filemgmt 56-199] Attempt to get parsing info during refresh. "On-the-fly" syntax checking information may be incorrect. [C:\Users\Lenovo\Desktop\Letnik3\DN\Project\Project01\Project01.srcs\sources_1\new\i2c_master.sv:]
WARNING: [filemgmt 56-199] Attempt to get parsing info during refresh. "On-the-fly" syntax checking information may be incorrect. [C:\Users\Lenovo\Desktop\Letnik3\DN\Project\Project01\Project01.srcs\sources_1\new\APB_uart.sv:]
WARNING: [filemgmt 56-199] Attempt to get parsing info during refresh. "On-the-fly" syntax checking information may be incorrect. [C:\Users\Lenovo\Desktop\Letnik3\DN\Project\Project01\Project01.srcs\sources_1\new\APB_i2c.sv:]
WARNING: [filemgmt 56-199] Attempt to get parsing info during refresh. "On-the-fly" syntax checking information may be incorrect. [C:\Users\Lenovo\Desktop\Letnik3\DN\Project\Project01\Project01.srcs\sources_1\new\top.sv:]
WARNING: [filemgmt 56-199] Attempt to get parsing info during refresh. "On-the-fly" syntax checking information may be incorrect. [C:\Users\Lenovo\Desktop\Letnik3\DN\Project\Project01\Project01.srcs\sources_1\new\APB_uart.sv:]
WARNING: [filemgmt 56-199] Attempt to get parsing info during refresh. "On-the-fly" syntax checking information may be incorrect. [C:\Users\Lenovo\Desktop\Letnik3\DN\Project\Project01\Project01.srcs\sources_1\new\APB_uart.sv:]
reset_run impl_1 -prev_step 
launch_runs impl_1 -to_step write_bitstream -jobs 6
[Sun Jan 25 01:38:18 2026] Launched impl_1...
Run output will be captured here: C:/Users/Lenovo/Desktop/Letnik3/DN/Project/Project01/Project01.runs/impl_1/runme.log
open_hw_manager
connect_hw_server -allow_non_jtag
INFO: [Labtools 27-2285] Connecting to hw_server url TCP:localhost:3121
INFO: [Labtools 27-2222] Launching hw_server...
INFO: [Labtools 27-2221] Launch Output:

****** Xilinx hw_server v2025.1
  **** Build date : May  6 2025 at 09:15:36
    ** Copyright 1986-2022 Xilinx, Inc. All Rights Reserved.


INFO: [Labtools 27-3415] Connecting to cs_server url TCP:localhost:0
INFO: [Labtools 27-3417] Launching cs_server...
INFO: [Labtools 27-2221] Launch Output:


******** Xilinx cs_server v2025.1.0
  ****** Build date   : May 13 2025-21:15:27
    **** Build number : 2025.1.1747163727
      ** Copyright 2017-2022 Xilinx, Inc. All Rights Reserved.
      ** Copyright 2022-2026 Advanced Micro Devices, Inc. All Rights Reserved.



connect_hw_server: Time (s): cpu = 00:00:01 ; elapsed = 00:00:06 . Memory (MB): peak = 4096.906 ; gain = 0.000
open_hw_target
INFO: [Labtoolstcl 44-466] Opening hw_target localhost:3121/xilinx_tcf/Digilent/210292AA7E5EA
set_property PROGRAM.FILE {C:/Users/Lenovo/Desktop/Letnik3/DN/Project/Project01/Project01.runs/impl_1/top.bit} [get_hw_devices xc7a50t_0]
current_hw_device [get_hw_devices xc7a50t_0]
refresh_hw_device -update_hw_probes false [lindex [get_hw_devices xc7a50t_0] 0]
INFO: [Labtools 27-1434] Device xc7a50t (JTAG device index = 0) is programmed with a design that has no supported debug core(s) in it.
set_property PROBES.FILE {} [get_hw_devices xc7a50t_0]
set_property FULL_PROBES.FILE {} [get_hw_devices xc7a50t_0]
set_property PROGRAM.FILE {C:/Users/Lenovo/Desktop/Letnik3/DN/Project/Project01/Project01.runs/impl_1/top.bit} [get_hw_devices xc7a50t_0]
program_hw_devices [get_hw_devices xc7a50t_0]
INFO: [Labtools 27-3164] End of startup status: HIGH
refresh_hw_device [lindex [get_hw_devices xc7a50t_0] 0]
INFO: [Labtools 27-1434] Device xc7a50t (JTAG device index = 0) is programmed with a design that has no supported debug core(s) in it.
WARNING: [filemgmt 56-199] Attempt to get parsing info during refresh. "On-the-fly" syntax checking information may be incorrect. [C:\Users\Lenovo\Desktop\Letnik3\DN\Project\Project01\Project01.srcs\sources_1\new\i2c_tmp102_master.sv:]
WARNING: [filemgmt 56-199] Attempt to get parsing info during refresh. "On-the-fly" syntax checking information may be incorrect. [C:\Users\Lenovo\Desktop\Letnik3\DN\Project\Project01\Project01.srcs\sources_1\new\i2c_master.sv:]
WARNING: [filemgmt 56-199] Attempt to get parsing info during refresh. "On-the-fly" syntax checking information may be incorrect. [C:\Users\Lenovo\Desktop\Letnik3\DN\Project\Project01\Project01.srcs\sources_1\new\APB_uart.sv:]
WARNING: [filemgmt 56-199] Attempt to get parsing info during refresh. "On-the-fly" syntax checking information may be incorrect. [C:\Users\Lenovo\Desktop\Letnik3\DN\Project\Project01\Project01.srcs\sources_1\new\APB_i2c.sv:]
WARNING: [filemgmt 56-199] Attempt to get parsing info during refresh. "On-the-fly" syntax checking information may be incorrect. [C:\Users\Lenovo\Desktop\Letnik3\DN\Project\Project01\Project01.srcs\sources_1\new\top.sv:]
WARNING: [filemgmt 56-199] Attempt to get parsing info during refresh. "On-the-fly" syntax checking information may be incorrect. [C:\Users\Lenovo\Desktop\Letnik3\DN\Project\Project01\Project01.srcs\sources_1\new\top.sv:]
WARNING: [filemgmt 56-199] Attempt to get parsing info during refresh. "On-the-fly" syntax checking information may be incorrect. [C:\Users\Lenovo\Desktop\Letnik3\DN\Project\Project01\Project01.srcs\sources_1\new\top.sv:]
WARNING: [filemgmt 56-199] Attempt to get parsing info during refresh. "On-the-fly" syntax checking information may be incorrect. [C:\Users\Lenovo\Desktop\Letnik3\DN\Project\Project01\Project01.srcs\sources_1\new\i2c_tmp102_master.sv:]
WARNING: [filemgmt 56-199] Attempt to get parsing info during refresh. "On-the-fly" syntax checking information may be incorrect. [C:\Users\Lenovo\Desktop\Letnik3\DN\Project\Project01\Project01.srcs\sources_1\new\i2c_master.sv:]
WARNING: [filemgmt 56-199] Attempt to get parsing info during refresh. "On-the-fly" syntax checking information may be incorrect. [C:\Users\Lenovo\Desktop\Letnik3\DN\Project\Project01\Project01.srcs\sources_1\new\APB_uart.sv:]
WARNING: [filemgmt 56-199] Attempt to get parsing info during refresh. "On-the-fly" syntax checking information may be incorrect. [C:\Users\Lenovo\Desktop\Letnik3\DN\Project\Project01\Project01.srcs\sources_1\new\APB_i2c.sv:]
WARNING: [filemgmt 56-199] Attempt to get parsing info during refresh. "On-the-fly" syntax checking information may be incorrect. [C:\Users\Lenovo\Desktop\Letnik3\DN\Project\Project01\Project01.srcs\sources_1\new\top.sv:]
WARNING: [filemgmt 56-199] Attempt to get parsing info during refresh. "On-the-fly" syntax checking information may be incorrect. [C:\Users\Lenovo\Desktop\Letnik3\DN\Project\Project01\Project01.srcs\sources_1\new\APB_i2c.sv:]
WARNING: [filemgmt 56-199] Attempt to get parsing info during refresh. "On-the-fly" syntax checking information may be incorrect. [C:\Users\Lenovo\Desktop\Letnik3\DN\Project\Project01\Project01.srcs\sources_1\new\APB_i2c.sv:]
WARNING: [filemgmt 56-199] Attempt to get parsing info during refresh. "On-the-fly" syntax checking information may be incorrect. [C:\Users\Lenovo\Desktop\Letnik3\DN\Project\Project01\Project01.srcs\sources_1\new\i2c_tmp102_master.sv:]
WARNING: [filemgmt 56-199] Attempt to get parsing info during refresh. "On-the-fly" syntax checking information may be incorrect. [C:\Users\Lenovo\Desktop\Letnik3\DN\Project\Project01\Project01.srcs\sources_1\new\i2c_master.sv:]
WARNING: [filemgmt 56-199] Attempt to get parsing info during refresh. "On-the-fly" syntax checking information may be incorrect. [C:\Users\Lenovo\Desktop\Letnik3\DN\Project\Project01\Project01.srcs\sources_1\new\APB_uart.sv:]
WARNING: [filemgmt 56-199] Attempt to get parsing info during refresh. "On-the-fly" syntax checking information may be incorrect. [C:\Users\Lenovo\Desktop\Letnik3\DN\Project\Project01\Project01.srcs\sources_1\new\APB_i2c.sv:]
WARNING: [filemgmt 56-199] Attempt to get parsing info during refresh. "On-the-fly" syntax checking information may be incorrect. [C:\Users\Lenovo\Desktop\Letnik3\DN\Project\Project01\Project01.srcs\sources_1\new\top.sv:]
WARNING: [filemgmt 56-199] Attempt to get parsing info during refresh. "On-the-fly" syntax checking information may be incorrect. [C:\Users\Lenovo\Desktop\Letnik3\DN\Project\Project01\Project01.srcs\sources_1\new\top.sv:]
WARNING: [filemgmt 56-199] Attempt to get parsing info during refresh. "On-the-fly" syntax checking information may be incorrect. [C:\Users\Lenovo\Desktop\Letnik3\DN\Project\Project01\Project01.srcs\sources_1\new\top.sv:]
WARNING: [filemgmt 56-199] Attempt to get parsing info during refresh. "On-the-fly" syntax checking information may be incorrect. [C:\Users\Lenovo\Desktop\Letnik3\DN\Project\Project01\Project01.srcs\sources_1\new\i2c_tmp102_master.sv:]
WARNING: [filemgmt 56-199] Attempt to get parsing info during refresh. "On-the-fly" syntax checking information may be incorrect. [C:\Users\Lenovo\Desktop\Letnik3\DN\Project\Project01\Project01.srcs\sources_1\new\i2c_master.sv:]
WARNING: [filemgmt 56-199] Attempt to get parsing info during refresh. "On-the-fly" syntax checking information may be incorrect. [C:\Users\Lenovo\Desktop\Letnik3\DN\Project\Project01\Project01.srcs\sources_1\new\APB_uart.sv:]
WARNING: [filemgmt 56-199] Attempt to get parsing info during refresh. "On-the-fly" syntax checking information may be incorrect. [C:\Users\Lenovo\Desktop\Letnik3\DN\Project\Project01\Project01.srcs\sources_1\new\APB_i2c.sv:]
WARNING: [filemgmt 56-199] Attempt to get parsing info during refresh. "On-the-fly" syntax checking information may be incorrect. [C:\Users\Lenovo\Desktop\Letnik3\DN\Project\Project01\Project01.srcs\sources_1\new\top.sv:]
WARNING: [filemgmt 56-199] Attempt to get parsing info during refresh. "On-the-fly" syntax checking information may be incorrect. [C:\Users\Lenovo\Desktop\Letnik3\DN\Project\Project01\Project01.srcs\sources_1\new\APB_i2c.sv:]
WARNING: [filemgmt 56-199] Attempt to get parsing info during refresh. "On-the-fly" syntax checking information may be incorrect. [C:\Users\Lenovo\Desktop\Letnik3\DN\Project\Project01\Project01.srcs\sources_1\new\APB_i2c.sv:]
ERROR: [Common 17-180] Spawn failed: The operation completed successfully.

reset_run impl_1 -prev_step 
launch_runs impl_1 -to_step write_bitstream -jobs 6
[Sun Jan 25 01:42:22 2026] Launched impl_1...
Run output will be captured here: C:/Users/Lenovo/Desktop/Letnik3/DN/Project/Project01/Project01.runs/impl_1/runme.log
set_property PROBES.FILE {} [get_hw_devices xc7a50t_0]
set_property FULL_PROBES.FILE {} [get_hw_devices xc7a50t_0]
set_property PROGRAM.FILE {C:/Users/Lenovo/Desktop/Letnik3/DN/Project/Project01/Project01.runs/impl_1/top.bit} [get_hw_devices xc7a50t_0]
program_hw_devices [get_hw_devices xc7a50t_0]
INFO: [Labtools 27-3164] End of startup status: HIGH
refresh_hw_device [lindex [get_hw_devices xc7a50t_0] 0]
INFO: [Labtools 27-1434] Device xc7a50t (JTAG device index = 0) is programmed with a design that has no supported debug core(s) in it.
WARNING: [filemgmt 56-199] Attempt to get parsing info during refresh. "On-the-fly" syntax checking information may be incorrect. [C:\Users\Lenovo\Desktop\Letnik3\DN\Project\Project01\Project01.srcs\sources_1\new\i2c_tmp102_master.sv:]
WARNING: [filemgmt 56-199] Attempt to get parsing info during refresh. "On-the-fly" syntax checking information may be incorrect. [C:\Users\Lenovo\Desktop\Letnik3\DN\Project\Project01\Project01.srcs\sources_1\new\i2c_master.sv:]
WARNING: [filemgmt 56-199] Attempt to get parsing info during refresh. "On-the-fly" syntax checking information may be incorrect. [C:\Users\Lenovo\Desktop\Letnik3\DN\Project\Project01\Project01.srcs\sources_1\new\APB_uart.sv:]
WARNING: [filemgmt 56-199] Attempt to get parsing info during refresh. "On-the-fly" syntax checking information may be incorrect. [C:\Users\Lenovo\Desktop\Letnik3\DN\Project\Project01\Project01.srcs\sources_1\new\APB_i2c.sv:]
WARNING: [filemgmt 56-199] Attempt to get parsing info during refresh. "On-the-fly" syntax checking information may be incorrect. [C:\Users\Lenovo\Desktop\Letnik3\DN\Project\Project01\Project01.srcs\sources_1\new\top.sv:]
WARNING: [filemgmt 56-199] Attempt to get parsing info during refresh. "On-the-fly" syntax checking information may be incorrect. [C:\Users\Lenovo\Desktop\Letnik3\DN\Project\Project01\Project01.srcs\sources_1\new\APB_uart.sv:]
WARNING: [filemgmt 56-199] Attempt to get parsing info during refresh. "On-the-fly" syntax checking information may be incorrect. [C:\Users\Lenovo\Desktop\Letnik3\DN\Project\Project01\Project01.srcs\sources_1\new\APB_uart.sv:]
WARNING: [filemgmt 56-199] Attempt to get parsing info during refresh. "On-the-fly" syntax checking information may be incorrect. [C:\Users\Lenovo\Desktop\Letnik3\DN\Project\Project01\Project01.srcs\sources_1\new\i2c_tmp102_master.sv:]
WARNING: [filemgmt 56-199] Attempt to get parsing info during refresh. "On-the-fly" syntax checking information may be incorrect. [C:\Users\Lenovo\Desktop\Letnik3\DN\Project\Project01\Project01.srcs\sources_1\new\i2c_master.sv:]
WARNING: [filemgmt 56-199] Attempt to get parsing info during refresh. "On-the-fly" syntax checking information may be incorrect. [C:\Users\Lenovo\Desktop\Letnik3\DN\Project\Project01\Project01.srcs\sources_1\new\APB_uart.sv:]
WARNING: [filemgmt 56-199] Attempt to get parsing info during refresh. "On-the-fly" syntax checking information may be incorrect. [C:\Users\Lenovo\Desktop\Letnik3\DN\Project\Project01\Project01.srcs\sources_1\new\APB_i2c.sv:]
WARNING: [filemgmt 56-199] Attempt to get parsing info during refresh. "On-the-fly" syntax checking information may be incorrect. [C:\Users\Lenovo\Desktop\Letnik3\DN\Project\Project01\Project01.srcs\sources_1\new\top.sv:]
WARNING: [filemgmt 56-199] Attempt to get parsing info during refresh. "On-the-fly" syntax checking information may be incorrect. [C:\Users\Lenovo\Desktop\Letnik3\DN\Project\Project01\Project01.srcs\sources_1\new\APB_i2c.sv:]
WARNING: [filemgmt 56-199] Attempt to get parsing info during refresh. "On-the-fly" syntax checking information may be incorrect. [C:\Users\Lenovo\Desktop\Letnik3\DN\Project\Project01\Project01.srcs\sources_1\new\APB_i2c.sv:]
ERROR: [Common 17-180] Spawn failed: The operation completed successfully.

reset_run impl_1 -prev_step 
launch_runs impl_1 -to_step write_bitstream -jobs 6
[Sun Jan 25 01:49:18 2026] Launched impl_1...
Run output will be captured here: C:/Users/Lenovo/Desktop/Letnik3/DN/Project/Project01/Project01.runs/impl_1/runme.log
set_property PROBES.FILE {} [get_hw_devices xc7a50t_0]
set_property FULL_PROBES.FILE {} [get_hw_devices xc7a50t_0]
set_property PROGRAM.FILE {C:/Users/Lenovo/Desktop/Letnik3/DN/Project/Project01/Project01.runs/impl_1/top.bit} [get_hw_devices xc7a50t_0]
program_hw_devices [get_hw_devices xc7a50t_0]
INFO: [Labtools 27-3164] End of startup status: HIGH
refresh_hw_device [lindex [get_hw_devices xc7a50t_0] 0]
INFO: [Labtools 27-1434] Device xc7a50t (JTAG device index = 0) is programmed with a design that has no supported debug core(s) in it.
set_property PROBES.FILE {} [get_hw_devices xc7a50t_0]
set_property FULL_PROBES.FILE {} [get_hw_devices xc7a50t_0]
set_property PROGRAM.FILE {C:/Users/Lenovo/Desktop/Letnik3/DN/Project/Project01/Project01.runs/impl_1/top.bit} [get_hw_devices xc7a50t_0]
program_hw_devices [get_hw_devices xc7a50t_0]
INFO: [Labtools 27-3164] End of startup status: HIGH
refresh_hw_device [lindex [get_hw_devices xc7a50t_0] 0]
INFO: [Labtools 27-1434] Device xc7a50t (JTAG device index = 0) is programmed with a design that has no supported debug core(s) in it.
WARNING: [filemgmt 56-199] Attempt to get parsing info during refresh. "On-the-fly" syntax checking information may be incorrect. [C:\Users\Lenovo\Desktop\Letnik3\DN\Project\Project01\Project01.srcs\sources_1\new\i2c_tmp102_master.sv:]
WARNING: [filemgmt 56-199] Attempt to get parsing info during refresh. "On-the-fly" syntax checking information may be incorrect. [C:\Users\Lenovo\Desktop\Letnik3\DN\Project\Project01\Project01.srcs\sources_1\new\i2c_master.sv:]
WARNING: [filemgmt 56-199] Attempt to get parsing info during refresh. "On-the-fly" syntax checking information may be incorrect. [C:\Users\Lenovo\Desktop\Letnik3\DN\Project\Project01\Project01.srcs\sources_1\new\APB_uart.sv:]
WARNING: [filemgmt 56-199] Attempt to get parsing info during refresh. "On-the-fly" syntax checking information may be incorrect. [C:\Users\Lenovo\Desktop\Letnik3\DN\Project\Project01\Project01.srcs\sources_1\new\APB_i2c.sv:]
WARNING: [filemgmt 56-199] Attempt to get parsing info during refresh. "On-the-fly" syntax checking information may be incorrect. [C:\Users\Lenovo\Desktop\Letnik3\DN\Project\Project01\Project01.srcs\sources_1\new\top.sv:]
WARNING: [filemgmt 56-199] Attempt to get parsing info during refresh. "On-the-fly" syntax checking information may be incorrect. [C:\Users\Lenovo\Desktop\Letnik3\DN\Project\Project01\Project01.srcs\sources_1\new\top.sv:]
WARNING: [filemgmt 56-199] Attempt to get parsing info during refresh. "On-the-fly" syntax checking information may be incorrect. [C:\Users\Lenovo\Desktop\Letnik3\DN\Project\Project01\Project01.srcs\sources_1\new\top.sv:]
WARNING: [filemgmt 56-199] Attempt to get parsing info during refresh. "On-the-fly" syntax checking information may be incorrect. [C:\Users\Lenovo\Desktop\Letnik3\DN\Project\Project01\Project01.srcs\sources_1\new\i2c_tmp102_master.sv:]
WARNING: [filemgmt 56-199] Attempt to get parsing info during refresh. "On-the-fly" syntax checking information may be incorrect. [C:\Users\Lenovo\Desktop\Letnik3\DN\Project\Project01\Project01.srcs\sources_1\new\i2c_master.sv:]
WARNING: [filemgmt 56-199] Attempt to get parsing info during refresh. "On-the-fly" syntax checking information may be incorrect. [C:\Users\Lenovo\Desktop\Letnik3\DN\Project\Project01\Project01.srcs\sources_1\new\APB_uart.sv:]
WARNING: [filemgmt 56-199] Attempt to get parsing info during refresh. "On-the-fly" syntax checking information may be incorrect. [C:\Users\Lenovo\Desktop\Letnik3\DN\Project\Project01\Project01.srcs\sources_1\new\APB_i2c.sv:]
WARNING: [filemgmt 56-199] Attempt to get parsing info during refresh. "On-the-fly" syntax checking information may be incorrect. [C:\Users\Lenovo\Desktop\Letnik3\DN\Project\Project01\Project01.srcs\sources_1\new\top.sv:]
WARNING: [filemgmt 56-199] Attempt to get parsing info during refresh. "On-the-fly" syntax checking information may be incorrect. [C:\Users\Lenovo\Desktop\Letnik3\DN\Project\Project01\Project01.srcs\sources_1\new\APB_uart.sv:]
WARNING: [filemgmt 56-199] Attempt to get parsing info during refresh. "On-the-fly" syntax checking information may be incorrect. [C:\Users\Lenovo\Desktop\Letnik3\DN\Project\Project01\Project01.srcs\sources_1\new\APB_uart.sv:]
close_hw_manager
reset_run synth_1
INFO: [Project 1-1161] Replacing file C:/Users/Lenovo/Desktop/Letnik3/DN/Project/Project01/Project01.srcs/utils_1/imports/synth_1/top.dcp with file C:/Users/Lenovo/Desktop/Letnik3/DN/Project/Project01/Project01.runs/synth_1/top.dcp
launch_runs impl_1 -to_step write_bitstream -jobs 6
[Sun Jan 25 02:01:55 2026] Launched synth_1...
Run output will be captured here: C:/Users/Lenovo/Desktop/Letnik3/DN/Project/Project01/Project01.runs/synth_1/runme.log
[Sun Jan 25 02:01:55 2026] Launched impl_1...
Run output will be captured here: C:/Users/Lenovo/Desktop/Letnik3/DN/Project/Project01/Project01.runs/impl_1/runme.log
WARNING: [filemgmt 56-199] Attempt to get parsing info during refresh. "On-the-fly" syntax checking information may be incorrect. [C:\Users\Lenovo\Desktop\Letnik3\DN\Project\Project01\Project01.srcs\sources_1\new\i2c_tmp102_master.sv:]
WARNING: [filemgmt 56-199] Attempt to get parsing info during refresh. "On-the-fly" syntax checking information may be incorrect. [C:\Users\Lenovo\Desktop\Letnik3\DN\Project\Project01\Project01.srcs\sources_1\new\i2c_master.sv:]
WARNING: [filemgmt 56-199] Attempt to get parsing info during refresh. "On-the-fly" syntax checking information may be incorrect. [C:\Users\Lenovo\Desktop\Letnik3\DN\Project\Project01\Project01.srcs\sources_1\new\APB_uart.sv:]
WARNING: [filemgmt 56-199] Attempt to get parsing info during refresh. "On-the-fly" syntax checking information may be incorrect. [C:\Users\Lenovo\Desktop\Letnik3\DN\Project\Project01\Project01.srcs\sources_1\new\APB_i2c.sv:]
WARNING: [filemgmt 56-199] Attempt to get parsing info during refresh. "On-the-fly" syntax checking information may be incorrect. [C:\Users\Lenovo\Desktop\Letnik3\DN\Project\Project01\Project01.srcs\sources_1\new\top.sv:]
WARNING: [filemgmt 56-199] Attempt to get parsing info during refresh. "On-the-fly" syntax checking information may be incorrect. [C:\Users\Lenovo\Desktop\Letnik3\DN\Project\Project01\Project01.srcs\sources_1\new\top.sv:]
WARNING: [filemgmt 56-199] Attempt to get parsing info during refresh. "On-the-fly" syntax checking information may be incorrect. [C:\Users\Lenovo\Desktop\Letnik3\DN\Project\Project01\Project01.srcs\sources_1\new\top.sv:]
WARNING: [filemgmt 56-199] Attempt to get parsing info during refresh. "On-the-fly" syntax checking information may be incorrect. [C:\Users\Lenovo\Desktop\Letnik3\DN\Project\Project01\Project01.srcs\sources_1\new\i2c_tmp102_master.sv:]
WARNING: [filemgmt 56-199] Attempt to get parsing info during refresh. "On-the-fly" syntax checking information may be incorrect. [C:\Users\Lenovo\Desktop\Letnik3\DN\Project\Project01\Project01.srcs\sources_1\new\i2c_master.sv:]
WARNING: [filemgmt 56-199] Attempt to get parsing info during refresh. "On-the-fly" syntax checking information may be incorrect. [C:\Users\Lenovo\Desktop\Letnik3\DN\Project\Project01\Project01.srcs\sources_1\new\APB_uart.sv:]
WARNING: [filemgmt 56-199] Attempt to get parsing info during refresh. "On-the-fly" syntax checking information may be incorrect. [C:\Users\Lenovo\Desktop\Letnik3\DN\Project\Project01\Project01.srcs\sources_1\new\APB_i2c.sv:]
WARNING: [filemgmt 56-199] Attempt to get parsing info during refresh. "On-the-fly" syntax checking information may be incorrect. [C:\Users\Lenovo\Desktop\Letnik3\DN\Project\Project01\Project01.srcs\sources_1\new\top.sv:]
WARNING: [filemgmt 56-199] Attempt to get parsing info during refresh. "On-the-fly" syntax checking information may be incorrect. [C:\Users\Lenovo\Desktop\Letnik3\DN\Project\Project01\Project01.srcs\sources_1\new\APB_uart.sv:]
WARNING: [filemgmt 56-199] Attempt to get parsing info during refresh. "On-the-fly" syntax checking information may be incorrect. [C:\Users\Lenovo\Desktop\Letnik3\DN\Project\Project01\Project01.srcs\sources_1\new\APB_uart.sv:]
open_hw_manager
connect_hw_server -allow_non_jtag
INFO: [Labtools 27-2285] Connecting to hw_server url TCP:localhost:3121
INFO: [Labtools 27-2222] Launching hw_server...
INFO: [Labtools 27-2221] Launch Output:

****** Xilinx hw_server v2025.1
  **** Build date : May  6 2025 at 09:15:36
    ** Copyright 1986-2022 Xilinx, Inc. All Rights Reserved.


INFO: [Labtools 27-3415] Connecting to cs_server url TCP:localhost:0
INFO: [Labtools 27-3417] Launching cs_server...
INFO: [Labtools 27-2221] Launch Output:


******** Xilinx cs_server v2025.1.0
  ****** Build date   : May 13 2025-21:15:27
    **** Build number : 2025.1.1747163727
      ** Copyright 2017-2022 Xilinx, Inc. All Rights Reserved.
      ** Copyright 2022-2026 Advanced Micro Devices, Inc. All Rights Reserved.



connect_hw_server: Time (s): cpu = 00:00:01 ; elapsed = 00:00:06 . Memory (MB): peak = 4096.906 ; gain = 0.000
open_hw_target
INFO: [Labtoolstcl 44-466] Opening hw_target localhost:3121/xilinx_tcf/Digilent/210292AA7E5EA
set_property PROGRAM.FILE {C:/Users/Lenovo/Desktop/Letnik3/DN/Project/Project01/Project01.runs/impl_1/top.bit} [get_hw_devices xc7a50t_0]
current_hw_device [get_hw_devices xc7a50t_0]
refresh_hw_device -update_hw_probes false [lindex [get_hw_devices xc7a50t_0] 0]
INFO: [Labtools 27-1434] Device xc7a50t (JTAG device index = 0) is programmed with a design that has no supported debug core(s) in it.
set_property PROBES.FILE {} [get_hw_devices xc7a50t_0]
set_property FULL_PROBES.FILE {} [get_hw_devices xc7a50t_0]
set_property PROGRAM.FILE {C:/Users/Lenovo/Desktop/Letnik3/DN/Project/Project01/Project01.runs/impl_1/top.bit} [get_hw_devices xc7a50t_0]
program_hw_devices [get_hw_devices xc7a50t_0]
INFO: [Labtools 27-3164] End of startup status: HIGH
refresh_hw_device [lindex [get_hw_devices xc7a50t_0] 0]
INFO: [Labtools 27-1434] Device xc7a50t (JTAG device index = 0) is programmed with a design that has no supported debug core(s) in it.
reset_run impl_1 -prev_step 
launch_runs impl_1 -to_step write_bitstream -jobs 6
[Sun Jan 25 02:09:36 2026] Launched impl_1...
Run output will be captured here: C:/Users/Lenovo/Desktop/Letnik3/DN/Project/Project01/Project01.runs/impl_1/runme.log
reset_run impl_1 -prev_step 
reset_run synth_1
INFO: [Project 1-1161] Replacing file C:/Users/Lenovo/Desktop/Letnik3/DN/Project/Project01/Project01.srcs/utils_1/imports/synth_1/top.dcp with file C:/Users/Lenovo/Desktop/Letnik3/DN/Project/Project01/Project01.runs/synth_1/top.dcp
launch_runs impl_1 -to_step write_bitstream -jobs 6
[Sun Jan 25 02:10:17 2026] Launched synth_1...
Run output will be captured here: C:/Users/Lenovo/Desktop/Letnik3/DN/Project/Project01/Project01.runs/synth_1/runme.log
[Sun Jan 25 02:10:17 2026] Launched impl_1...
Run output will be captured here: C:/Users/Lenovo/Desktop/Letnik3/DN/Project/Project01/Project01.runs/impl_1/runme.log
WARNING: [Vivado 12-818] No files matched ''
ERROR: [Common 17-55] 'get_property' expects at least one object.
Resolution: If [get_<value>] was used to populate the object, check to make sure this command returns at least one valid object.
write_hw_platform -fixed -include_bit -force -file C:/Users/Lenovo/Desktop/Letnik3/DN/Project/Project01/top.xsa
INFO: [Project 1-1918] Creating Hardware Platform: C:/Users/Lenovo/Desktop/Letnik3/DN/Project/Project01/top.xsa ...
INFO: [Project 1-1943] The Hardware Platform can be used for Hardware
INFO: [Project 1-1941] Successfully created Hardware Platform: C:/Users/Lenovo/Desktop/Letnik3/DN/Project/Project01/top.xsa
WARNING: [filemgmt 56-199] Attempt to get parsing info during refresh. "On-the-fly" syntax checking information may be incorrect. [C:\Users\Lenovo\Desktop\Letnik3\DN\Project\Project01\Project01.srcs\sources_1\new\i2c_tmp102_master.sv:]
WARNING: [filemgmt 56-199] Attempt to get parsing info during refresh. "On-the-fly" syntax checking information may be incorrect. [C:\Users\Lenovo\Desktop\Letnik3\DN\Project\Project01\Project01.srcs\sources_1\new\i2c_master.sv:]
WARNING: [filemgmt 56-199] Attempt to get parsing info during refresh. "On-the-fly" syntax checking information may be incorrect. [C:\Users\Lenovo\Desktop\Letnik3\DN\Project\Project01\Project01.srcs\sources_1\new\APB_uart.sv:]
WARNING: [filemgmt 56-199] Attempt to get parsing info during refresh. "On-the-fly" syntax checking information may be incorrect. [C:\Users\Lenovo\Desktop\Letnik3\DN\Project\Project01\Project01.srcs\sources_1\new\APB_i2c.sv:]
WARNING: [filemgmt 56-199] Attempt to get parsing info during refresh. "On-the-fly" syntax checking information may be incorrect. [C:\Users\Lenovo\Desktop\Letnik3\DN\Project\Project01\Project01.srcs\sources_1\new\top.sv:]
WARNING: [filemgmt 56-199] Attempt to get parsing info during refresh. "On-the-fly" syntax checking information may be incorrect. [C:\Users\Lenovo\Desktop\Letnik3\DN\Project\Project01\Project01.srcs\sources_1\new\top.sv:]
WARNING: [filemgmt 56-199] Attempt to get parsing info during refresh. "On-the-fly" syntax checking information may be incorrect. [C:\Users\Lenovo\Desktop\Letnik3\DN\Project\Project01\Project01.srcs\sources_1\new\top.sv:]
WARNING: [filemgmt 56-199] Attempt to get parsing info during refresh. "On-the-fly" syntax checking information may be incorrect. [C:\Users\Lenovo\Desktop\Letnik3\DN\Project\Project01\Project01.srcs\sources_1\new\i2c_tmp102_master.sv:]
WARNING: [filemgmt 56-199] Attempt to get parsing info during refresh. "On-the-fly" syntax checking information may be incorrect. [C:\Users\Lenovo\Desktop\Letnik3\DN\Project\Project01\Project01.srcs\sources_1\new\i2c_master.sv:]
WARNING: [filemgmt 56-199] Attempt to get parsing info during refresh. "On-the-fly" syntax checking information may be incorrect. [C:\Users\Lenovo\Desktop\Letnik3\DN\Project\Project01\Project01.srcs\sources_1\new\APB_uart.sv:]
WARNING: [filemgmt 56-199] Attempt to get parsing info during refresh. "On-the-fly" syntax checking information may be incorrect. [C:\Users\Lenovo\Desktop\Letnik3\DN\Project\Project01\Project01.srcs\sources_1\new\APB_i2c.sv:]
WARNING: [filemgmt 56-199] Attempt to get parsing info during refresh. "On-the-fly" syntax checking information may be incorrect. [C:\Users\Lenovo\Desktop\Letnik3\DN\Project\Project01\Project01.srcs\sources_1\new\top.sv:]
WARNING: [filemgmt 56-199] Attempt to get parsing info during refresh. "On-the-fly" syntax checking information may be incorrect. [C:\Users\Lenovo\Desktop\Letnik3\DN\Project\Project01\Project01.srcs\sources_1\new\APB_uart.sv:]
WARNING: [filemgmt 56-199] Attempt to get parsing info during refresh. "On-the-fly" syntax checking information may be incorrect. [C:\Users\Lenovo\Desktop\Letnik3\DN\Project\Project01\Project01.srcs\sources_1\new\APB_uart.sv:]
reset_run impl_1 -prev_step 
launch_runs impl_1 -to_step write_bitstream -jobs 6
[Sun Jan 25 02:13:18 2026] Launched impl_1...
Run output will be captured here: C:/Users/Lenovo/Desktop/Letnik3/DN/Project/Project01/Project01.runs/impl_1/runme.log
set_property PROBES.FILE {} [get_hw_devices xc7a50t_0]
set_property FULL_PROBES.FILE {} [get_hw_devices xc7a50t_0]
set_property PROGRAM.FILE {C:/Users/Lenovo/Desktop/Letnik3/DN/Project/Project01/Project01.runs/impl_1/top.bit} [get_hw_devices xc7a50t_0]
program_hw_devices [get_hw_devices xc7a50t_0]
INFO: [Labtools 27-3164] End of startup status: HIGH
refresh_hw_device [lindex [get_hw_devices xc7a50t_0] 0]
INFO: [Labtools 27-1434] Device xc7a50t (JTAG device index = 0) is programmed with a design that has no supported debug core(s) in it.
WARNING: [filemgmt 56-199] Attempt to get parsing info during refresh. "On-the-fly" syntax checking information may be incorrect. [C:\Users\Lenovo\Desktop\Letnik3\DN\Project\Project01\Project01.srcs\sources_1\new\i2c_tmp102_master.sv:]
WARNING: [filemgmt 56-199] Attempt to get parsing info during refresh. "On-the-fly" syntax checking information may be incorrect. [C:\Users\Lenovo\Desktop\Letnik3\DN\Project\Project01\Project01.srcs\sources_1\new\i2c_master.sv:]
WARNING: [filemgmt 56-199] Attempt to get parsing info during refresh. "On-the-fly" syntax checking information may be incorrect. [C:\Users\Lenovo\Desktop\Letnik3\DN\Project\Project01\Project01.srcs\sources_1\new\APB_uart.sv:]
WARNING: [filemgmt 56-199] Attempt to get parsing info during refresh. "On-the-fly" syntax checking information may be incorrect. [C:\Users\Lenovo\Desktop\Letnik3\DN\Project\Project01\Project01.srcs\sources_1\new\APB_i2c.sv:]
WARNING: [filemgmt 56-199] Attempt to get parsing info during refresh. "On-the-fly" syntax checking information may be incorrect. [C:\Users\Lenovo\Desktop\Letnik3\DN\Project\Project01\Project01.srcs\sources_1\new\top.sv:]
WARNING: [filemgmt 56-199] Attempt to get parsing info during refresh. "On-the-fly" syntax checking information may be incorrect. [C:\Users\Lenovo\Desktop\Letnik3\DN\Project\Project01\Project01.srcs\sources_1\new\APB_uart.sv:]
WARNING: [filemgmt 56-199] Attempt to get parsing info during refresh. "On-the-fly" syntax checking information may be incorrect. [C:\Users\Lenovo\Desktop\Letnik3\DN\Project\Project01\Project01.srcs\sources_1\new\APB_uart.sv:]
WARNING: [filemgmt 56-199] Attempt to get parsing info during refresh. "On-the-fly" syntax checking information may be incorrect. [C:\Users\Lenovo\Desktop\Letnik3\DN\Project\Project01\Project01.srcs\sources_1\new\i2c_tmp102_master.sv:]
WARNING: [filemgmt 56-199] Attempt to get parsing info during refresh. "On-the-fly" syntax checking information may be incorrect. [C:\Users\Lenovo\Desktop\Letnik3\DN\Project\Project01\Project01.srcs\sources_1\new\i2c_master.sv:]
WARNING: [filemgmt 56-199] Attempt to get parsing info during refresh. "On-the-fly" syntax checking information may be incorrect. [C:\Users\Lenovo\Desktop\Letnik3\DN\Project\Project01\Project01.srcs\sources_1\new\APB_uart.sv:]
WARNING: [filemgmt 56-199] Attempt to get parsing info during refresh. "On-the-fly" syntax checking information may be incorrect. [C:\Users\Lenovo\Desktop\Letnik3\DN\Project\Project01\Project01.srcs\sources_1\new\APB_i2c.sv:]
WARNING: [filemgmt 56-199] Attempt to get parsing info during refresh. "On-the-fly" syntax checking information may be incorrect. [C:\Users\Lenovo\Desktop\Letnik3\DN\Project\Project01\Project01.srcs\sources_1\new\top.sv:]
WARNING: [filemgmt 56-199] Attempt to get parsing info during refresh. "On-the-fly" syntax checking information may be incorrect. [C:\Users\Lenovo\Desktop\Letnik3\DN\Project\Project01\Project01.srcs\sources_1\new\top.sv:]
WARNING: [filemgmt 56-199] Attempt to get parsing info during refresh. "On-the-fly" syntax checking information may be incorrect. [C:\Users\Lenovo\Desktop\Letnik3\DN\Project\Project01\Project01.srcs\sources_1\new\top.sv:]
reset_run synth_1
INFO: [Project 1-1161] Replacing file C:/Users/Lenovo/Desktop/Letnik3/DN/Project/Project01/Project01.srcs/utils_1/imports/synth_1/top.dcp with file C:/Users/Lenovo/Desktop/Letnik3/DN/Project/Project01/Project01.runs/synth_1/top.dcp
launch_runs impl_1 -to_step write_bitstream -jobs 6
WARNING: [filemgmt 56-199] Attempt to get parsing info during refresh. "On-the-fly" syntax checking information may be incorrect. [C:\Users\Lenovo\Desktop\Letnik3\DN\Project\Project01\Project01.srcs\sources_1\new\i2c_tmp102_master.sv:]
WARNING: [filemgmt 56-199] Attempt to get parsing info during refresh. "On-the-fly" syntax checking information may be incorrect. [C:\Users\Lenovo\Desktop\Letnik3\DN\Project\Project01\Project01.srcs\sources_1\new\i2c_master.sv:]
WARNING: [filemgmt 56-199] Attempt to get parsing info during refresh. "On-the-fly" syntax checking information may be incorrect. [C:\Users\Lenovo\Desktop\Letnik3\DN\Project\Project01\Project01.srcs\sources_1\new\APB_uart.sv:]
WARNING: [filemgmt 56-199] Attempt to get parsing info during refresh. "On-the-fly" syntax checking information may be incorrect. [C:\Users\Lenovo\Desktop\Letnik3\DN\Project\Project01\Project01.srcs\sources_1\new\APB_i2c.sv:]
WARNING: [filemgmt 56-199] Attempt to get parsing info during refresh. "On-the-fly" syntax checking information may be incorrect. [C:\Users\Lenovo\Desktop\Letnik3\DN\Project\Project01\Project01.srcs\sources_1\new\top.sv:]
WARNING: [filemgmt 56-199] Attempt to get parsing info during refresh. "On-the-fly" syntax checking information may be incorrect. [C:\Users\Lenovo\Desktop\Letnik3\DN\Project\Project01\Project01.srcs\sources_1\new\APB_uart.sv:]
WARNING: [filemgmt 56-199] Attempt to get parsing info during refresh. "On-the-fly" syntax checking information may be incorrect. [C:\Users\Lenovo\Desktop\Letnik3\DN\Project\Project01\Project01.srcs\sources_1\new\APB_uart.sv:]
WARNING: [filemgmt 56-199] Attempt to get parsing info during refresh. "On-the-fly" syntax checking information may be incorrect. [C:\Users\Lenovo\Desktop\Letnik3\DN\Project\Project01\Project01.srcs\sources_1\new\i2c_tmp102_master.sv:]
WARNING: [filemgmt 56-199] Attempt to get parsing info during refresh. "On-the-fly" syntax checking information may be incorrect. [C:\Users\Lenovo\Desktop\Letnik3\DN\Project\Project01\Project01.srcs\sources_1\new\i2c_master.sv:]
WARNING: [filemgmt 56-199] Attempt to get parsing info during refresh. "On-the-fly" syntax checking information may be incorrect. [C:\Users\Lenovo\Desktop\Letnik3\DN\Project\Project01\Project01.srcs\sources_1\new\APB_uart.sv:]
WARNING: [filemgmt 56-199] Attempt to get parsing info during refresh. "On-the-fly" syntax checking information may be incorrect. [C:\Users\Lenovo\Desktop\Letnik3\DN\Project\Project01\Project01.srcs\sources_1\new\APB_i2c.sv:]
WARNING: [filemgmt 56-199] Attempt to get parsing info during refresh. "On-the-fly" syntax checking information may be incorrect. [C:\Users\Lenovo\Desktop\Letnik3\DN\Project\Project01\Project01.srcs\sources_1\new\top.sv:]
WARNING: [filemgmt 56-199] Attempt to get parsing info during refresh. "On-the-fly" syntax checking information may be incorrect. [C:\Users\Lenovo\Desktop\Letnik3\DN\Project\Project01\Project01.srcs\sources_1\new\top.sv:]
WARNING: [filemgmt 56-199] Attempt to get parsing info during refresh. "On-the-fly" syntax checking information may be incorrect. [C:\Users\Lenovo\Desktop\Letnik3\DN\Project\Project01\Project01.srcs\sources_1\new\top.sv:]
[Sun Jan 25 02:17:38 2026] Launched synth_1...
Run output will be captured here: C:/Users/Lenovo/Desktop/Letnik3/DN/Project/Project01/Project01.runs/synth_1/runme.log
[Sun Jan 25 02:17:38 2026] Launched impl_1...
Run output will be captured here: C:/Users/Lenovo/Desktop/Letnik3/DN/Project/Project01/Project01.runs/impl_1/runme.log
reset_run synth_1
launch_runs impl_1 -to_step write_bitstream -jobs 6
[Sun Jan 25 02:20:58 2026] Launched synth_1...
Run output will be captured here: C:/Users/Lenovo/Desktop/Letnik3/DN/Project/Project01/Project01.runs/synth_1/runme.log
[Sun Jan 25 02:20:58 2026] Launched impl_1...
Run output will be captured here: C:/Users/Lenovo/Desktop/Letnik3/DN/Project/Project01/Project01.runs/impl_1/runme.log
WARNING: [Vivado 12-818] No files matched ''
ERROR: [Common 17-55] 'get_property' expects at least one object.
Resolution: If [get_<value>] was used to populate the object, check to make sure this command returns at least one valid object.
write_hw_platform -fixed -include_bit -force -file C:/Users/Lenovo/Desktop/Letnik3/DN/Project/Project01/top.xsa
INFO: [Project 1-1918] Creating Hardware Platform: C:/Users/Lenovo/Desktop/Letnik3/DN/Project/Project01/top.xsa ...
INFO: [Project 1-1943] The Hardware Platform can be used for Hardware
INFO: [Project 1-1941] Successfully created Hardware Platform: C:/Users/Lenovo/Desktop/Letnik3/DN/Project/Project01/top.xsa
reset_run impl_1 -prev_step 
launch_runs impl_1 -to_step write_bitstream -jobs 6
[Sun Jan 25 02:23:49 2026] Launched impl_1...
Run output will be captured here: C:/Users/Lenovo/Desktop/Letnik3/DN/Project/Project01/Project01.runs/impl_1/runme.log
set_property PROBES.FILE {} [get_hw_devices xc7a50t_0]
set_property FULL_PROBES.FILE {} [get_hw_devices xc7a50t_0]
set_property PROGRAM.FILE {C:/Users/Lenovo/Desktop/Letnik3/DN/Project/Project01/Project01.runs/impl_1/top.bit} [get_hw_devices xc7a50t_0]
program_hw_devices [get_hw_devices xc7a50t_0]
INFO: [Labtools 27-3164] End of startup status: HIGH
refresh_hw_device [lindex [get_hw_devices xc7a50t_0] 0]
INFO: [Labtools 27-1434] Device xc7a50t (JTAG device index = 0) is programmed with a design that has no supported debug core(s) in it.
reset_run impl_1 -prev_step 
launch_runs impl_1 -to_step write_bitstream -jobs 6
[Sun Jan 25 02:25:43 2026] Launched impl_1...
Run output will be captured here: C:/Users/Lenovo/Desktop/Letnik3/DN/Project/Project01/Project01.runs/impl_1/runme.log
WARNING: [Vivado 12-818] No files matched ''
ERROR: [Common 17-55] 'get_property' expects at least one object.
Resolution: If [get_<value>] was used to populate the object, check to make sure this command returns at least one valid object.
reset_run synth_1
INFO: [Project 1-1161] Replacing file C:/Users/Lenovo/Desktop/Letnik3/DN/Project/Project01/Project01.srcs/utils_1/imports/synth_1/top.dcp with file C:/Users/Lenovo/Desktop/Letnik3/DN/Project/Project01/Project01.runs/synth_1/top.dcp
launch_runs impl_1 -to_step write_bitstream -jobs 6
[Sun Jan 25 02:26:50 2026] Launched synth_1...
Run output will be captured here: C:/Users/Lenovo/Desktop/Letnik3/DN/Project/Project01/Project01.runs/synth_1/runme.log
[Sun Jan 25 02:26:50 2026] Launched impl_1...
Run output will be captured here: C:/Users/Lenovo/Desktop/Letnik3/DN/Project/Project01/Project01.runs/impl_1/runme.log
set_property PROBES.FILE {} [get_hw_devices xc7a50t_0]
set_property FULL_PROBES.FILE {} [get_hw_devices xc7a50t_0]
set_property PROGRAM.FILE {C:/Users/Lenovo/Desktop/Letnik3/DN/Project/Project01/Project01.runs/impl_1/top.bit} [get_hw_devices xc7a50t_0]
program_hw_devices [get_hw_devices xc7a50t_0]
INFO: [Labtools 27-3164] End of startup status: HIGH
refresh_hw_device [lindex [get_hw_devices xc7a50t_0] 0]
INFO: [Labtools 27-1434] Device xc7a50t (JTAG device index = 0) is programmed with a design that has no supported debug core(s) in it.
reset_run impl_1 -prev_step 
launch_runs impl_1 -to_step write_bitstream -jobs 6
[Sun Jan 25 02:36:49 2026] Launched impl_1...
Run output will be captured here: C:/Users/Lenovo/Desktop/Letnik3/DN/Project/Project01/Project01.runs/impl_1/runme.log
reset_run impl_1 -prev_step 
WARNING: [Vivado 12-1017] Problems encountered:
1. Couldn't access process for termination

reset_run synth_1
WARNING: [Vivado 12-1017] Problems encountered:
1. Couldn't access process for termination

launch_runs impl_1 -to_step write_bitstream -jobs 6
[Sun Jan 25 02:36:58 2026] Launched impl_1...
Run output will be captured here: C:/Users/Lenovo/Desktop/Letnik3/DN/Project/Project01/Project01.runs/impl_1/runme.log
reset_run synth_1
INFO: [Project 1-1161] Replacing file C:/Users/Lenovo/Desktop/Letnik3/DN/Project/Project01/Project01.srcs/utils_1/imports/synth_1/top.dcp with file C:/Users/Lenovo/Desktop/Letnik3/DN/Project/Project01/Project01.runs/synth_1/top.dcp
launch_runs impl_1 -to_step write_bitstream -jobs 6
[Sun Jan 25 02:38:40 2026] Launched synth_1...
Run output will be captured here: C:/Users/Lenovo/Desktop/Letnik3/DN/Project/Project01/Project01.runs/synth_1/runme.log
[Sun Jan 25 02:38:40 2026] Launched impl_1...
Run output will be captured here: C:/Users/Lenovo/Desktop/Letnik3/DN/Project/Project01/Project01.runs/impl_1/runme.log
WARNING: [Vivado 12-818] No files matched ''
ERROR: [Common 17-55] 'get_property' expects at least one object.
Resolution: If [get_<value>] was used to populate the object, check to make sure this command returns at least one valid object.
write_hw_platform -fixed -include_bit -force -file C:/Users/Lenovo/Desktop/Letnik3/DN/Project/Project01/top.xsa
INFO: [Project 1-1918] Creating Hardware Platform: C:/Users/Lenovo/Desktop/Letnik3/DN/Project/Project01/top.xsa ...
INFO: [Project 1-1943] The Hardware Platform can be used for Hardware
INFO: [Project 1-1941] Successfully created Hardware Platform: C:/Users/Lenovo/Desktop/Letnik3/DN/Project/Project01/top.xsa
WARNING: [filemgmt 56-199] Attempt to get parsing info during refresh. "On-the-fly" syntax checking information may be incorrect. [C:\Users\Lenovo\Desktop\Letnik3\DN\Project\Project01\Project01.srcs\sources_1\new\i2c_tmp102_master.sv:]
WARNING: [filemgmt 56-199] Attempt to get parsing info during refresh. "On-the-fly" syntax checking information may be incorrect. [C:\Users\Lenovo\Desktop\Letnik3\DN\Project\Project01\Project01.srcs\sources_1\new\i2c_master.sv:]
WARNING: [filemgmt 56-199] Attempt to get parsing info during refresh. "On-the-fly" syntax checking information may be incorrect. [C:\Users\Lenovo\Desktop\Letnik3\DN\Project\Project01\Project01.srcs\sources_1\new\APB_uart.sv:]
WARNING: [filemgmt 56-199] Attempt to get parsing info during refresh. "On-the-fly" syntax checking information may be incorrect. [C:\Users\Lenovo\Desktop\Letnik3\DN\Project\Project01\Project01.srcs\sources_1\new\APB_i2c.sv:]
WARNING: [filemgmt 56-199] Attempt to get parsing info during refresh. "On-the-fly" syntax checking information may be incorrect. [C:\Users\Lenovo\Desktop\Letnik3\DN\Project\Project01\Project01.srcs\sources_1\new\top.sv:]
WARNING: [filemgmt 56-199] Attempt to get parsing info during refresh. "On-the-fly" syntax checking information may be incorrect. [C:\Users\Lenovo\Desktop\Letnik3\DN\Project\Project01\Project01.srcs\sources_1\new\APB_uart.sv:]
WARNING: [filemgmt 56-199] Attempt to get parsing info during refresh. "On-the-fly" syntax checking information may be incorrect. [C:\Users\Lenovo\Desktop\Letnik3\DN\Project\Project01\Project01.srcs\sources_1\new\APB_uart.sv:]
reset_run impl_1 -prev_step 
launch_runs impl_1 -to_step write_bitstream -jobs 6
[Sun Jan 25 02:41:39 2026] Launched impl_1...
Run output will be captured here: C:/Users/Lenovo/Desktop/Letnik3/DN/Project/Project01/Project01.runs/impl_1/runme.log
set_property PROBES.FILE {} [get_hw_devices xc7a50t_0]
set_property FULL_PROBES.FILE {} [get_hw_devices xc7a50t_0]
set_property PROGRAM.FILE {C:/Users/Lenovo/Desktop/Letnik3/DN/Project/Project01/Project01.runs/impl_1/top.bit} [get_hw_devices xc7a50t_0]
program_hw_devices [get_hw_devices xc7a50t_0]
INFO: [Labtools 27-3164] End of startup status: HIGH
refresh_hw_device [lindex [get_hw_devices xc7a50t_0] 0]
INFO: [Labtools 27-1434] Device xc7a50t (JTAG device index = 0) is programmed with a design that has no supported debug core(s) in it.
set_property PROBES.FILE {} [get_hw_devices xc7a50t_0]
set_property FULL_PROBES.FILE {} [get_hw_devices xc7a50t_0]
set_property PROGRAM.FILE {C:/Users/Lenovo/Desktop/Letnik3/DN/Project/Project01/Project01.runs/impl_1/top.bit} [get_hw_devices xc7a50t_0]
program_hw_devices [get_hw_devices xc7a50t_0]
INFO: [Labtools 27-3164] End of startup status: HIGH
refresh_hw_device [lindex [get_hw_devices xc7a50t_0] 0]
INFO: [Labtools 27-1434] Device xc7a50t (JTAG device index = 0) is programmed with a design that has no supported debug core(s) in it.
WARNING: [filemgmt 56-199] Attempt to get parsing info during refresh. "On-the-fly" syntax checking information may be incorrect. [C:\Users\Lenovo\Desktop\Letnik3\DN\Project\Project01\Project01.srcs\sources_1\new\i2c_tmp102_master.sv:]
WARNING: [filemgmt 56-199] Attempt to get parsing info during refresh. "On-the-fly" syntax checking information may be incorrect. [C:\Users\Lenovo\Desktop\Letnik3\DN\Project\Project01\Project01.srcs\sources_1\new\i2c_master.sv:]
WARNING: [filemgmt 56-199] Attempt to get parsing info during refresh. "On-the-fly" syntax checking information may be incorrect. [C:\Users\Lenovo\Desktop\Letnik3\DN\Project\Project01\Project01.srcs\sources_1\new\APB_uart.sv:]
WARNING: [filemgmt 56-199] Attempt to get parsing info during refresh. "On-the-fly" syntax checking information may be incorrect. [C:\Users\Lenovo\Desktop\Letnik3\DN\Project\Project01\Project01.srcs\sources_1\new\APB_i2c.sv:]
WARNING: [filemgmt 56-199] Attempt to get parsing info during refresh. "On-the-fly" syntax checking information may be incorrect. [C:\Users\Lenovo\Desktop\Letnik3\DN\Project\Project01\Project01.srcs\sources_1\new\top.sv:]
WARNING: [filemgmt 56-199] Attempt to get parsing info during refresh. "On-the-fly" syntax checking information may be incorrect. [C:\Users\Lenovo\Desktop\Letnik3\DN\Project\Project01\Project01.srcs\sources_1\new\top.sv:]
WARNING: [filemgmt 56-199] Attempt to get parsing info during refresh. "On-the-fly" syntax checking information may be incorrect. [C:\Users\Lenovo\Desktop\Letnik3\DN\Project\Project01\Project01.srcs\sources_1\new\top.sv:]
WARNING: [filemgmt 56-199] Attempt to get parsing info during refresh. "On-the-fly" syntax checking information may be incorrect. [C:\Users\Lenovo\Desktop\Letnik3\DN\Project\Project01\Project01.srcs\sources_1\new\i2c_tmp102_master.sv:]
WARNING: [filemgmt 56-199] Attempt to get parsing info during refresh. "On-the-fly" syntax checking information may be incorrect. [C:\Users\Lenovo\Desktop\Letnik3\DN\Project\Project01\Project01.srcs\sources_1\new\i2c_master.sv:]
WARNING: [filemgmt 56-199] Attempt to get parsing info during refresh. "On-the-fly" syntax checking information may be incorrect. [C:\Users\Lenovo\Desktop\Letnik3\DN\Project\Project01\Project01.srcs\sources_1\new\APB_uart.sv:]
WARNING: [filemgmt 56-199] Attempt to get parsing info during refresh. "On-the-fly" syntax checking information may be incorrect. [C:\Users\Lenovo\Desktop\Letnik3\DN\Project\Project01\Project01.srcs\sources_1\new\APB_i2c.sv:]
WARNING: [filemgmt 56-199] Attempt to get parsing info during refresh. "On-the-fly" syntax checking information may be incorrect. [C:\Users\Lenovo\Desktop\Letnik3\DN\Project\Project01\Project01.srcs\sources_1\new\top.sv:]
WARNING: [filemgmt 56-199] Attempt to get parsing info during refresh. "On-the-fly" syntax checking information may be incorrect. [C:\Users\Lenovo\Desktop\Letnik3\DN\Project\Project01\Project01.srcs\sources_1\new\APB_uart.sv:]
WARNING: [filemgmt 56-199] Attempt to get parsing info during refresh. "On-the-fly" syntax checking information may be incorrect. [C:\Users\Lenovo\Desktop\Letnik3\DN\Project\Project01\Project01.srcs\sources_1\new\APB_uart.sv:]
reset_run impl_1 -prev_step 
launch_runs impl_1 -to_step write_bitstream -jobs 6
[Sun Jan 25 02:43:45 2026] Launched impl_1...
Run output will be captured here: C:/Users/Lenovo/Desktop/Letnik3/DN/Project/Project01/Project01.runs/impl_1/runme.log
reset_run impl_1 -prev_step 
WARNING: [Vivado 12-1017] Problems encountered:
1. Couldn't access process for termination

reset_run synth_1
INFO: [Project 1-1161] Replacing file C:/Users/Lenovo/Desktop/Letnik3/DN/Project/Project01/Project01.srcs/utils_1/imports/synth_1/top.dcp with file C:/Users/Lenovo/Desktop/Letnik3/DN/Project/Project01/Project01.runs/synth_1/top.dcp
WARNING: [Vivado 12-1017] Problems encountered:
1. Failed to delete one or more files in run directory C:/Users/Lenovo/Desktop/Letnik3/DN/Project/Project01/Project01.runs/synth_1

launch_runs impl_1 -to_step write_bitstream -jobs 6
WARNING: [filemgmt 56-199] Attempt to get parsing info during refresh. "On-the-fly" syntax checking information may be incorrect. [C:\Users\Lenovo\Desktop\Letnik3\DN\Project\Project01\Project01.srcs\sources_1\new\i2c_tmp102_master.sv:]
WARNING: [filemgmt 56-199] Attempt to get parsing info during refresh. "On-the-fly" syntax checking information may be incorrect. [C:\Users\Lenovo\Desktop\Letnik3\DN\Project\Project01\Project01.srcs\sources_1\new\i2c_master.sv:]
WARNING: [filemgmt 56-199] Attempt to get parsing info during refresh. "On-the-fly" syntax checking information may be incorrect. [C:\Users\Lenovo\Desktop\Letnik3\DN\Project\Project01\Project01.srcs\sources_1\new\APB_uart.sv:]
WARNING: [filemgmt 56-199] Attempt to get parsing info during refresh. "On-the-fly" syntax checking information may be incorrect. [C:\Users\Lenovo\Desktop\Letnik3\DN\Project\Project01\Project01.srcs\sources_1\new\APB_i2c.sv:]
WARNING: [filemgmt 56-199] Attempt to get parsing info during refresh. "On-the-fly" syntax checking information may be incorrect. [C:\Users\Lenovo\Desktop\Letnik3\DN\Project\Project01\Project01.srcs\sources_1\new\top.sv:]
WARNING: [filemgmt 56-199] Attempt to get parsing info during refresh. "On-the-fly" syntax checking information may be incorrect. [C:\Users\Lenovo\Desktop\Letnik3\DN\Project\Project01\Project01.srcs\sources_1\new\APB_uart.sv:]
WARNING: [filemgmt 56-199] Attempt to get parsing info during refresh. "On-the-fly" syntax checking information may be incorrect. [C:\Users\Lenovo\Desktop\Letnik3\DN\Project\Project01\Project01.srcs\sources_1\new\APB_uart.sv:]
[Sun Jan 25 02:43:55 2026] Launched synth_1...
Run output will be captured here: C:/Users/Lenovo/Desktop/Letnik3/DN/Project/Project01/Project01.runs/synth_1/runme.log
[Sun Jan 25 02:43:55 2026] Launched impl_1...
Run output will be captured here: C:/Users/Lenovo/Desktop/Letnik3/DN/Project/Project01/Project01.runs/impl_1/runme.log
WARNING: [filemgmt 56-199] Attempt to get parsing info during refresh. "On-the-fly" syntax checking information may be incorrect. [C:\Users\Lenovo\Desktop\Letnik3\DN\Project\Project01\Project01.srcs\sources_1\new\i2c_tmp102_master.sv:]
WARNING: [filemgmt 56-199] Attempt to get parsing info during refresh. "On-the-fly" syntax checking information may be incorrect. [C:\Users\Lenovo\Desktop\Letnik3\DN\Project\Project01\Project01.srcs\sources_1\new\i2c_master.sv:]
WARNING: [filemgmt 56-199] Attempt to get parsing info during refresh. "On-the-fly" syntax checking information may be incorrect. [C:\Users\Lenovo\Desktop\Letnik3\DN\Project\Project01\Project01.srcs\sources_1\new\APB_uart.sv:]
WARNING: [filemgmt 56-199] Attempt to get parsing info during refresh. "On-the-fly" syntax checking information may be incorrect. [C:\Users\Lenovo\Desktop\Letnik3\DN\Project\Project01\Project01.srcs\sources_1\new\APB_i2c.sv:]
WARNING: [filemgmt 56-199] Attempt to get parsing info during refresh. "On-the-fly" syntax checking information may be incorrect. [C:\Users\Lenovo\Desktop\Letnik3\DN\Project\Project01\Project01.srcs\sources_1\new\top.sv:]
WARNING: [filemgmt 56-199] Attempt to get parsing info during refresh. "On-the-fly" syntax checking information may be incorrect. [C:\Users\Lenovo\Desktop\Letnik3\DN\Project\Project01\Project01.srcs\sources_1\new\APB_i2c.sv:]
WARNING: [filemgmt 56-199] Attempt to get parsing info during refresh. "On-the-fly" syntax checking information may be incorrect. [C:\Users\Lenovo\Desktop\Letnik3\DN\Project\Project01\Project01.srcs\sources_1\new\APB_i2c.sv:]
reset_run impl_1 -prev_step 
launch_runs impl_1 -to_step write_bitstream -jobs 6
[Sun Jan 25 02:48:34 2026] Launched impl_1...
Run output will be captured here: C:/Users/Lenovo/Desktop/Letnik3/DN/Project/Project01/Project01.runs/impl_1/runme.log
reset_run synth_1
INFO: [Project 1-1161] Replacing file C:/Users/Lenovo/Desktop/Letnik3/DN/Project/Project01/Project01.srcs/utils_1/imports/synth_1/top.dcp with file C:/Users/Lenovo/Desktop/Letnik3/DN/Project/Project01/Project01.runs/synth_1/top.dcp
WARNING: [Vivado 12-1017] Problems encountered:
1. Failed to delete one or more files in run directory C:/Users/Lenovo/Desktop/Letnik3/DN/Project/Project01/Project01.runs/synth_1

launch_runs impl_1 -to_step write_bitstream -jobs 6
[Sun Jan 25 02:48:45 2026] Launched synth_1...
Run output will be captured here: C:/Users/Lenovo/Desktop/Letnik3/DN/Project/Project01/Project01.runs/synth_1/runme.log
[Sun Jan 25 02:48:45 2026] Launched impl_1...
Run output will be captured here: C:/Users/Lenovo/Desktop/Letnik3/DN/Project/Project01/Project01.runs/impl_1/runme.log
WARNING: [filemgmt 56-199] Attempt to get parsing info during refresh. "On-the-fly" syntax checking information may be incorrect. [C:\Users\Lenovo\Desktop\Letnik3\DN\Project\Project01\Project01.srcs\sources_1\new\i2c_tmp102_master.sv:]
WARNING: [filemgmt 56-199] Attempt to get parsing info during refresh. "On-the-fly" syntax checking information may be incorrect. [C:\Users\Lenovo\Desktop\Letnik3\DN\Project\Project01\Project01.srcs\sources_1\new\i2c_master.sv:]
WARNING: [filemgmt 56-199] Attempt to get parsing info during refresh. "On-the-fly" syntax checking information may be incorrect. [C:\Users\Lenovo\Desktop\Letnik3\DN\Project\Project01\Project01.srcs\sources_1\new\APB_uart.sv:]
WARNING: [filemgmt 56-199] Attempt to get parsing info during refresh. "On-the-fly" syntax checking information may be incorrect. [C:\Users\Lenovo\Desktop\Letnik3\DN\Project\Project01\Project01.srcs\sources_1\new\APB_i2c.sv:]
WARNING: [filemgmt 56-199] Attempt to get parsing info during refresh. "On-the-fly" syntax checking information may be incorrect. [C:\Users\Lenovo\Desktop\Letnik3\DN\Project\Project01\Project01.srcs\sources_1\new\top.sv:]
WARNING: [filemgmt 56-199] Attempt to get parsing info during refresh. "On-the-fly" syntax checking information may be incorrect. [C:\Users\Lenovo\Desktop\Letnik3\DN\Project\Project01\Project01.srcs\sources_1\new\top.sv:]
WARNING: [filemgmt 56-199] Attempt to get parsing info during refresh. "On-the-fly" syntax checking information may be incorrect. [C:\Users\Lenovo\Desktop\Letnik3\DN\Project\Project01\Project01.srcs\sources_1\new\top.sv:]
reset_run impl_1 -prev_step 
launch_runs impl_1 -to_step write_bitstream -jobs 6
WARNING: [filemgmt 56-199] Attempt to get parsing info during refresh. "On-the-fly" syntax checking information may be incorrect. [C:\Users\Lenovo\Desktop\Letnik3\DN\Project\Project01\Project01.srcs\sources_1\new\i2c_tmp102_master.sv:]
WARNING: [filemgmt 56-199] Attempt to get parsing info during refresh. "On-the-fly" syntax checking information may be incorrect. [C:\Users\Lenovo\Desktop\Letnik3\DN\Project\Project01\Project01.srcs\sources_1\new\i2c_master.sv:]
WARNING: [filemgmt 56-199] Attempt to get parsing info during refresh. "On-the-fly" syntax checking information may be incorrect. [C:\Users\Lenovo\Desktop\Letnik3\DN\Project\Project01\Project01.srcs\sources_1\new\APB_uart.sv:]
WARNING: [filemgmt 56-199] Attempt to get parsing info during refresh. "On-the-fly" syntax checking information may be incorrect. [C:\Users\Lenovo\Desktop\Letnik3\DN\Project\Project01\Project01.srcs\sources_1\new\APB_i2c.sv:]
WARNING: [filemgmt 56-199] Attempt to get parsing info during refresh. "On-the-fly" syntax checking information may be incorrect. [C:\Users\Lenovo\Desktop\Letnik3\DN\Project\Project01\Project01.srcs\sources_1\new\top.sv:]
WARNING: [filemgmt 56-199] Attempt to get parsing info during refresh. "On-the-fly" syntax checking information may be incorrect. [C:\Users\Lenovo\Desktop\Letnik3\DN\Project\Project01\Project01.srcs\sources_1\new\APB_i2c.sv:]
WARNING: [filemgmt 56-199] Attempt to get parsing info during refresh. "On-the-fly" syntax checking information may be incorrect. [C:\Users\Lenovo\Desktop\Letnik3\DN\Project\Project01\Project01.srcs\sources_1\new\APB_i2c.sv:]
[Sun Jan 25 02:50:52 2026] Launched impl_1...
Run output will be captured here: C:/Users/Lenovo/Desktop/Letnik3/DN/Project/Project01/Project01.runs/impl_1/runme.log
reset_run synth_1
INFO: [Project 1-1161] Replacing file C:/Users/Lenovo/Desktop/Letnik3/DN/Project/Project01/Project01.srcs/utils_1/imports/synth_1/top.dcp with file C:/Users/Lenovo/Desktop/Letnik3/DN/Project/Project01/Project01.runs/synth_1/top.dcp
WARNING: [Vivado 12-1017] Problems encountered:
1. Failed to delete one or more files in run directory C:/Users/Lenovo/Desktop/Letnik3/DN/Project/Project01/Project01.runs/synth_1

launch_runs impl_1 -to_step write_bitstream -jobs 6
WARNING: [filemgmt 56-199] Attempt to get parsing info during refresh. "On-the-fly" syntax checking information may be incorrect. [C:\Users\Lenovo\Desktop\Letnik3\DN\Project\Project01\Project01.srcs\sources_1\new\i2c_tmp102_master.sv:]
WARNING: [filemgmt 56-199] Attempt to get parsing info during refresh. "On-the-fly" syntax checking information may be incorrect. [C:\Users\Lenovo\Desktop\Letnik3\DN\Project\Project01\Project01.srcs\sources_1\new\i2c_master.sv:]
WARNING: [filemgmt 56-199] Attempt to get parsing info during refresh. "On-the-fly" syntax checking information may be incorrect. [C:\Users\Lenovo\Desktop\Letnik3\DN\Project\Project01\Project01.srcs\sources_1\new\APB_uart.sv:]
WARNING: [filemgmt 56-199] Attempt to get parsing info during refresh. "On-the-fly" syntax checking information may be incorrect. [C:\Users\Lenovo\Desktop\Letnik3\DN\Project\Project01\Project01.srcs\sources_1\new\APB_i2c.sv:]
WARNING: [filemgmt 56-199] Attempt to get parsing info during refresh. "On-the-fly" syntax checking information may be incorrect. [C:\Users\Lenovo\Desktop\Letnik3\DN\Project\Project01\Project01.srcs\sources_1\new\top.sv:]
WARNING: [filemgmt 56-199] Attempt to get parsing info during refresh. "On-the-fly" syntax checking information may be incorrect. [C:\Users\Lenovo\Desktop\Letnik3\DN\Project\Project01\Project01.srcs\sources_1\new\APB_uart.sv:]
WARNING: [filemgmt 56-199] Attempt to get parsing info during refresh. "On-the-fly" syntax checking information may be incorrect. [C:\Users\Lenovo\Desktop\Letnik3\DN\Project\Project01\Project01.srcs\sources_1\new\APB_uart.sv:]
[Sun Jan 25 02:51:19 2026] Launched synth_1...
Run output will be captured here: C:/Users/Lenovo/Desktop/Letnik3/DN/Project/Project01/Project01.runs/synth_1/runme.log
[Sun Jan 25 02:51:19 2026] Launched impl_1...
Run output will be captured here: C:/Users/Lenovo/Desktop/Letnik3/DN/Project/Project01/Project01.runs/impl_1/runme.log
reset_run impl_1
launch_runs impl_1 -to_step write_bitstream -jobs 6
[Sun Jan 25 02:52:22 2026] Launched impl_1...
Run output will be captured here: C:/Users/Lenovo/Desktop/Letnik3/DN/Project/Project01/Project01.runs/impl_1/runme.log
WARNING: [Vivado 12-818] No files matched ''
ERROR: [Common 17-55] 'get_property' expects at least one object.
Resolution: If [get_<value>] was used to populate the object, check to make sure this command returns at least one valid object.
write_hw_platform -fixed -include_bit -force -file C:/Users/Lenovo/Desktop/Letnik3/DN/Project/Project01/top.xsa
INFO: [Project 1-1918] Creating Hardware Platform: C:/Users/Lenovo/Desktop/Letnik3/DN/Project/Project01/top.xsa ...
INFO: [Project 1-1943] The Hardware Platform can be used for Hardware
INFO: [Project 1-1941] Successfully created Hardware Platform: C:/Users/Lenovo/Desktop/Letnik3/DN/Project/Project01/top.xsa
reset_run impl_1 -prev_step 
launch_runs impl_1 -to_step write_bitstream -jobs 6
[Sun Jan 25 02:54:14 2026] Launched impl_1...
Run output will be captured here: C:/Users/Lenovo/Desktop/Letnik3/DN/Project/Project01/Project01.runs/impl_1/runme.log
set_property PROBES.FILE {} [get_hw_devices xc7a50t_0]
set_property FULL_PROBES.FILE {} [get_hw_devices xc7a50t_0]
set_property PROGRAM.FILE {C:/Users/Lenovo/Desktop/Letnik3/DN/Project/Project01/Project01.runs/impl_1/top.bit} [get_hw_devices xc7a50t_0]
program_hw_devices [get_hw_devices xc7a50t_0]
INFO: [Labtools 27-3164] End of startup status: HIGH
refresh_hw_device [lindex [get_hw_devices xc7a50t_0] 0]
INFO: [Labtools 27-1434] Device xc7a50t (JTAG device index = 0) is programmed with a design that has no supported debug core(s) in it.
reset_run impl_1 -prev_step 
launch_runs impl_1 -to_step write_bitstream -jobs 6
[Sun Jan 25 03:00:44 2026] Launched impl_1...
Run output will be captured here: C:/Users/Lenovo/Desktop/Letnik3/DN/Project/Project01/Project01.runs/impl_1/runme.log
set_property PROBES.FILE {} [get_hw_devices xc7a50t_0]
set_property FULL_PROBES.FILE {} [get_hw_devices xc7a50t_0]
set_property PROGRAM.FILE {C:/Users/Lenovo/Desktop/Letnik3/DN/Project/Project01/Project01.runs/impl_1/top.bit} [get_hw_devices xc7a50t_0]
program_hw_devices [get_hw_devices xc7a50t_0]
INFO: [Labtools 27-3164] End of startup status: HIGH
refresh_hw_device [lindex [get_hw_devices xc7a50t_0] 0]
INFO: [Labtools 27-1434] Device xc7a50t (JTAG device index = 0) is programmed with a design that has no supported debug core(s) in it.
reset_run impl_1 -prev_step 
launch_runs impl_1 -to_step write_bitstream -jobs 6
[Sun Jan 25 03:01:54 2026] Launched impl_1...
Run output will be captured here: C:/Users/Lenovo/Desktop/Letnik3/DN/Project/Project01/Project01.runs/impl_1/runme.log
set_property PROBES.FILE {} [get_hw_devices xc7a50t_0]
set_property FULL_PROBES.FILE {} [get_hw_devices xc7a50t_0]
set_property PROGRAM.FILE {C:/Users/Lenovo/Desktop/Letnik3/DN/Project/Project01/Project01.runs/impl_1/top.bit} [get_hw_devices xc7a50t_0]
program_hw_devices [get_hw_devices xc7a50t_0]
INFO: [Labtools 27-3164] End of startup status: HIGH
refresh_hw_device [lindex [get_hw_devices xc7a50t_0] 0]
INFO: [Labtools 27-1434] Device xc7a50t (JTAG device index = 0) is programmed with a design that has no supported debug core(s) in it.
reset_run impl_1 -prev_step 
launch_runs impl_1 -to_step write_bitstream -jobs 6
[Sun Jan 25 03:05:54 2026] Launched impl_1...
Run output will be captured here: C:/Users/Lenovo/Desktop/Letnik3/DN/Project/Project01/Project01.runs/impl_1/runme.log
set_property PROBES.FILE {} [get_hw_devices xc7a50t_0]
set_property FULL_PROBES.FILE {} [get_hw_devices xc7a50t_0]
set_property PROGRAM.FILE {C:/Users/Lenovo/Desktop/Letnik3/DN/Project/Project01/Project01.runs/impl_1/top.bit} [get_hw_devices xc7a50t_0]
program_hw_devices [get_hw_devices xc7a50t_0]
INFO: [Labtools 27-3164] End of startup status: HIGH
refresh_hw_device [lindex [get_hw_devices xc7a50t_0] 0]
INFO: [Labtools 27-1434] Device xc7a50t (JTAG device index = 0) is programmed with a design that has no supported debug core(s) in it.
WARNING: [filemgmt 56-199] Attempt to get parsing info during refresh. "On-the-fly" syntax checking information may be incorrect. [C:\Users\Lenovo\Desktop\Letnik3\DN\Project\Project01\Project01.srcs\sources_1\new\i2c_tmp102_master.sv:]
WARNING: [filemgmt 56-199] Attempt to get parsing info during refresh. "On-the-fly" syntax checking information may be incorrect. [C:\Users\Lenovo\Desktop\Letnik3\DN\Project\Project01\Project01.srcs\sources_1\new\i2c_master.sv:]
WARNING: [filemgmt 56-199] Attempt to get parsing info during refresh. "On-the-fly" syntax checking information may be incorrect. [C:\Users\Lenovo\Desktop\Letnik3\DN\Project\Project01\Project01.srcs\sources_1\new\APB_uart.sv:]
WARNING: [filemgmt 56-199] Attempt to get parsing info during refresh. "On-the-fly" syntax checking information may be incorrect. [C:\Users\Lenovo\Desktop\Letnik3\DN\Project\Project01\Project01.srcs\sources_1\new\APB_i2c.sv:]
WARNING: [filemgmt 56-199] Attempt to get parsing info during refresh. "On-the-fly" syntax checking information may be incorrect. [C:\Users\Lenovo\Desktop\Letnik3\DN\Project\Project01\Project01.srcs\sources_1\new\top.sv:]
WARNING: [filemgmt 56-199] Attempt to get parsing info during refresh. "On-the-fly" syntax checking information may be incorrect. [C:\Users\Lenovo\Desktop\Letnik3\DN\Project\Project01\Project01.srcs\sources_1\new\APB_uart.sv:]
WARNING: [filemgmt 56-199] Attempt to get parsing info during refresh. "On-the-fly" syntax checking information may be incorrect. [C:\Users\Lenovo\Desktop\Letnik3\DN\Project\Project01\Project01.srcs\sources_1\new\APB_uart.sv:]
WARNING: [filemgmt 56-199] Attempt to get parsing info during refresh. "On-the-fly" syntax checking information may be incorrect. [C:\Users\Lenovo\Desktop\Letnik3\DN\Project\Project01\Project01.srcs\sources_1\new\i2c_tmp102_master.sv:]
WARNING: [filemgmt 56-199] Attempt to get parsing info during refresh. "On-the-fly" syntax checking information may be incorrect. [C:\Users\Lenovo\Desktop\Letnik3\DN\Project\Project01\Project01.srcs\sources_1\new\i2c_master.sv:]
WARNING: [filemgmt 56-199] Attempt to get parsing info during refresh. "On-the-fly" syntax checking information may be incorrect. [C:\Users\Lenovo\Desktop\Letnik3\DN\Project\Project01\Project01.srcs\sources_1\new\APB_uart.sv:]
WARNING: [filemgmt 56-199] Attempt to get parsing info during refresh. "On-the-fly" syntax checking information may be incorrect. [C:\Users\Lenovo\Desktop\Letnik3\DN\Project\Project01\Project01.srcs\sources_1\new\APB_i2c.sv:]
WARNING: [filemgmt 56-199] Attempt to get parsing info during refresh. "On-the-fly" syntax checking information may be incorrect. [C:\Users\Lenovo\Desktop\Letnik3\DN\Project\Project01\Project01.srcs\sources_1\new\top.sv:]
WARNING: [filemgmt 56-199] Attempt to get parsing info during refresh. "On-the-fly" syntax checking information may be incorrect. [C:\Users\Lenovo\Desktop\Letnik3\DN\Project\Project01\Project01.srcs\sources_1\new\APB_i2c.sv:]
WARNING: [filemgmt 56-199] Attempt to get parsing info during refresh. "On-the-fly" syntax checking information may be incorrect. [C:\Users\Lenovo\Desktop\Letnik3\DN\Project\Project01\Project01.srcs\sources_1\new\APB_i2c.sv:]
ERROR: [Common 17-180] Spawn failed: The operation completed successfully.

reset_run impl_1 -prev_step 
launch_runs impl_1 -to_step write_bitstream -jobs 6
[Sun Jan 25 03:08:33 2026] Launched impl_1...
Run output will be captured here: C:/Users/Lenovo/Desktop/Letnik3/DN/Project/Project01/Project01.runs/impl_1/runme.log
set_property PROBES.FILE {} [get_hw_devices xc7a50t_0]
set_property FULL_PROBES.FILE {} [get_hw_devices xc7a50t_0]
set_property PROGRAM.FILE {C:/Users/Lenovo/Desktop/Letnik3/DN/Project/Project01/Project01.runs/impl_1/top.bit} [get_hw_devices xc7a50t_0]
program_hw_devices [get_hw_devices xc7a50t_0]
INFO: [Labtools 27-3164] End of startup status: HIGH
refresh_hw_device [lindex [get_hw_devices xc7a50t_0] 0]
INFO: [Labtools 27-1434] Device xc7a50t (JTAG device index = 0) is programmed with a design that has no supported debug core(s) in it.
WARNING: [filemgmt 56-199] Attempt to get parsing info during refresh. "On-the-fly" syntax checking information may be incorrect. [C:\Users\Lenovo\Desktop\Letnik3\DN\Project\Project01\Project01.srcs\sources_1\new\i2c_tmp102_master.sv:]
WARNING: [filemgmt 56-199] Attempt to get parsing info during refresh. "On-the-fly" syntax checking information may be incorrect. [C:\Users\Lenovo\Desktop\Letnik3\DN\Project\Project01\Project01.srcs\sources_1\new\i2c_master.sv:]
WARNING: [filemgmt 56-199] Attempt to get parsing info during refresh. "On-the-fly" syntax checking information may be incorrect. [C:\Users\Lenovo\Desktop\Letnik3\DN\Project\Project01\Project01.srcs\sources_1\new\APB_uart.sv:]
WARNING: [filemgmt 56-199] Attempt to get parsing info during refresh. "On-the-fly" syntax checking information may be incorrect. [C:\Users\Lenovo\Desktop\Letnik3\DN\Project\Project01\Project01.srcs\sources_1\new\APB_i2c.sv:]
WARNING: [filemgmt 56-199] Attempt to get parsing info during refresh. "On-the-fly" syntax checking information may be incorrect. [C:\Users\Lenovo\Desktop\Letnik3\DN\Project\Project01\Project01.srcs\sources_1\new\top.sv:]
WARNING: [filemgmt 56-199] Attempt to get parsing info during refresh. "On-the-fly" syntax checking information may be incorrect. [C:\Users\Lenovo\Desktop\Letnik3\DN\Project\Project01\Project01.srcs\sources_1\new\APB_uart.sv:]
WARNING: [filemgmt 56-199] Attempt to get parsing info during refresh. "On-the-fly" syntax checking information may be incorrect. [C:\Users\Lenovo\Desktop\Letnik3\DN\Project\Project01\Project01.srcs\sources_1\new\APB_uart.sv:]
reset_run impl_1 -prev_step 
launch_runs impl_1 -to_step write_bitstream -jobs 6
[Sun Jan 25 03:15:05 2026] Launched impl_1...
Run output will be captured here: C:/Users/Lenovo/Desktop/Letnik3/DN/Project/Project01/Project01.runs/impl_1/runme.log
set_property PROBES.FILE {} [get_hw_devices xc7a50t_0]
set_property FULL_PROBES.FILE {} [get_hw_devices xc7a50t_0]
set_property PROGRAM.FILE {C:/Users/Lenovo/Desktop/Letnik3/DN/Project/Project01/Project01.runs/impl_1/top.bit} [get_hw_devices xc7a50t_0]
program_hw_devices [get_hw_devices xc7a50t_0]
INFO: [Labtools 27-3164] End of startup status: HIGH
refresh_hw_device [lindex [get_hw_devices xc7a50t_0] 0]
INFO: [Labtools 27-1434] Device xc7a50t (JTAG device index = 0) is programmed with a design that has no supported debug core(s) in it.
ERROR: [Labtoolstcl 44-513] HW Target shutdown. Closing target: localhost:3121/xilinx_tcf/Digilent/210292AA7E5EA
close_hw_manager
close_design
WARNING: [filemgmt 56-199] Attempt to get parsing info during refresh. "On-the-fly" syntax checking information may be incorrect. [C:\Users\Lenovo\Desktop\Letnik3\DN\Project\Project01\Project01.srcs\sources_1\new\i2c_tmp102_master.sv:]
WARNING: [filemgmt 56-199] Attempt to get parsing info during refresh. "On-the-fly" syntax checking information may be incorrect. [C:\Users\Lenovo\Desktop\Letnik3\DN\Project\Project01\Project01.srcs\sources_1\new\i2c_master.sv:]
WARNING: [filemgmt 56-199] Attempt to get parsing info during refresh. "On-the-fly" syntax checking information may be incorrect. [C:\Users\Lenovo\Desktop\Letnik3\DN\Project\Project01\Project01.srcs\sources_1\new\APB_uart.sv:]
WARNING: [filemgmt 56-199] Attempt to get parsing info during refresh. "On-the-fly" syntax checking information may be incorrect. [C:\Users\Lenovo\Desktop\Letnik3\DN\Project\Project01\Project01.srcs\sources_1\new\APB_i2c.sv:]
WARNING: [filemgmt 56-199] Attempt to get parsing info during refresh. "On-the-fly" syntax checking information may be incorrect. [C:\Users\Lenovo\Desktop\Letnik3\DN\Project\Project01\Project01.srcs\sources_1\new\top.sv:]
WARNING: [filemgmt 56-199] Attempt to get parsing info during refresh. "On-the-fly" syntax checking information may be incorrect. [C:\Users\Lenovo\Desktop\Letnik3\DN\Project\Project01\Project01.srcs\sources_1\new\top.sv:]
WARNING: [filemgmt 56-199] Attempt to get parsing info during refresh. "On-the-fly" syntax checking information may be incorrect. [C:\Users\Lenovo\Desktop\Letnik3\DN\Project\Project01\Project01.srcs\sources_1\new\top.sv:]
WARNING: [filemgmt 56-199] Attempt to get parsing info during refresh. "On-the-fly" syntax checking information may be incorrect. [C:\Users\Lenovo\Desktop\Letnik3\DN\Project\Project01\Project01.srcs\sources_1\new\i2c_tmp102_master.sv:]
WARNING: [filemgmt 56-199] Attempt to get parsing info during refresh. "On-the-fly" syntax checking information may be incorrect. [C:\Users\Lenovo\Desktop\Letnik3\DN\Project\Project01\Project01.srcs\sources_1\new\i2c_master.sv:]
WARNING: [filemgmt 56-199] Attempt to get parsing info during refresh. "On-the-fly" syntax checking information may be incorrect. [C:\Users\Lenovo\Desktop\Letnik3\DN\Project\Project01\Project01.srcs\sources_1\new\APB_uart.sv:]
WARNING: [filemgmt 56-199] Attempt to get parsing info during refresh. "On-the-fly" syntax checking information may be incorrect. [C:\Users\Lenovo\Desktop\Letnik3\DN\Project\Project01\Project01.srcs\sources_1\new\APB_i2c.sv:]
WARNING: [filemgmt 56-199] Attempt to get parsing info during refresh. "On-the-fly" syntax checking information may be incorrect. [C:\Users\Lenovo\Desktop\Letnik3\DN\Project\Project01\Project01.srcs\sources_1\new\top.sv:]
WARNING: [filemgmt 56-199] Attempt to get parsing info during refresh. "On-the-fly" syntax checking information may be incorrect. [C:\Users\Lenovo\Desktop\Letnik3\DN\Project\Project01\Project01.srcs\sources_1\new\APB_i2c.sv:]
WARNING: [filemgmt 56-199] Attempt to get parsing info during refresh. "On-the-fly" syntax checking information may be incorrect. [C:\Users\Lenovo\Desktop\Letnik3\DN\Project\Project01\Project01.srcs\sources_1\new\APB_i2c.sv:]
reset_run synth_1
INFO: [Project 1-1161] Replacing file C:/Users/Lenovo/Desktop/Letnik3/DN/Project/Project01/Project01.srcs/utils_1/imports/synth_1/top.dcp with file C:/Users/Lenovo/Desktop/Letnik3/DN/Project/Project01/Project01.runs/synth_1/top.dcp
ERROR: [Common 17-180] Spawn failed: The operation completed successfully.

ERROR: [Common 17-39] 'reset_runs' failed due to earlier errors.
WARNING: [filemgmt 56-199] Attempt to get parsing info during refresh. "On-the-fly" syntax checking information may be incorrect. [C:\Users\Lenovo\Desktop\Letnik3\DN\Project\Project01\Project01.srcs\sources_1\new\i2c_tmp102_master.sv:]
WARNING: [filemgmt 56-199] Attempt to get parsing info during refresh. "On-the-fly" syntax checking information may be incorrect. [C:\Users\Lenovo\Desktop\Letnik3\DN\Project\Project01\Project01.srcs\sources_1\new\i2c_master.sv:]
WARNING: [filemgmt 56-199] Attempt to get parsing info during refresh. "On-the-fly" syntax checking information may be incorrect. [C:\Users\Lenovo\Desktop\Letnik3\DN\Project\Project01\Project01.srcs\sources_1\new\APB_uart.sv:]
WARNING: [filemgmt 56-199] Attempt to get parsing info during refresh. "On-the-fly" syntax checking information may be incorrect. [C:\Users\Lenovo\Desktop\Letnik3\DN\Project\Project01\Project01.srcs\sources_1\new\APB_i2c.sv:]
WARNING: [filemgmt 56-199] Attempt to get parsing info during refresh. "On-the-fly" syntax checking information may be incorrect. [C:\Users\Lenovo\Desktop\Letnik3\DN\Project\Project01\Project01.srcs\sources_1\new\top.sv:]
WARNING: [filemgmt 56-199] Attempt to get parsing info during refresh. "On-the-fly" syntax checking information may be incorrect. [C:\Users\Lenovo\Desktop\Letnik3\DN\Project\Project01\Project01.srcs\sources_1\new\top.sv:]
WARNING: [filemgmt 56-199] Attempt to get parsing info during refresh. "On-the-fly" syntax checking information may be incorrect. [C:\Users\Lenovo\Desktop\Letnik3\DN\Project\Project01\Project01.srcs\sources_1\new\top.sv:]
WARNING: [filemgmt 56-199] Attempt to get parsing info during refresh. "On-the-fly" syntax checking information may be incorrect. [C:\Users\Lenovo\Desktop\Letnik3\DN\Project\Project01\Project01.srcs\sources_1\new\i2c_tmp102_master.sv:]
WARNING: [filemgmt 56-199] Attempt to get parsing info during refresh. "On-the-fly" syntax checking information may be incorrect. [C:\Users\Lenovo\Desktop\Letnik3\DN\Project\Project01\Project01.srcs\sources_1\new\i2c_master.sv:]
WARNING: [filemgmt 56-199] Attempt to get parsing info during refresh. "On-the-fly" syntax checking information may be incorrect. [C:\Users\Lenovo\Desktop\Letnik3\DN\Project\Project01\Project01.srcs\sources_1\new\APB_uart.sv:]
WARNING: [filemgmt 56-199] Attempt to get parsing info during refresh. "On-the-fly" syntax checking information may be incorrect. [C:\Users\Lenovo\Desktop\Letnik3\DN\Project\Project01\Project01.srcs\sources_1\new\APB_i2c.sv:]
WARNING: [filemgmt 56-199] Attempt to get parsing info during refresh. "On-the-fly" syntax checking information may be incorrect. [C:\Users\Lenovo\Desktop\Letnik3\DN\Project\Project01\Project01.srcs\sources_1\new\top.sv:]
WARNING: [filemgmt 56-199] Attempt to get parsing info during refresh. "On-the-fly" syntax checking information may be incorrect. [C:\Users\Lenovo\Desktop\Letnik3\DN\Project\Project01\Project01.srcs\sources_1\new\APB_uart.sv:]
WARNING: [filemgmt 56-199] Attempt to get parsing info during refresh. "On-the-fly" syntax checking information may be incorrect. [C:\Users\Lenovo\Desktop\Letnik3\DN\Project\Project01\Project01.srcs\sources_1\new\APB_uart.sv:]
launch_runs impl_1 -to_step write_bitstream -jobs 6
[Sun Jan 25 17:02:22 2026] Launched synth_1...
Run output will be captured here: C:/Users/Lenovo/Desktop/Letnik3/DN/Project/Project01/Project01.runs/synth_1/runme.log
[Sun Jan 25 17:02:22 2026] Launched impl_1...
Run output will be captured here: C:/Users/Lenovo/Desktop/Letnik3/DN/Project/Project01/Project01.runs/impl_1/runme.log
open_run impl_1
Netlist sorting complete. Time (s): cpu = 00:00:00 ; elapsed = 00:00:00.078 . Memory (MB): peak = 4096.906 ; gain = 0.000
INFO: [Netlist 29-17] Analyzing 256 Unisim elements for replacement
INFO: [Netlist 29-28] Unisim Transformation completed in 1 CPU seconds
INFO: [Project 1-479] Netlist was created with Vivado 2025.1
INFO: [Project 1-570] Preparing netlist for logic optimization
Read ShapeDB Complete: Time (s): cpu = 00:00:00 ; elapsed = 00:00:00.009 . Memory (MB): peak = 4096.906 ; gain = 0.000
INFO: [Timing 38-478] Restoring timing data from binary archive.
INFO: [Timing 38-479] Binary timing data restore complete.
INFO: [Project 1-856] Restoring constraints from binary archive.
INFO: [Project 1-853] Binary constraint restore complete.
INFO: [Designutils 20-5722] Start Reading Physical Databases.
Reading placement.
Read Netlist Cache: Time (s): cpu = 00:00:00 ; elapsed = 00:00:00.002 . Memory (MB): peak = 4096.906 ; gain = 0.000
Reading placer database...
Read Device Cache: Time (s): cpu = 00:00:00 ; elapsed = 00:00:00.007 . Memory (MB): peak = 4096.906 ; gain = 0.000
Read PlaceDB: Time (s): cpu = 00:00:00 ; elapsed = 00:00:00.069 . Memory (MB): peak = 4096.906 ; gain = 0.000
Read PulsedLatchDB: Time (s): cpu = 00:00:00 ; elapsed = 00:00:00.001 . Memory (MB): peak = 4096.906 ; gain = 0.000
Reading routing.
Read RouteStorage: Time (s): cpu = 00:00:00 ; elapsed = 00:00:00.057 . Memory (MB): peak = 4096.906 ; gain = 0.000
Read Physdb Files: Time (s): cpu = 00:00:00 ; elapsed = 00:00:00.146 . Memory (MB): peak = 4096.906 ; gain = 0.000
Restored from archive | CPU: 0.000000 secs | Memory: 0.000000 MB |
Finished XDEF File Restore: Time (s): cpu = 00:00:00 ; elapsed = 00:00:00.147 . Memory (MB): peak = 4096.906 ; gain = 0.000
Generating merged BMM file for the design top 'microblaze_mcs_0'...
INFO: [Memdata 28-144] Successfully populated the BRAM INIT strings from the following elf files: C:/Users/Lenovo/Desktop/Letnik3/DN/Project/app_component/build/app_component.elf 
Netlist sorting complete. Time (s): cpu = 00:00:00 ; elapsed = 00:00:00.004 . Memory (MB): peak = 4096.906 ; gain = 0.000
INFO: [Project 1-111] Unisim Transformation Summary:
  A total of 146 instances were transformed.
  IOBUF => IOBUF (IBUF, OBUFT): 1 instance 
  LUT6_2 => LUT6_2 (LUT5, LUT6): 81 instances
  RAM32X1D => RAM32X1D (RAMD32(x2)): 64 instances

open_run: Time (s): cpu = 00:00:15 ; elapsed = 00:00:12 . Memory (MB): peak = 4096.906 ; gain = 0.000
WARNING: [Vivado 12-818] No files matched ''
ERROR: [Common 17-55] 'get_property' expects at least one object.
Resolution: If [get_<value>] was used to populate the object, check to make sure this command returns at least one valid object.
write_hw_platform -fixed -include_bit -force -file C:/Users/Lenovo/Desktop/Letnik3/DN/Project/Project01/top.xsa
INFO: [Project 1-1918] Creating Hardware Platform: C:/Users/Lenovo/Desktop/Letnik3/DN/Project/Project01/top.xsa ...
INFO: [Project 1-1943] The Hardware Platform can be used for Hardware
INFO: [Project 1-1941] Successfully created Hardware Platform: C:/Users/Lenovo/Desktop/Letnik3/DN/Project/Project01/top.xsa
WARNING: [filemgmt 56-199] Attempt to get parsing info during refresh. "On-the-fly" syntax checking information may be incorrect. [C:\Users\Lenovo\Desktop\Letnik3\DN\Project\Project01\Project01.srcs\sources_1\new\i2c_tmp102_master.sv:]
WARNING: [filemgmt 56-199] Attempt to get parsing info during refresh. "On-the-fly" syntax checking information may be incorrect. [C:\Users\Lenovo\Desktop\Letnik3\DN\Project\Project01\Project01.srcs\sources_1\new\i2c_master.sv:]
WARNING: [filemgmt 56-199] Attempt to get parsing info during refresh. "On-the-fly" syntax checking information may be incorrect. [C:\Users\Lenovo\Desktop\Letnik3\DN\Project\Project01\Project01.srcs\sources_1\new\APB_uart.sv:]
WARNING: [filemgmt 56-199] Attempt to get parsing info during refresh. "On-the-fly" syntax checking information may be incorrect. [C:\Users\Lenovo\Desktop\Letnik3\DN\Project\Project01\Project01.srcs\sources_1\new\APB_i2c.sv:]
WARNING: [filemgmt 56-199] Attempt to get parsing info during refresh. "On-the-fly" syntax checking information may be incorrect. [C:\Users\Lenovo\Desktop\Letnik3\DN\Project\Project01\Project01.srcs\sources_1\new\top.sv:]
WARNING: [filemgmt 56-199] Attempt to get parsing info during refresh. "On-the-fly" syntax checking information may be incorrect. [C:\Users\Lenovo\Desktop\Letnik3\DN\Project\Project01\Project01.srcs\sources_1\new\top.sv:]
WARNING: [filemgmt 56-199] Attempt to get parsing info during refresh. "On-the-fly" syntax checking information may be incorrect. [C:\Users\Lenovo\Desktop\Letnik3\DN\Project\Project01\Project01.srcs\sources_1\new\top.sv:]
WARNING: [filemgmt 56-199] Attempt to get parsing info during refresh. "On-the-fly" syntax checking information may be incorrect. [C:\Users\Lenovo\Desktop\Letnik3\DN\Project\Project01\Project01.srcs\sources_1\new\i2c_tmp102_master.sv:]
WARNING: [filemgmt 56-199] Attempt to get parsing info during refresh. "On-the-fly" syntax checking information may be incorrect. [C:\Users\Lenovo\Desktop\Letnik3\DN\Project\Project01\Project01.srcs\sources_1\new\i2c_master.sv:]
WARNING: [filemgmt 56-199] Attempt to get parsing info during refresh. "On-the-fly" syntax checking information may be incorrect. [C:\Users\Lenovo\Desktop\Letnik3\DN\Project\Project01\Project01.srcs\sources_1\new\APB_uart.sv:]
WARNING: [filemgmt 56-199] Attempt to get parsing info during refresh. "On-the-fly" syntax checking information may be incorrect. [C:\Users\Lenovo\Desktop\Letnik3\DN\Project\Project01\Project01.srcs\sources_1\new\APB_i2c.sv:]
WARNING: [filemgmt 56-199] Attempt to get parsing info during refresh. "On-the-fly" syntax checking information may be incorrect. [C:\Users\Lenovo\Desktop\Letnik3\DN\Project\Project01\Project01.srcs\sources_1\new\top.sv:]
WARNING: [filemgmt 56-199] Attempt to get parsing info during refresh. "On-the-fly" syntax checking information may be incorrect. [C:\Users\Lenovo\Desktop\Letnik3\DN\Project\Project01\Project01.srcs\sources_1\new\APB_i2c.sv:]
WARNING: [filemgmt 56-199] Attempt to get parsing info during refresh. "On-the-fly" syntax checking information may be incorrect. [C:\Users\Lenovo\Desktop\Letnik3\DN\Project\Project01\Project01.srcs\sources_1\new\APB_i2c.sv:]
ERROR: [Common 17-180] Spawn failed: The operation completed successfully.

reset_run impl_1 -prev_step 
launch_runs impl_1 -to_step write_bitstream -jobs 6
[Sun Jan 25 17:05:58 2026] Launched impl_1...
Run output will be captured here: C:/Users/Lenovo/Desktop/Letnik3/DN/Project/Project01/Project01.runs/impl_1/runme.log
open_hw_manager
connect_hw_server -allow_non_jtag
INFO: [Labtools 27-2285] Connecting to hw_server url TCP:localhost:3121
INFO: [Labtools 27-2222] Launching hw_server...
INFO: [Labtools 27-2221] Launch Output:

****** Xilinx hw_server v2025.1
  **** Build date : May  6 2025 at 09:15:36
    ** Copyright 1986-2022 Xilinx, Inc. All Rights Reserved.


INFO: [Labtools 27-3415] Connecting to cs_server url TCP:localhost:0
INFO: [Labtools 27-3417] Launching cs_server...
INFO: [Labtools 27-2221] Launch Output:


******** Xilinx cs_server v2025.1.0
  ****** Build date   : May 13 2025-21:15:27
    **** Build number : 2025.1.1747163727
      ** Copyright 2017-2022 Xilinx, Inc. All Rights Reserved.
      ** Copyright 2022-2026 Advanced Micro Devices, Inc. All Rights Reserved.



connect_hw_server: Time (s): cpu = 00:00:00 ; elapsed = 00:00:07 . Memory (MB): peak = 4096.906 ; gain = 0.000
open_hw_target
INFO: [Labtoolstcl 44-466] Opening hw_target localhost:3121/xilinx_tcf/Digilent/210292AA7E5EA
set_property PROGRAM.FILE {C:/Users/Lenovo/Desktop/Letnik3/DN/Project/Project01/Project01.runs/impl_1/top.bit} [get_hw_devices xc7a50t_0]
current_hw_device [get_hw_devices xc7a50t_0]
refresh_hw_device -update_hw_probes false [lindex [get_hw_devices xc7a50t_0] 0]
INFO: [Labtools 27-1434] Device xc7a50t (JTAG device index = 0) is programmed with a design that has no supported debug core(s) in it.
set_property PROBES.FILE {} [get_hw_devices xc7a50t_0]
set_property FULL_PROBES.FILE {} [get_hw_devices xc7a50t_0]
set_property PROGRAM.FILE {C:/Users/Lenovo/Desktop/Letnik3/DN/Project/Project01/Project01.runs/impl_1/top.bit} [get_hw_devices xc7a50t_0]
program_hw_devices [get_hw_devices xc7a50t_0]
INFO: [Labtools 27-3164] End of startup status: HIGH
refresh_hw_device [lindex [get_hw_devices xc7a50t_0] 0]
INFO: [Labtools 27-1434] Device xc7a50t (JTAG device index = 0) is programmed with a design that has no supported debug core(s) in it.
close_hw_manager
WARNING: [filemgmt 56-199] Attempt to get parsing info during refresh. "On-the-fly" syntax checking information may be incorrect. [C:\Users\Lenovo\Desktop\Letnik3\DN\Project\Project01\Project01.srcs\sources_1\new\i2c_tmp102_master.sv:]
WARNING: [filemgmt 56-199] Attempt to get parsing info during refresh. "On-the-fly" syntax checking information may be incorrect. [C:\Users\Lenovo\Desktop\Letnik3\DN\Project\Project01\Project01.srcs\sources_1\new\i2c_master.sv:]
WARNING: [filemgmt 56-199] Attempt to get parsing info during refresh. "On-the-fly" syntax checking information may be incorrect. [C:\Users\Lenovo\Desktop\Letnik3\DN\Project\Project01\Project01.srcs\sources_1\new\APB_uart.sv:]
WARNING: [filemgmt 56-199] Attempt to get parsing info during refresh. "On-the-fly" syntax checking information may be incorrect. [C:\Users\Lenovo\Desktop\Letnik3\DN\Project\Project01\Project01.srcs\sources_1\new\APB_i2c.sv:]
WARNING: [filemgmt 56-199] Attempt to get parsing info during refresh. "On-the-fly" syntax checking information may be incorrect. [C:\Users\Lenovo\Desktop\Letnik3\DN\Project\Project01\Project01.srcs\sources_1\new\top.sv:]
WARNING: [filemgmt 56-199] Attempt to get parsing info during refresh. "On-the-fly" syntax checking information may be incorrect. [C:\Users\Lenovo\Desktop\Letnik3\DN\Project\Project01\Project01.srcs\sources_1\new\top.sv:]
WARNING: [filemgmt 56-199] Attempt to get parsing info during refresh. "On-the-fly" syntax checking information may be incorrect. [C:\Users\Lenovo\Desktop\Letnik3\DN\Project\Project01\Project01.srcs\sources_1\new\top.sv:]
WARNING: [filemgmt 56-199] Attempt to get parsing info during refresh. "On-the-fly" syntax checking information may be incorrect. [C:\Users\Lenovo\Desktop\Letnik3\DN\Project\Project01\Project01.srcs\sources_1\new\i2c_tmp102_master.sv:]
WARNING: [filemgmt 56-199] Attempt to get parsing info during refresh. "On-the-fly" syntax checking information may be incorrect. [C:\Users\Lenovo\Desktop\Letnik3\DN\Project\Project01\Project01.srcs\sources_1\new\i2c_master.sv:]
WARNING: [filemgmt 56-199] Attempt to get parsing info during refresh. "On-the-fly" syntax checking information may be incorrect. [C:\Users\Lenovo\Desktop\Letnik3\DN\Project\Project01\Project01.srcs\sources_1\new\APB_uart.sv:]
WARNING: [filemgmt 56-199] Attempt to get parsing info during refresh. "On-the-fly" syntax checking information may be incorrect. [C:\Users\Lenovo\Desktop\Letnik3\DN\Project\Project01\Project01.srcs\sources_1\new\APB_i2c.sv:]
WARNING: [filemgmt 56-199] Attempt to get parsing info during refresh. "On-the-fly" syntax checking information may be incorrect. [C:\Users\Lenovo\Desktop\Letnik3\DN\Project\Project01\Project01.srcs\sources_1\new\top.sv:]
WARNING: [filemgmt 56-199] Attempt to get parsing info during refresh. "On-the-fly" syntax checking information may be incorrect. [C:\Users\Lenovo\Desktop\Letnik3\DN\Project\Project01\Project01.srcs\sources_1\new\APB_uart.sv:]
WARNING: [filemgmt 56-199] Attempt to get parsing info during refresh. "On-the-fly" syntax checking information may be incorrect. [C:\Users\Lenovo\Desktop\Letnik3\DN\Project\Project01\Project01.srcs\sources_1\new\APB_uart.sv:]
reset_run impl_1 -prev_step 
launch_runs impl_1 -to_step write_bitstream -jobs 6
[Sun Jan 25 17:22:52 2026] Launched impl_1...
Run output will be captured here: C:/Users/Lenovo/Desktop/Letnik3/DN/Project/Project01/Project01.runs/impl_1/runme.log
open_hw_manager
connect_hw_server -allow_non_jtag
INFO: [Labtools 27-2285] Connecting to hw_server url TCP:localhost:3121
INFO: [Labtools 27-2222] Launching hw_server...
INFO: [Labtools 27-2221] Launch Output:

****** Xilinx hw_server v2025.1
  **** Build date : May  6 2025 at 09:15:36
    ** Copyright 1986-2022 Xilinx, Inc. All Rights Reserved.


INFO: [Labtools 27-3415] Connecting to cs_server url TCP:localhost:0
INFO: [Labtools 27-3417] Launching cs_server...
INFO: [Labtools 27-2221] Launch Output:


******** Xilinx cs_server v2025.1.0
  ****** Build date   : May 13 2025-21:15:27
    **** Build number : 2025.1.1747163727
      ** Copyright 2017-2022 Xilinx, Inc. All Rights Reserved.
      ** Copyright 2022-2026 Advanced Micro Devices, Inc. All Rights Reserved.



connect_hw_server: Time (s): cpu = 00:00:01 ; elapsed = 00:00:06 . Memory (MB): peak = 4096.906 ; gain = 0.000
open_hw_target
INFO: [Labtoolstcl 44-466] Opening hw_target localhost:3121/xilinx_tcf/Digilent/210292AA7E5EA
set_property PROGRAM.FILE {C:/Users/Lenovo/Desktop/Letnik3/DN/Project/Project01/Project01.runs/impl_1/top.bit} [get_hw_devices xc7a50t_0]
current_hw_device [get_hw_devices xc7a50t_0]
refresh_hw_device -update_hw_probes false [lindex [get_hw_devices xc7a50t_0] 0]
INFO: [Labtools 27-1434] Device xc7a50t (JTAG device index = 0) is programmed with a design that has no supported debug core(s) in it.
set_property PROBES.FILE {} [get_hw_devices xc7a50t_0]
set_property FULL_PROBES.FILE {} [get_hw_devices xc7a50t_0]
set_property PROGRAM.FILE {C:/Users/Lenovo/Desktop/Letnik3/DN/Project/Project01/Project01.runs/impl_1/top.bit} [get_hw_devices xc7a50t_0]
program_hw_devices [get_hw_devices xc7a50t_0]
INFO: [Labtools 27-3164] End of startup status: HIGH
refresh_hw_device [lindex [get_hw_devices xc7a50t_0] 0]
INFO: [Labtools 27-1434] Device xc7a50t (JTAG device index = 0) is programmed with a design that has no supported debug core(s) in it.
reset_run synth_1
INFO: [Project 1-1161] Replacing file C:/Users/Lenovo/Desktop/Letnik3/DN/Project/Project01/Project01.srcs/utils_1/imports/synth_1/top.dcp with file C:/Users/Lenovo/Desktop/Letnik3/DN/Project/Project01/Project01.runs/synth_1/top.dcp
launch_runs impl_1 -to_step write_bitstream -jobs 6
[Sun Jan 25 17:26:13 2026] Launched synth_1...
Run output will be captured here: C:/Users/Lenovo/Desktop/Letnik3/DN/Project/Project01/Project01.runs/synth_1/runme.log
[Sun Jan 25 17:26:13 2026] Launched impl_1...
Run output will be captured here: C:/Users/Lenovo/Desktop/Letnik3/DN/Project/Project01/Project01.runs/impl_1/runme.log
WARNING: [Vivado 12-818] No files matched ''
ERROR: [Common 17-55] 'get_property' expects at least one object.
Resolution: If [get_<value>] was used to populate the object, check to make sure this command returns at least one valid object.
write_hw_platform -fixed -include_bit -force -file C:/Users/Lenovo/Desktop/Letnik3/DN/Project/Project01/top.xsa
INFO: [Project 1-1918] Creating Hardware Platform: C:/Users/Lenovo/Desktop/Letnik3/DN/Project/Project01/top.xsa ...
INFO: [Project 1-1943] The Hardware Platform can be used for Hardware
INFO: [Project 1-1941] Successfully created Hardware Platform: C:/Users/Lenovo/Desktop/Letnik3/DN/Project/Project01/top.xsa
WARNING: [filemgmt 56-199] Attempt to get parsing info during refresh. "On-the-fly" syntax checking information may be incorrect. [C:\Users\Lenovo\Desktop\Letnik3\DN\Project\Project01\Project01.srcs\sources_1\new\i2c_tmp102_master.sv:]
WARNING: [filemgmt 56-199] Attempt to get parsing info during refresh. "On-the-fly" syntax checking information may be incorrect. [C:\Users\Lenovo\Desktop\Letnik3\DN\Project\Project01\Project01.srcs\sources_1\new\i2c_master.sv:]
WARNING: [filemgmt 56-199] Attempt to get parsing info during refresh. "On-the-fly" syntax checking information may be incorrect. [C:\Users\Lenovo\Desktop\Letnik3\DN\Project\Project01\Project01.srcs\sources_1\new\APB_uart.sv:]
WARNING: [filemgmt 56-199] Attempt to get parsing info during refresh. "On-the-fly" syntax checking information may be incorrect. [C:\Users\Lenovo\Desktop\Letnik3\DN\Project\Project01\Project01.srcs\sources_1\new\APB_i2c.sv:]
WARNING: [filemgmt 56-199] Attempt to get parsing info during refresh. "On-the-fly" syntax checking information may be incorrect. [C:\Users\Lenovo\Desktop\Letnik3\DN\Project\Project01\Project01.srcs\sources_1\new\top.sv:]
WARNING: [filemgmt 56-199] Attempt to get parsing info during refresh. "On-the-fly" syntax checking information may be incorrect. [C:\Users\Lenovo\Desktop\Letnik3\DN\Project\Project01\Project01.srcs\sources_1\new\APB_uart.sv:]
WARNING: [filemgmt 56-199] Attempt to get parsing info during refresh. "On-the-fly" syntax checking information may be incorrect. [C:\Users\Lenovo\Desktop\Letnik3\DN\Project\Project01\Project01.srcs\sources_1\new\APB_uart.sv:]
reset_run impl_1 -prev_step 
launch_runs impl_1 -to_step write_bitstream -jobs 6
[Sun Jan 25 17:29:11 2026] Launched impl_1...
Run output will be captured here: C:/Users/Lenovo/Desktop/Letnik3/DN/Project/Project01/Project01.runs/impl_1/runme.log
refresh_hw_device [lindex [get_hw_devices xc7a50t_0] 0]
INFO: [Labtools 27-1434] Device xc7a50t (JTAG device index = 0) is programmed with a design that has no supported debug core(s) in it.
set_property PROBES.FILE {} [get_hw_devices xc7a50t_0]
set_property FULL_PROBES.FILE {} [get_hw_devices xc7a50t_0]
set_property PROGRAM.FILE {C:/Users/Lenovo/Desktop/Letnik3/DN/Project/Project01/Project01.runs/impl_1/top.bit} [get_hw_devices xc7a50t_0]
program_hw_devices [get_hw_devices xc7a50t_0]
INFO: [Labtools 27-3164] End of startup status: HIGH
refresh_hw_device [lindex [get_hw_devices xc7a50t_0] 0]
INFO: [Labtools 27-1434] Device xc7a50t (JTAG device index = 0) is programmed with a design that has no supported debug core(s) in it.
close_hw_manager
open_hw_manager
connect_hw_server -allow_non_jtag
INFO: [Labtools 27-2285] Connecting to hw_server url TCP:localhost:3121
INFO: [Labtools 27-3415] Connecting to cs_server url TCP:localhost:0
INFO: [Labtools 27-3417] Launching cs_server...
INFO: [Labtools 27-2221] Launch Output:


******** Xilinx cs_server v2025.1.0
  ****** Build date   : May 13 2025-21:15:27
    **** Build number : 2025.1.1747163727
      ** Copyright 2017-2022 Xilinx, Inc. All Rights Reserved.
      ** Copyright 2022-2026 Advanced Micro Devices, Inc. All Rights Reserved.



open_hw_target
INFO: [Labtoolstcl 44-466] Opening hw_target localhost:3121/xilinx_tcf/Digilent/210292AA7E5EA
set_property PROGRAM.FILE {C:/Users/Lenovo/Desktop/Letnik3/DN/Project/Project01/Project01.runs/impl_1/top.bit} [get_hw_devices xc7a50t_0]
current_hw_device [get_hw_devices xc7a50t_0]
refresh_hw_device -update_hw_probes false [lindex [get_hw_devices xc7a50t_0] 0]
INFO: [Labtools 27-1434] Device xc7a50t (JTAG device index = 0) is programmed with a design that has no supported debug core(s) in it.
set_property PROBES.FILE {} [get_hw_devices xc7a50t_0]
set_property FULL_PROBES.FILE {} [get_hw_devices xc7a50t_0]
set_property PROGRAM.FILE {C:/Users/Lenovo/Desktop/Letnik3/DN/Project/Project01/Project01.runs/impl_1/top.bit} [get_hw_devices xc7a50t_0]
program_hw_devices [get_hw_devices xc7a50t_0]
INFO: [Labtools 27-3164] End of startup status: HIGH
refresh_hw_device [lindex [get_hw_devices xc7a50t_0] 0]
INFO: [Labtools 27-1434] Device xc7a50t (JTAG device index = 0) is programmed with a design that has no supported debug core(s) in it.
WARNING: [filemgmt 56-199] Attempt to get parsing info during refresh. "On-the-fly" syntax checking information may be incorrect. [C:\Users\Lenovo\Desktop\Letnik3\DN\Project\Project01\Project01.srcs\sources_1\new\i2c_tmp102_master.sv:]
WARNING: [filemgmt 56-199] Attempt to get parsing info during refresh. "On-the-fly" syntax checking information may be incorrect. [C:\Users\Lenovo\Desktop\Letnik3\DN\Project\Project01\Project01.srcs\sources_1\new\i2c_master.sv:]
WARNING: [filemgmt 56-199] Attempt to get parsing info during refresh. "On-the-fly" syntax checking information may be incorrect. [C:\Users\Lenovo\Desktop\Letnik3\DN\Project\Project01\Project01.srcs\sources_1\new\APB_uart.sv:]
WARNING: [filemgmt 56-199] Attempt to get parsing info during refresh. "On-the-fly" syntax checking information may be incorrect. [C:\Users\Lenovo\Desktop\Letnik3\DN\Project\Project01\Project01.srcs\sources_1\new\APB_i2c.sv:]
WARNING: [filemgmt 56-199] Attempt to get parsing info during refresh. "On-the-fly" syntax checking information may be incorrect. [C:\Users\Lenovo\Desktop\Letnik3\DN\Project\Project01\Project01.srcs\sources_1\new\top.sv:]
WARNING: [filemgmt 56-199] Attempt to get parsing info during refresh. "On-the-fly" syntax checking information may be incorrect. [C:\Users\Lenovo\Desktop\Letnik3\DN\Project\Project01\Project01.srcs\sources_1\new\APB_uart.sv:]
WARNING: [filemgmt 56-199] Attempt to get parsing info during refresh. "On-the-fly" syntax checking information may be incorrect. [C:\Users\Lenovo\Desktop\Letnik3\DN\Project\Project01\Project01.srcs\sources_1\new\APB_uart.sv:]
WARNING: [filemgmt 56-199] Attempt to get parsing info during refresh. "On-the-fly" syntax checking information may be incorrect. [C:\Users\Lenovo\Desktop\Letnik3\DN\Project\Project01\Project01.srcs\sources_1\new\i2c_tmp102_master.sv:]
WARNING: [filemgmt 56-199] Attempt to get parsing info during refresh. "On-the-fly" syntax checking information may be incorrect. [C:\Users\Lenovo\Desktop\Letnik3\DN\Project\Project01\Project01.srcs\sources_1\new\i2c_master.sv:]
WARNING: [filemgmt 56-199] Attempt to get parsing info during refresh. "On-the-fly" syntax checking information may be incorrect. [C:\Users\Lenovo\Desktop\Letnik3\DN\Project\Project01\Project01.srcs\sources_1\new\APB_uart.sv:]
WARNING: [filemgmt 56-199] Attempt to get parsing info during refresh. "On-the-fly" syntax checking information may be incorrect. [C:\Users\Lenovo\Desktop\Letnik3\DN\Project\Project01\Project01.srcs\sources_1\new\APB_i2c.sv:]
WARNING: [filemgmt 56-199] Attempt to get parsing info during refresh. "On-the-fly" syntax checking information may be incorrect. [C:\Users\Lenovo\Desktop\Letnik3\DN\Project\Project01\Project01.srcs\sources_1\new\top.sv:]
WARNING: [filemgmt 56-199] Attempt to get parsing info during refresh. "On-the-fly" syntax checking information may be incorrect. [C:\Users\Lenovo\Desktop\Letnik3\DN\Project\Project01\Project01.srcs\sources_1\new\APB_i2c.sv:]
WARNING: [filemgmt 56-199] Attempt to get parsing info during refresh. "On-the-fly" syntax checking information may be incorrect. [C:\Users\Lenovo\Desktop\Letnik3\DN\Project\Project01\Project01.srcs\sources_1\new\APB_i2c.sv:]
ERROR: [Common 17-180] Spawn failed: The operation completed successfully.

WARNING: [filemgmt 56-199] Attempt to get parsing info during refresh. "On-the-fly" syntax checking information may be incorrect. [C:\Users\Lenovo\Desktop\Letnik3\DN\Project\Project01\Project01.srcs\sources_1\new\i2c_tmp102_master.sv:]
WARNING: [filemgmt 56-199] Attempt to get parsing info during refresh. "On-the-fly" syntax checking information may be incorrect. [C:\Users\Lenovo\Desktop\Letnik3\DN\Project\Project01\Project01.srcs\sources_1\new\i2c_master.sv:]
WARNING: [filemgmt 56-199] Attempt to get parsing info during refresh. "On-the-fly" syntax checking information may be incorrect. [C:\Users\Lenovo\Desktop\Letnik3\DN\Project\Project01\Project01.srcs\sources_1\new\APB_uart.sv:]
WARNING: [filemgmt 56-199] Attempt to get parsing info during refresh. "On-the-fly" syntax checking information may be incorrect. [C:\Users\Lenovo\Desktop\Letnik3\DN\Project\Project01\Project01.srcs\sources_1\new\APB_i2c.sv:]
WARNING: [filemgmt 56-199] Attempt to get parsing info during refresh. "On-the-fly" syntax checking information may be incorrect. [C:\Users\Lenovo\Desktop\Letnik3\DN\Project\Project01\Project01.srcs\sources_1\new\top.sv:]
WARNING: [filemgmt 56-199] Attempt to get parsing info during refresh. "On-the-fly" syntax checking information may be incorrect. [C:\Users\Lenovo\Desktop\Letnik3\DN\Project\Project01\Project01.srcs\sources_1\new\APB_uart.sv:]
WARNING: [filemgmt 56-199] Attempt to get parsing info during refresh. "On-the-fly" syntax checking information may be incorrect. [C:\Users\Lenovo\Desktop\Letnik3\DN\Project\Project01\Project01.srcs\sources_1\new\APB_uart.sv:]
WARNING: [filemgmt 56-199] Attempt to get parsing info during refresh. "On-the-fly" syntax checking information may be incorrect. [C:\Users\Lenovo\Desktop\Letnik3\DN\Project\Project01\Project01.srcs\sources_1\new\i2c_tmp102_master.sv:]
WARNING: [filemgmt 56-199] Attempt to get parsing info during refresh. "On-the-fly" syntax checking information may be incorrect. [C:\Users\Lenovo\Desktop\Letnik3\DN\Project\Project01\Project01.srcs\sources_1\new\i2c_master.sv:]
WARNING: [filemgmt 56-199] Attempt to get parsing info during refresh. "On-the-fly" syntax checking information may be incorrect. [C:\Users\Lenovo\Desktop\Letnik3\DN\Project\Project01\Project01.srcs\sources_1\new\APB_uart.sv:]
WARNING: [filemgmt 56-199] Attempt to get parsing info during refresh. "On-the-fly" syntax checking information may be incorrect. [C:\Users\Lenovo\Desktop\Letnik3\DN\Project\Project01\Project01.srcs\sources_1\new\APB_i2c.sv:]
WARNING: [filemgmt 56-199] Attempt to get parsing info during refresh. "On-the-fly" syntax checking information may be incorrect. [C:\Users\Lenovo\Desktop\Letnik3\DN\Project\Project01\Project01.srcs\sources_1\new\top.sv:]
WARNING: [filemgmt 56-199] Attempt to get parsing info during refresh. "On-the-fly" syntax checking information may be incorrect. [C:\Users\Lenovo\Desktop\Letnik3\DN\Project\Project01\Project01.srcs\sources_1\new\APB_i2c.sv:]
WARNING: [filemgmt 56-199] Attempt to get parsing info during refresh. "On-the-fly" syntax checking information may be incorrect. [C:\Users\Lenovo\Desktop\Letnik3\DN\Project\Project01\Project01.srcs\sources_1\new\APB_i2c.sv:]
ERROR: [Common 17-180] Spawn failed: The operation completed successfully.

reset_run impl_1 -prev_step 
launch_runs impl_1 -to_step write_bitstream -jobs 6
[Sun Jan 25 17:40:29 2026] Launched impl_1...
Run output will be captured here: C:/Users/Lenovo/Desktop/Letnik3/DN/Project/Project01/Project01.runs/impl_1/runme.log
set_property PROBES.FILE {} [get_hw_devices xc7a50t_0]
set_property FULL_PROBES.FILE {} [get_hw_devices xc7a50t_0]
set_property PROGRAM.FILE {C:/Users/Lenovo/Desktop/Letnik3/DN/Project/Project01/Project01.runs/impl_1/top.bit} [get_hw_devices xc7a50t_0]
program_hw_devices [get_hw_devices xc7a50t_0]
INFO: [Labtools 27-3164] End of startup status: HIGH
refresh_hw_device [lindex [get_hw_devices xc7a50t_0] 0]
INFO: [Labtools 27-1434] Device xc7a50t (JTAG device index = 0) is programmed with a design that has no supported debug core(s) in it.
close_hw_manager
open_hw_manager
connect_hw_server -allow_non_jtag
INFO: [Labtools 27-2285] Connecting to hw_server url TCP:localhost:3121
INFO: [Labtools 27-3415] Connecting to cs_server url TCP:localhost:0
INFO: [Labtools 27-3417] Launching cs_server...
INFO: [Labtools 27-2221] Launch Output:


******** Xilinx cs_server v2025.1.0
  ****** Build date   : May 13 2025-21:15:27
    **** Build number : 2025.1.1747163727
      ** Copyright 2017-2022 Xilinx, Inc. All Rights Reserved.
      ** Copyright 2022-2026 Advanced Micro Devices, Inc. All Rights Reserved.



open_hw_target
INFO: [Labtoolstcl 44-466] Opening hw_target localhost:3121/xilinx_tcf/Digilent/210292AA7E5EA
set_property PROGRAM.FILE {C:/Users/Lenovo/Desktop/Letnik3/DN/Project/Project01/Project01.runs/impl_1/top.bit} [get_hw_devices xc7a50t_0]
current_hw_device [get_hw_devices xc7a50t_0]
refresh_hw_device -update_hw_probes false [lindex [get_hw_devices xc7a50t_0] 0]
INFO: [Labtools 27-1434] Device xc7a50t (JTAG device index = 0) is programmed with a design that has no supported debug core(s) in it.
set_property PROBES.FILE {} [get_hw_devices xc7a50t_0]
set_property FULL_PROBES.FILE {} [get_hw_devices xc7a50t_0]
set_property PROGRAM.FILE {C:/Users/Lenovo/Desktop/Letnik3/DN/Project/Project01/Project01.runs/impl_1/top.bit} [get_hw_devices xc7a50t_0]
program_hw_devices [get_hw_devices xc7a50t_0]
INFO: [Labtools 27-3164] End of startup status: HIGH
refresh_hw_device [lindex [get_hw_devices xc7a50t_0] 0]
INFO: [Labtools 27-1434] Device xc7a50t (JTAG device index = 0) is programmed with a design that has no supported debug core(s) in it.
WARNING: [filemgmt 56-199] Attempt to get parsing info during refresh. "On-the-fly" syntax checking information may be incorrect. [C:\Users\Lenovo\Desktop\Letnik3\DN\Project\Project01\Project01.srcs\sources_1\new\i2c_tmp102_master.sv:]
WARNING: [filemgmt 56-199] Attempt to get parsing info during refresh. "On-the-fly" syntax checking information may be incorrect. [C:\Users\Lenovo\Desktop\Letnik3\DN\Project\Project01\Project01.srcs\sources_1\new\i2c_master.sv:]
WARNING: [filemgmt 56-199] Attempt to get parsing info during refresh. "On-the-fly" syntax checking information may be incorrect. [C:\Users\Lenovo\Desktop\Letnik3\DN\Project\Project01\Project01.srcs\sources_1\new\APB_uart.sv:]
WARNING: [filemgmt 56-199] Attempt to get parsing info during refresh. "On-the-fly" syntax checking information may be incorrect. [C:\Users\Lenovo\Desktop\Letnik3\DN\Project\Project01\Project01.srcs\sources_1\new\APB_i2c.sv:]
WARNING: [filemgmt 56-199] Attempt to get parsing info during refresh. "On-the-fly" syntax checking information may be incorrect. [C:\Users\Lenovo\Desktop\Letnik3\DN\Project\Project01\Project01.srcs\sources_1\new\top.sv:]
WARNING: [filemgmt 56-199] Attempt to get parsing info during refresh. "On-the-fly" syntax checking information may be incorrect. [C:\Users\Lenovo\Desktop\Letnik3\DN\Project\Project01\Project01.srcs\sources_1\new\top.sv:]
WARNING: [filemgmt 56-199] Attempt to get parsing info during refresh. "On-the-fly" syntax checking information may be incorrect. [C:\Users\Lenovo\Desktop\Letnik3\DN\Project\Project01\Project01.srcs\sources_1\new\top.sv:]
WARNING: [filemgmt 56-199] Attempt to get parsing info during refresh. "On-the-fly" syntax checking information may be incorrect. [C:\Users\Lenovo\Desktop\Letnik3\DN\Project\Project01\Project01.srcs\sources_1\new\i2c_tmp102_master.sv:]
WARNING: [filemgmt 56-199] Attempt to get parsing info during refresh. "On-the-fly" syntax checking information may be incorrect. [C:\Users\Lenovo\Desktop\Letnik3\DN\Project\Project01\Project01.srcs\sources_1\new\i2c_master.sv:]
WARNING: [filemgmt 56-199] Attempt to get parsing info during refresh. "On-the-fly" syntax checking information may be incorrect. [C:\Users\Lenovo\Desktop\Letnik3\DN\Project\Project01\Project01.srcs\sources_1\new\APB_uart.sv:]
WARNING: [filemgmt 56-199] Attempt to get parsing info during refresh. "On-the-fly" syntax checking information may be incorrect. [C:\Users\Lenovo\Desktop\Letnik3\DN\Project\Project01\Project01.srcs\sources_1\new\APB_i2c.sv:]
WARNING: [filemgmt 56-199] Attempt to get parsing info during refresh. "On-the-fly" syntax checking information may be incorrect. [C:\Users\Lenovo\Desktop\Letnik3\DN\Project\Project01\Project01.srcs\sources_1\new\top.sv:]
WARNING: [filemgmt 56-199] Attempt to get parsing info during refresh. "On-the-fly" syntax checking information may be incorrect. [C:\Users\Lenovo\Desktop\Letnik3\DN\Project\Project01\Project01.srcs\sources_1\new\APB_uart.sv:]
WARNING: [filemgmt 56-199] Attempt to get parsing info during refresh. "On-the-fly" syntax checking information may be incorrect. [C:\Users\Lenovo\Desktop\Letnik3\DN\Project\Project01\Project01.srcs\sources_1\new\APB_uart.sv:]
reset_run synth_1
INFO: [Project 1-1161] Replacing file C:/Users/Lenovo/Desktop/Letnik3/DN/Project/Project01/Project01.srcs/utils_1/imports/synth_1/top.dcp with file C:/Users/Lenovo/Desktop/Letnik3/DN/Project/Project01/Project01.runs/synth_1/top.dcp
launch_runs impl_1 -to_step write_bitstream -jobs 6
WARNING: [filemgmt 56-199] Attempt to get parsing info during refresh. "On-the-fly" syntax checking information may be incorrect. [C:\Users\Lenovo\Desktop\Letnik3\DN\Project\Project01\Project01.srcs\sources_1\new\i2c_tmp102_master.sv:]
WARNING: [filemgmt 56-199] Attempt to get parsing info during refresh. "On-the-fly" syntax checking information may be incorrect. [C:\Users\Lenovo\Desktop\Letnik3\DN\Project\Project01\Project01.srcs\sources_1\new\i2c_master.sv:]
WARNING: [filemgmt 56-199] Attempt to get parsing info during refresh. "On-the-fly" syntax checking information may be incorrect. [C:\Users\Lenovo\Desktop\Letnik3\DN\Project\Project01\Project01.srcs\sources_1\new\APB_uart.sv:]
WARNING: [filemgmt 56-199] Attempt to get parsing info during refresh. "On-the-fly" syntax checking information may be incorrect. [C:\Users\Lenovo\Desktop\Letnik3\DN\Project\Project01\Project01.srcs\sources_1\new\APB_i2c.sv:]
WARNING: [filemgmt 56-199] Attempt to get parsing info during refresh. "On-the-fly" syntax checking information may be incorrect. [C:\Users\Lenovo\Desktop\Letnik3\DN\Project\Project01\Project01.srcs\sources_1\new\top.sv:]
WARNING: [filemgmt 56-199] Attempt to get parsing info during refresh. "On-the-fly" syntax checking information may be incorrect. [C:\Users\Lenovo\Desktop\Letnik3\DN\Project\Project01\Project01.srcs\sources_1\new\top.sv:]
WARNING: [filemgmt 56-199] Attempt to get parsing info during refresh. "On-the-fly" syntax checking information may be incorrect. [C:\Users\Lenovo\Desktop\Letnik3\DN\Project\Project01\Project01.srcs\sources_1\new\top.sv:]
[Sun Jan 25 17:59:10 2026] Launched synth_1...
Run output will be captured here: C:/Users/Lenovo/Desktop/Letnik3/DN/Project/Project01/Project01.runs/synth_1/runme.log
[Sun Jan 25 17:59:10 2026] Launched impl_1...
Run output will be captured here: C:/Users/Lenovo/Desktop/Letnik3/DN/Project/Project01/Project01.runs/impl_1/runme.log
WARNING: [filemgmt 56-199] Attempt to get parsing info during refresh. "On-the-fly" syntax checking information may be incorrect. [C:\Users\Lenovo\Desktop\Letnik3\DN\Project\Project01\Project01.srcs\sources_1\new\i2c_tmp102_master.sv:]
WARNING: [filemgmt 56-199] Attempt to get parsing info during refresh. "On-the-fly" syntax checking information may be incorrect. [C:\Users\Lenovo\Desktop\Letnik3\DN\Project\Project01\Project01.srcs\sources_1\new\i2c_master.sv:]
WARNING: [filemgmt 56-199] Attempt to get parsing info during refresh. "On-the-fly" syntax checking information may be incorrect. [C:\Users\Lenovo\Desktop\Letnik3\DN\Project\Project01\Project01.srcs\sources_1\new\APB_uart.sv:]
WARNING: [filemgmt 56-199] Attempt to get parsing info during refresh. "On-the-fly" syntax checking information may be incorrect. [C:\Users\Lenovo\Desktop\Letnik3\DN\Project\Project01\Project01.srcs\sources_1\new\APB_i2c.sv:]
WARNING: [filemgmt 56-199] Attempt to get parsing info during refresh. "On-the-fly" syntax checking information may be incorrect. [C:\Users\Lenovo\Desktop\Letnik3\DN\Project\Project01\Project01.srcs\sources_1\new\top.sv:]
WARNING: [filemgmt 56-199] Attempt to get parsing info during refresh. "On-the-fly" syntax checking information may be incorrect. [C:\Users\Lenovo\Desktop\Letnik3\DN\Project\Project01\Project01.srcs\sources_1\new\APB_i2c.sv:]
WARNING: [filemgmt 56-199] Attempt to get parsing info during refresh. "On-the-fly" syntax checking information may be incorrect. [C:\Users\Lenovo\Desktop\Letnik3\DN\Project\Project01\Project01.srcs\sources_1\new\APB_i2c.sv:]
set_property PROBES.FILE {} [get_hw_devices xc7a50t_0]
set_property FULL_PROBES.FILE {} [get_hw_devices xc7a50t_0]
set_property PROGRAM.FILE {C:/Users/Lenovo/Desktop/Letnik3/DN/Project/Project01/Project01.runs/impl_1/top.bit} [get_hw_devices xc7a50t_0]
program_hw_devices [get_hw_devices xc7a50t_0]
INFO: [Labtools 27-3164] End of startup status: HIGH
refresh_hw_device [lindex [get_hw_devices xc7a50t_0] 0]
INFO: [Labtools 27-1434] Device xc7a50t (JTAG device index = 0) is programmed with a design that has no supported debug core(s) in it.
close_hw_manager
open_hw_manager
connect_hw_server -allow_non_jtag
INFO: [Labtools 27-2285] Connecting to hw_server url TCP:localhost:3121
INFO: [Labtools 27-3415] Connecting to cs_server url TCP:localhost:0
INFO: [Labtools 27-3417] Launching cs_server...
INFO: [Labtools 27-2221] Launch Output:


******** Xilinx cs_server v2025.1.0
  ****** Build date   : May 13 2025-21:15:27
    **** Build number : 2025.1.1747163727
      ** Copyright 2017-2022 Xilinx, Inc. All Rights Reserved.
      ** Copyright 2022-2026 Advanced Micro Devices, Inc. All Rights Reserved.



open_hw_target
INFO: [Labtoolstcl 44-466] Opening hw_target localhost:3121/xilinx_tcf/Digilent/210292AA7E5EA
set_property PROGRAM.FILE {C:/Users/Lenovo/Desktop/Letnik3/DN/Project/Project01/Project01.runs/impl_1/top.bit} [get_hw_devices xc7a50t_0]
current_hw_device [get_hw_devices xc7a50t_0]
refresh_hw_device -update_hw_probes false [lindex [get_hw_devices xc7a50t_0] 0]
INFO: [Labtools 27-1434] Device xc7a50t (JTAG device index = 0) is programmed with a design that has no supported debug core(s) in it.
set_property PROBES.FILE {} [get_hw_devices xc7a50t_0]
set_property FULL_PROBES.FILE {} [get_hw_devices xc7a50t_0]
set_property PROGRAM.FILE {C:/Users/Lenovo/Desktop/Letnik3/DN/Project/Project01/Project01.runs/impl_1/top.bit} [get_hw_devices xc7a50t_0]
program_hw_devices [get_hw_devices xc7a50t_0]
INFO: [Labtools 27-3164] End of startup status: HIGH
refresh_hw_device [lindex [get_hw_devices xc7a50t_0] 0]
INFO: [Labtools 27-1434] Device xc7a50t (JTAG device index = 0) is programmed with a design that has no supported debug core(s) in it.
close_hw_manager
close_design
reset_run impl_1 -prev_step 
launch_runs impl_1 -to_step write_bitstream -jobs 6
[Sun Jan 25 18:11:53 2026] Launched impl_1...
Run output will be captured here: C:/Users/Lenovo/Desktop/Letnik3/DN/Project/Project01/Project01.runs/impl_1/runme.log
reset_run impl_1 -prev_step 
WARNING: [Vivado 12-1017] Problems encountered:
1. Couldn't access process for termination

reset_run impl_1 -prev_step 
WARNING: [Vivado 12-1017] Problems encountered:
1. Couldn't access process for termination

reset_run synth_1
INFO: [Project 1-1161] Replacing file C:/Users/Lenovo/Desktop/Letnik3/DN/Project/Project01/Project01.srcs/utils_1/imports/synth_1/top.dcp with file C:/Users/Lenovo/Desktop/Letnik3/DN/Project/Project01/Project01.runs/synth_1/top.dcp
WARNING: [filemgmt 56-199] Attempt to get parsing info during refresh. "On-the-fly" syntax checking information may be incorrect. [C:\Users\Lenovo\Desktop\Letnik3\DN\Project\Project01\Project01.srcs\sources_1\new\i2c_tmp102_master.sv:]
WARNING: [filemgmt 56-199] Attempt to get parsing info during refresh. "On-the-fly" syntax checking information may be incorrect. [C:\Users\Lenovo\Desktop\Letnik3\DN\Project\Project01\Project01.srcs\sources_1\new\i2c_master.sv:]
WARNING: [filemgmt 56-199] Attempt to get parsing info during refresh. "On-the-fly" syntax checking information may be incorrect. [C:\Users\Lenovo\Desktop\Letnik3\DN\Project\Project01\Project01.srcs\sources_1\new\APB_uart.sv:]
WARNING: [filemgmt 56-199] Attempt to get parsing info during refresh. "On-the-fly" syntax checking information may be incorrect. [C:\Users\Lenovo\Desktop\Letnik3\DN\Project\Project01\Project01.srcs\sources_1\new\APB_i2c.sv:]
WARNING: [filemgmt 56-199] Attempt to get parsing info during refresh. "On-the-fly" syntax checking information may be incorrect. [C:\Users\Lenovo\Desktop\Letnik3\DN\Project\Project01\Project01.srcs\sources_1\new\top.sv:]
WARNING: [filemgmt 56-199] Attempt to get parsing info during refresh. "On-the-fly" syntax checking information may be incorrect. [C:\Users\Lenovo\Desktop\Letnik3\DN\Project\Project01\Project01.srcs\sources_1\new\top.sv:]
WARNING: [filemgmt 56-199] Attempt to get parsing info during refresh. "On-the-fly" syntax checking information may be incorrect. [C:\Users\Lenovo\Desktop\Letnik3\DN\Project\Project01\Project01.srcs\sources_1\new\top.sv:]
launch_runs impl_1 -to_step write_bitstream -jobs 6
[Sun Jan 25 18:12:13 2026] Launched synth_1...
Run output will be captured here: C:/Users/Lenovo/Desktop/Letnik3/DN/Project/Project01/Project01.runs/synth_1/runme.log
[Sun Jan 25 18:12:13 2026] Launched impl_1...
Run output will be captured here: C:/Users/Lenovo/Desktop/Letnik3/DN/Project/Project01/Project01.runs/impl_1/runme.log
WARNING: [filemgmt 56-199] Attempt to get parsing info during refresh. "On-the-fly" syntax checking information may be incorrect. [C:\Users\Lenovo\Desktop\Letnik3\DN\Project\Project01\Project01.srcs\sources_1\new\i2c_tmp102_master.sv:]
WARNING: [filemgmt 56-199] Attempt to get parsing info during refresh. "On-the-fly" syntax checking information may be incorrect. [C:\Users\Lenovo\Desktop\Letnik3\DN\Project\Project01\Project01.srcs\sources_1\new\i2c_master.sv:]
WARNING: [filemgmt 56-199] Attempt to get parsing info during refresh. "On-the-fly" syntax checking information may be incorrect. [C:\Users\Lenovo\Desktop\Letnik3\DN\Project\Project01\Project01.srcs\sources_1\new\APB_uart.sv:]
WARNING: [filemgmt 56-199] Attempt to get parsing info during refresh. "On-the-fly" syntax checking information may be incorrect. [C:\Users\Lenovo\Desktop\Letnik3\DN\Project\Project01\Project01.srcs\sources_1\new\APB_i2c.sv:]
WARNING: [filemgmt 56-199] Attempt to get parsing info during refresh. "On-the-fly" syntax checking information may be incorrect. [C:\Users\Lenovo\Desktop\Letnik3\DN\Project\Project01\Project01.srcs\sources_1\new\top.sv:]
WARNING: [filemgmt 56-199] Attempt to get parsing info during refresh. "On-the-fly" syntax checking information may be incorrect. [C:\Users\Lenovo\Desktop\Letnik3\DN\Project\Project01\Project01.srcs\sources_1\new\APB_i2c.sv:]
WARNING: [filemgmt 56-199] Attempt to get parsing info during refresh. "On-the-fly" syntax checking information may be incorrect. [C:\Users\Lenovo\Desktop\Letnik3\DN\Project\Project01\Project01.srcs\sources_1\new\APB_i2c.sv:]
open_run impl_1
Netlist sorting complete. Time (s): cpu = 00:00:00 ; elapsed = 00:00:00.073 . Memory (MB): peak = 4096.906 ; gain = 0.000
INFO: [Netlist 29-17] Analyzing 256 Unisim elements for replacement
INFO: [Netlist 29-28] Unisim Transformation completed in 0 CPU seconds
INFO: [Project 1-479] Netlist was created with Vivado 2025.1
INFO: [Project 1-570] Preparing netlist for logic optimization
Read ShapeDB Complete: Time (s): cpu = 00:00:00 ; elapsed = 00:00:00.008 . Memory (MB): peak = 4096.906 ; gain = 0.000
INFO: [Timing 38-478] Restoring timing data from binary archive.
INFO: [Timing 38-479] Binary timing data restore complete.
INFO: [Project 1-856] Restoring constraints from binary archive.
INFO: [Project 1-853] Binary constraint restore complete.
INFO: [Designutils 20-5722] Start Reading Physical Databases.
Reading placement.
Read Netlist Cache: Time (s): cpu = 00:00:00 ; elapsed = 00:00:00.002 . Memory (MB): peak = 4096.906 ; gain = 0.000
Reading placer database...
Read Device Cache: Time (s): cpu = 00:00:01 ; elapsed = 00:00:00.006 . Memory (MB): peak = 4096.906 ; gain = 0.000
Read PlaceDB: Time (s): cpu = 00:00:00 ; elapsed = 00:00:00.062 . Memory (MB): peak = 4096.906 ; gain = 0.000
Read PulsedLatchDB: Time (s): cpu = 00:00:00 ; elapsed = 00:00:00 . Memory (MB): peak = 4096.906 ; gain = 0.000
Reading routing.
Read RouteStorage: Time (s): cpu = 00:00:00 ; elapsed = 00:00:00.053 . Memory (MB): peak = 4096.906 ; gain = 0.000
Read Physdb Files: Time (s): cpu = 00:00:01 ; elapsed = 00:00:00.133 . Memory (MB): peak = 4096.906 ; gain = 0.000
Restored from archive | CPU: 1.000000 secs | Memory: 0.000000 MB |
Finished XDEF File Restore: Time (s): cpu = 00:00:01 ; elapsed = 00:00:00.134 . Memory (MB): peak = 4096.906 ; gain = 0.000
Generating merged BMM file for the design top 'microblaze_mcs_0'...
INFO: [Memdata 28-144] Successfully populated the BRAM INIT strings from the following elf files: C:/Users/Lenovo/Desktop/Letnik3/DN/Project/app_component/build/app_component.elf 
Netlist sorting complete. Time (s): cpu = 00:00:00 ; elapsed = 00:00:00.004 . Memory (MB): peak = 4096.906 ; gain = 0.000
INFO: [Project 1-111] Unisim Transformation Summary:
  A total of 146 instances were transformed.
  IOBUF => IOBUF (IBUF, OBUFT): 1 instance 
  LUT6_2 => LUT6_2 (LUT5, LUT6): 81 instances
  RAM32X1D => RAM32X1D (RAMD32(x2)): 64 instances

open_run: Time (s): cpu = 00:00:15 ; elapsed = 00:00:11 . Memory (MB): peak = 4096.906 ; gain = 0.000
WARNING: [Vivado 12-818] No files matched ''
ERROR: [Common 17-55] 'get_property' expects at least one object.
Resolution: If [get_<value>] was used to populate the object, check to make sure this command returns at least one valid object.
write_hw_platform -fixed -include_bit -force -file C:/Users/Lenovo/Desktop/Letnik3/DN/Project/Project01/top.xsa
INFO: [Project 1-1918] Creating Hardware Platform: C:/Users/Lenovo/Desktop/Letnik3/DN/Project/Project01/top.xsa ...
INFO: [Project 1-1943] The Hardware Platform can be used for Hardware
INFO: [Project 1-1941] Successfully created Hardware Platform: C:/Users/Lenovo/Desktop/Letnik3/DN/Project/Project01/top.xsa
WARNING: [filemgmt 56-199] Attempt to get parsing info during refresh. "On-the-fly" syntax checking information may be incorrect. [C:\Users\Lenovo\Desktop\Letnik3\DN\Project\Project01\Project01.srcs\sources_1\new\i2c_tmp102_master.sv:]
WARNING: [filemgmt 56-199] Attempt to get parsing info during refresh. "On-the-fly" syntax checking information may be incorrect. [C:\Users\Lenovo\Desktop\Letnik3\DN\Project\Project01\Project01.srcs\sources_1\new\i2c_master.sv:]
WARNING: [filemgmt 56-199] Attempt to get parsing info during refresh. "On-the-fly" syntax checking information may be incorrect. [C:\Users\Lenovo\Desktop\Letnik3\DN\Project\Project01\Project01.srcs\sources_1\new\APB_uart.sv:]
WARNING: [filemgmt 56-199] Attempt to get parsing info during refresh. "On-the-fly" syntax checking information may be incorrect. [C:\Users\Lenovo\Desktop\Letnik3\DN\Project\Project01\Project01.srcs\sources_1\new\APB_i2c.sv:]
WARNING: [filemgmt 56-199] Attempt to get parsing info during refresh. "On-the-fly" syntax checking information may be incorrect. [C:\Users\Lenovo\Desktop\Letnik3\DN\Project\Project01\Project01.srcs\sources_1\new\top.sv:]
WARNING: [filemgmt 56-199] Attempt to get parsing info during refresh. "On-the-fly" syntax checking information may be incorrect. [C:\Users\Lenovo\Desktop\Letnik3\DN\Project\Project01\Project01.srcs\sources_1\new\APB_uart.sv:]
WARNING: [filemgmt 56-199] Attempt to get parsing info during refresh. "On-the-fly" syntax checking information may be incorrect. [C:\Users\Lenovo\Desktop\Letnik3\DN\Project\Project01\Project01.srcs\sources_1\new\APB_uart.sv:]
WARNING: [filemgmt 56-199] Attempt to get parsing info during refresh. "On-the-fly" syntax checking information may be incorrect. [C:\Users\Lenovo\Desktop\Letnik3\DN\Project\Project01\Project01.srcs\sources_1\new\i2c_tmp102_master.sv:]
WARNING: [filemgmt 56-199] Attempt to get parsing info during refresh. "On-the-fly" syntax checking information may be incorrect. [C:\Users\Lenovo\Desktop\Letnik3\DN\Project\Project01\Project01.srcs\sources_1\new\i2c_master.sv:]
WARNING: [filemgmt 56-199] Attempt to get parsing info during refresh. "On-the-fly" syntax checking information may be incorrect. [C:\Users\Lenovo\Desktop\Letnik3\DN\Project\Project01\Project01.srcs\sources_1\new\APB_uart.sv:]
WARNING: [filemgmt 56-199] Attempt to get parsing info during refresh. "On-the-fly" syntax checking information may be incorrect. [C:\Users\Lenovo\Desktop\Letnik3\DN\Project\Project01\Project01.srcs\sources_1\new\APB_i2c.sv:]
WARNING: [filemgmt 56-199] Attempt to get parsing info during refresh. "On-the-fly" syntax checking information may be incorrect. [C:\Users\Lenovo\Desktop\Letnik3\DN\Project\Project01\Project01.srcs\sources_1\new\top.sv:]
WARNING: [filemgmt 56-199] Attempt to get parsing info during refresh. "On-the-fly" syntax checking information may be incorrect. [C:\Users\Lenovo\Desktop\Letnik3\DN\Project\Project01\Project01.srcs\sources_1\new\APB_i2c.sv:]
WARNING: [filemgmt 56-199] Attempt to get parsing info during refresh. "On-the-fly" syntax checking information may be incorrect. [C:\Users\Lenovo\Desktop\Letnik3\DN\Project\Project01\Project01.srcs\sources_1\new\APB_i2c.sv:]
ERROR: [Common 17-180] Spawn failed: The operation completed successfully.

reset_run impl_1 -prev_step 
launch_runs impl_1 -to_step write_bitstream -jobs 6
[Sun Jan 25 18:15:57 2026] Launched impl_1...
Run output will be captured here: C:/Users/Lenovo/Desktop/Letnik3/DN/Project/Project01/Project01.runs/impl_1/runme.log
open_hw_manager
connect_hw_server -allow_non_jtag
INFO: [Labtools 27-2285] Connecting to hw_server url TCP:localhost:3121
INFO: [Labtools 27-2222] Launching hw_server...
INFO: [Labtools 27-2221] Launch Output:

****** Xilinx hw_server v2025.1
  **** Build date : May  6 2025 at 09:15:36
    ** Copyright 1986-2022 Xilinx, Inc. All Rights Reserved.


INFO: [Labtools 27-3415] Connecting to cs_server url TCP:localhost:0
INFO: [Labtools 27-3417] Launching cs_server...
INFO: [Labtools 27-2221] Launch Output:


******** Xilinx cs_server v2025.1.0
  ****** Build date   : May 13 2025-21:15:27
    **** Build number : 2025.1.1747163727
      ** Copyright 2017-2022 Xilinx, Inc. All Rights Reserved.
      ** Copyright 2022-2026 Advanced Micro Devices, Inc. All Rights Reserved.



connect_hw_server: Time (s): cpu = 00:00:01 ; elapsed = 00:00:06 . Memory (MB): peak = 4096.906 ; gain = 0.000
open_hw_target
INFO: [Labtoolstcl 44-466] Opening hw_target localhost:3121/xilinx_tcf/Digilent/210292AA7E5EA
set_property PROGRAM.FILE {C:/Users/Lenovo/Desktop/Letnik3/DN/Project/Project01/Project01.runs/impl_1/top.bit} [get_hw_devices xc7a50t_0]
current_hw_device [get_hw_devices xc7a50t_0]
refresh_hw_device -update_hw_probes false [lindex [get_hw_devices xc7a50t_0] 0]
INFO: [Labtools 27-1434] Device xc7a50t (JTAG device index = 0) is programmed with a design that has no supported debug core(s) in it.
set_property PROBES.FILE {} [get_hw_devices xc7a50t_0]
set_property FULL_PROBES.FILE {} [get_hw_devices xc7a50t_0]
set_property PROGRAM.FILE {C:/Users/Lenovo/Desktop/Letnik3/DN/Project/Project01/Project01.runs/impl_1/top.bit} [get_hw_devices xc7a50t_0]
program_hw_devices [get_hw_devices xc7a50t_0]
INFO: [Labtools 27-3164] End of startup status: HIGH
refresh_hw_device [lindex [get_hw_devices xc7a50t_0] 0]
INFO: [Labtools 27-1434] Device xc7a50t (JTAG device index = 0) is programmed with a design that has no supported debug core(s) in it.
close_hw_manager
reset_run synth_1
INFO: [Project 1-1161] Replacing file C:/Users/Lenovo/Desktop/Letnik3/DN/Project/Project01/Project01.srcs/utils_1/imports/synth_1/top.dcp with file C:/Users/Lenovo/Desktop/Letnik3/DN/Project/Project01/Project01.runs/synth_1/top.dcp
launch_runs impl_1 -to_step write_bitstream -jobs 6
[Sun Jan 25 18:28:33 2026] Launched synth_1...
Run output will be captured here: C:/Users/Lenovo/Desktop/Letnik3/DN/Project/Project01/Project01.runs/synth_1/runme.log
[Sun Jan 25 18:28:33 2026] Launched impl_1...
Run output will be captured here: C:/Users/Lenovo/Desktop/Letnik3/DN/Project/Project01/Project01.runs/impl_1/runme.log
WARNING: [Vivado 12-818] No files matched ''
ERROR: [Common 17-55] 'get_property' expects at least one object.
Resolution: If [get_<value>] was used to populate the object, check to make sure this command returns at least one valid object.
write_hw_platform -fixed -include_bit -force -file C:/Users/Lenovo/Desktop/Letnik3/DN/Project/Project01/top.xsa
INFO: [Project 1-1918] Creating Hardware Platform: C:/Users/Lenovo/Desktop/Letnik3/DN/Project/Project01/top.xsa ...
INFO: [Project 1-1943] The Hardware Platform can be used for Hardware
INFO: [Project 1-1941] Successfully created Hardware Platform: C:/Users/Lenovo/Desktop/Letnik3/DN/Project/Project01/top.xsa
WARNING: [filemgmt 56-199] Attempt to get parsing info during refresh. "On-the-fly" syntax checking information may be incorrect. [C:\Users\Lenovo\Desktop\Letnik3\DN\Project\Project01\Project01.srcs\sources_1\new\i2c_tmp102_master.sv:]
WARNING: [filemgmt 56-199] Attempt to get parsing info during refresh. "On-the-fly" syntax checking information may be incorrect. [C:\Users\Lenovo\Desktop\Letnik3\DN\Project\Project01\Project01.srcs\sources_1\new\i2c_master.sv:]
WARNING: [filemgmt 56-199] Attempt to get parsing info during refresh. "On-the-fly" syntax checking information may be incorrect. [C:\Users\Lenovo\Desktop\Letnik3\DN\Project\Project01\Project01.srcs\sources_1\new\APB_uart.sv:]
WARNING: [filemgmt 56-199] Attempt to get parsing info during refresh. "On-the-fly" syntax checking information may be incorrect. [C:\Users\Lenovo\Desktop\Letnik3\DN\Project\Project01\Project01.srcs\sources_1\new\APB_bridge.sv:]
WARNING: [filemgmt 56-199] Attempt to get parsing info during refresh. "On-the-fly" syntax checking information may be incorrect. [C:\Users\Lenovo\Desktop\Letnik3\DN\Project\Project01\Project01.srcs\sources_1\new\APB_gpio.sv:]
WARNING: [filemgmt 56-199] Attempt to get parsing info during refresh. "On-the-fly" syntax checking information may be incorrect. [C:\Users\Lenovo\Desktop\Letnik3\DN\Project\Project01\Project01.srcs\sources_1\new\APB_timer.sv:]
WARNING: [filemgmt 56-199] Attempt to get parsing info during refresh. "On-the-fly" syntax checking information may be incorrect. [C:\Users\Lenovo\Desktop\Letnik3\DN\Project\Project01\Project01.srcs\sources_1\new\APB_interconnect.sv:]
WARNING: [filemgmt 56-199] Attempt to get parsing info during refresh. "On-the-fly" syntax checking information may be incorrect. [C:\Users\Lenovo\Desktop\Letnik3\DN\Project\Project01\Project01.srcs\sources_1\new\APB_master.sv:]
WARNING: [filemgmt 56-199] Attempt to get parsing info during refresh. "On-the-fly" syntax checking information may be incorrect. [C:\Users\Lenovo\Desktop\Letnik3\DN\Project\Project01\Project01.srcs\sources_1\new\APB_master.sv:]
WARNING: [filemgmt 56-199] Attempt to get parsing info during refresh. "On-the-fly" syntax checking information may be incorrect. [C:\Users\Lenovo\Desktop\Letnik3\DN\Project\Project01\Project01.srcs\sources_1\new\APB_master.sv:]
WARNING: [filemgmt 56-199] Attempt to get parsing info during refresh. "On-the-fly" syntax checking information may be incorrect. [C:\Users\Lenovo\Desktop\Letnik3\DN\Project\Project01\Project01.srcs\sources_1\new\i2c_tmp102_master.sv:]
WARNING: [filemgmt 56-199] Attempt to get parsing info during refresh. "On-the-fly" syntax checking information may be incorrect. [C:\Users\Lenovo\Desktop\Letnik3\DN\Project\Project01\Project01.srcs\sources_1\new\i2c_master.sv:]
WARNING: [filemgmt 56-199] Attempt to get parsing info during refresh. "On-the-fly" syntax checking information may be incorrect. [C:\Users\Lenovo\Desktop\Letnik3\DN\Project\Project01\Project01.srcs\sources_1\new\APB_uart.sv:]
WARNING: [filemgmt 56-199] Attempt to get parsing info during refresh. "On-the-fly" syntax checking information may be incorrect. [C:\Users\Lenovo\Desktop\Letnik3\DN\Project\Project01\Project01.srcs\sources_1\new\APB_bridge.sv:]
WARNING: [filemgmt 56-199] Attempt to get parsing info during refresh. "On-the-fly" syntax checking information may be incorrect. [C:\Users\Lenovo\Desktop\Letnik3\DN\Project\Project01\Project01.srcs\sources_1\new\APB_gpio.sv:]
WARNING: [filemgmt 56-199] Attempt to get parsing info during refresh. "On-the-fly" syntax checking information may be incorrect. [C:\Users\Lenovo\Desktop\Letnik3\DN\Project\Project01\Project01.srcs\sources_1\new\APB_timer.sv:]
WARNING: [filemgmt 56-199] Attempt to get parsing info during refresh. "On-the-fly" syntax checking information may be incorrect. [C:\Users\Lenovo\Desktop\Letnik3\DN\Project\Project01\Project01.srcs\sources_1\new\APB_interconnect.sv:]
WARNING: [filemgmt 56-199] Attempt to get parsing info during refresh. "On-the-fly" syntax checking information may be incorrect. [C:\Users\Lenovo\Desktop\Letnik3\DN\Project\Project01\Project01.srcs\sources_1\new\APB_master.sv:]
WARNING: [filemgmt 56-199] Attempt to get parsing info during refresh. "On-the-fly" syntax checking information may be incorrect. [C:\Users\Lenovo\Desktop\Letnik3\DN\Project\Project01\Project01.srcs\sources_1\new\APB_interconnect.sv:]
WARNING: [filemgmt 56-199] Attempt to get parsing info during refresh. "On-the-fly" syntax checking information may be incorrect. [C:\Users\Lenovo\Desktop\Letnik3\DN\Project\Project01\Project01.srcs\sources_1\new\APB_interconnect.sv:]
WARNING: [filemgmt 56-199] Attempt to get parsing info during refresh. "On-the-fly" syntax checking information may be incorrect. [C:\Users\Lenovo\Desktop\Letnik3\DN\Project\Project01\Project01.srcs\sources_1\new\i2c_tmp102_master.sv:]
WARNING: [filemgmt 56-199] Attempt to get parsing info during refresh. "On-the-fly" syntax checking information may be incorrect. [C:\Users\Lenovo\Desktop\Letnik3\DN\Project\Project01\Project01.srcs\sources_1\new\i2c_master.sv:]
WARNING: [filemgmt 56-199] Attempt to get parsing info during refresh. "On-the-fly" syntax checking information may be incorrect. [C:\Users\Lenovo\Desktop\Letnik3\DN\Project\Project01\Project01.srcs\sources_1\new\APB_uart.sv:]
WARNING: [filemgmt 56-199] Attempt to get parsing info during refresh. "On-the-fly" syntax checking information may be incorrect. [C:\Users\Lenovo\Desktop\Letnik3\DN\Project\Project01\Project01.srcs\sources_1\new\APB_bridge.sv:]
WARNING: [filemgmt 56-199] Attempt to get parsing info during refresh. "On-the-fly" syntax checking information may be incorrect. [C:\Users\Lenovo\Desktop\Letnik3\DN\Project\Project01\Project01.srcs\sources_1\new\APB_gpio.sv:]
WARNING: [filemgmt 56-199] Attempt to get parsing info during refresh. "On-the-fly" syntax checking information may be incorrect. [C:\Users\Lenovo\Desktop\Letnik3\DN\Project\Project01\Project01.srcs\sources_1\new\APB_timer.sv:]
WARNING: [filemgmt 56-199] Attempt to get parsing info during refresh. "On-the-fly" syntax checking information may be incorrect. [C:\Users\Lenovo\Desktop\Letnik3\DN\Project\Project01\Project01.srcs\sources_1\new\APB_interconnect.sv:]
WARNING: [filemgmt 56-199] Attempt to get parsing info during refresh. "On-the-fly" syntax checking information may be incorrect. [C:\Users\Lenovo\Desktop\Letnik3\DN\Project\Project01\Project01.srcs\sources_1\new\APB_master.sv:]
WARNING: [filemgmt 56-199] Attempt to get parsing info during refresh. "On-the-fly" syntax checking information may be incorrect. [C:\Users\Lenovo\Desktop\Letnik3\DN\Project\Project01\Project01.srcs\sources_1\new\APB_timer.sv:]
WARNING: [filemgmt 56-199] Attempt to get parsing info during refresh. "On-the-fly" syntax checking information may be incorrect. [C:\Users\Lenovo\Desktop\Letnik3\DN\Project\Project01\Project01.srcs\sources_1\new\APB_timer.sv:]
ERROR: [Common 17-180] Spawn failed: The operation completed successfully.

WARNING: [filemgmt 56-199] Attempt to get parsing info during refresh. "On-the-fly" syntax checking information may be incorrect. [C:\Users\Lenovo\Desktop\Letnik3\DN\Project\Project01\Project01.srcs\sources_1\new\i2c_tmp102_master.sv:]
WARNING: [filemgmt 56-199] Attempt to get parsing info during refresh. "On-the-fly" syntax checking information may be incorrect. [C:\Users\Lenovo\Desktop\Letnik3\DN\Project\Project01\Project01.srcs\sources_1\new\i2c_master.sv:]
WARNING: [filemgmt 56-199] Attempt to get parsing info during refresh. "On-the-fly" syntax checking information may be incorrect. [C:\Users\Lenovo\Desktop\Letnik3\DN\Project\Project01\Project01.srcs\sources_1\new\APB_uart.sv:]
WARNING: [filemgmt 56-199] Attempt to get parsing info during refresh. "On-the-fly" syntax checking information may be incorrect. [C:\Users\Lenovo\Desktop\Letnik3\DN\Project\Project01\Project01.srcs\sources_1\new\APB_bridge.sv:]
WARNING: [filemgmt 56-199] Attempt to get parsing info during refresh. "On-the-fly" syntax checking information may be incorrect. [C:\Users\Lenovo\Desktop\Letnik3\DN\Project\Project01\Project01.srcs\sources_1\new\APB_gpio.sv:]
WARNING: [filemgmt 56-199] Attempt to get parsing info during refresh. "On-the-fly" syntax checking information may be incorrect. [C:\Users\Lenovo\Desktop\Letnik3\DN\Project\Project01\Project01.srcs\sources_1\new\APB_timer.sv:]
WARNING: [filemgmt 56-199] Attempt to get parsing info during refresh. "On-the-fly" syntax checking information may be incorrect. [C:\Users\Lenovo\Desktop\Letnik3\DN\Project\Project01\Project01.srcs\sources_1\new\APB_interconnect.sv:]
WARNING: [filemgmt 56-199] Attempt to get parsing info during refresh. "On-the-fly" syntax checking information may be incorrect. [C:\Users\Lenovo\Desktop\Letnik3\DN\Project\Project01\Project01.srcs\sources_1\new\APB_master.sv:]
WARNING: [filemgmt 56-199] Attempt to get parsing info during refresh. "On-the-fly" syntax checking information may be incorrect. [C:\Users\Lenovo\Desktop\Letnik3\DN\Project\Project01\Project01.srcs\sources_1\new\APB_gpio.sv:]
WARNING: [filemgmt 56-199] Attempt to get parsing info during refresh. "On-the-fly" syntax checking information may be incorrect. [C:\Users\Lenovo\Desktop\Letnik3\DN\Project\Project01\Project01.srcs\sources_1\new\APB_gpio.sv:]
reset_run impl_1 -prev_step 
launch_runs impl_1 -to_step write_bitstream -jobs 6
[Sun Jan 25 18:31:24 2026] Launched impl_1...
Run output will be captured here: C:/Users/Lenovo/Desktop/Letnik3/DN/Project/Project01/Project01.runs/impl_1/runme.log
open_hw_manager
connect_hw_server -allow_non_jtag
INFO: [Labtools 27-2285] Connecting to hw_server url TCP:localhost:3121
INFO: [Labtools 27-2222] Launching hw_server...
INFO: [Labtools 27-2221] Launch Output:

****** Xilinx hw_server v2025.1
  **** Build date : May  6 2025 at 09:15:36
    ** Copyright 1986-2022 Xilinx, Inc. All Rights Reserved.


INFO: [Labtools 27-3415] Connecting to cs_server url TCP:localhost:0
INFO: [Labtools 27-3417] Launching cs_server...
INFO: [Labtools 27-2221] Launch Output:


******** Xilinx cs_server v2025.1.0
  ****** Build date   : May 13 2025-21:15:27
    **** Build number : 2025.1.1747163727
      ** Copyright 2017-2022 Xilinx, Inc. All Rights Reserved.
      ** Copyright 2022-2026 Advanced Micro Devices, Inc. All Rights Reserved.



connect_hw_server: Time (s): cpu = 00:00:01 ; elapsed = 00:00:06 . Memory (MB): peak = 4096.906 ; gain = 0.000
open_hw_target
INFO: [Labtoolstcl 44-466] Opening hw_target localhost:3121/xilinx_tcf/Digilent/210292AA7E5EA
set_property PROGRAM.FILE {C:/Users/Lenovo/Desktop/Letnik3/DN/Project/Project01/Project01.runs/impl_1/top.bit} [get_hw_devices xc7a50t_0]
current_hw_device [get_hw_devices xc7a50t_0]
refresh_hw_device -update_hw_probes false [lindex [get_hw_devices xc7a50t_0] 0]
INFO: [Labtools 27-1434] Device xc7a50t (JTAG device index = 0) is programmed with a design that has no supported debug core(s) in it.
set_property PROBES.FILE {} [get_hw_devices xc7a50t_0]
set_property FULL_PROBES.FILE {} [get_hw_devices xc7a50t_0]
set_property PROGRAM.FILE {C:/Users/Lenovo/Desktop/Letnik3/DN/Project/Project01/Project01.runs/impl_1/top.bit} [get_hw_devices xc7a50t_0]
program_hw_devices [get_hw_devices xc7a50t_0]
INFO: [Labtools 27-3164] End of startup status: HIGH
refresh_hw_device [lindex [get_hw_devices xc7a50t_0] 0]
INFO: [Labtools 27-1434] Device xc7a50t (JTAG device index = 0) is programmed with a design that has no supported debug core(s) in it.
close_hw_manager
reset_run impl_1 -prev_step 
launch_runs impl_1 -to_step write_bitstream -jobs 6
[Sun Jan 25 18:42:42 2026] Launched impl_1...
Run output will be captured here: C:/Users/Lenovo/Desktop/Letnik3/DN/Project/Project01/Project01.runs/impl_1/runme.log
open_hw_manager
connect_hw_server -allow_non_jtag
INFO: [Labtools 27-2285] Connecting to hw_server url TCP:localhost:3121
INFO: [Labtools 27-2222] Launching hw_server...
INFO: [Labtools 27-2221] Launch Output:

****** Xilinx hw_server v2025.1
  **** Build date : May  6 2025 at 09:15:36
    ** Copyright 1986-2022 Xilinx, Inc. All Rights Reserved.


INFO: [Labtools 27-3415] Connecting to cs_server url TCP:localhost:0
INFO: [Labtools 27-3417] Launching cs_server...
INFO: [Labtools 27-2221] Launch Output:


******** Xilinx cs_server v2025.1.0
  ****** Build date   : May 13 2025-21:15:27
    **** Build number : 2025.1.1747163727
      ** Copyright 2017-2022 Xilinx, Inc. All Rights Reserved.
      ** Copyright 2022-2026 Advanced Micro Devices, Inc. All Rights Reserved.



connect_hw_server: Time (s): cpu = 00:00:01 ; elapsed = 00:00:06 . Memory (MB): peak = 4096.906 ; gain = 0.000
open_hw_target
INFO: [Labtoolstcl 44-466] Opening hw_target localhost:3121/xilinx_tcf/Digilent/210292AA7E5EA
set_property PROGRAM.FILE {C:/Users/Lenovo/Desktop/Letnik3/DN/Project/Project01/Project01.runs/impl_1/top.bit} [get_hw_devices xc7a50t_0]
current_hw_device [get_hw_devices xc7a50t_0]
refresh_hw_device -update_hw_probes false [lindex [get_hw_devices xc7a50t_0] 0]
INFO: [Labtools 27-1434] Device xc7a50t (JTAG device index = 0) is programmed with a design that has no supported debug core(s) in it.
set_property PROBES.FILE {} [get_hw_devices xc7a50t_0]
set_property FULL_PROBES.FILE {} [get_hw_devices xc7a50t_0]
set_property PROGRAM.FILE {C:/Users/Lenovo/Desktop/Letnik3/DN/Project/Project01/Project01.runs/impl_1/top.bit} [get_hw_devices xc7a50t_0]
program_hw_devices [get_hw_devices xc7a50t_0]
INFO: [Labtools 27-3164] End of startup status: HIGH
refresh_hw_device [lindex [get_hw_devices xc7a50t_0] 0]
INFO: [Labtools 27-1434] Device xc7a50t (JTAG device index = 0) is programmed with a design that has no supported debug core(s) in it.
WARNING: [filemgmt 56-199] Attempt to get parsing info during refresh. "On-the-fly" syntax checking information may be incorrect. [C:\Users\Lenovo\Desktop\Letnik3\DN\Project\Project01\Project01.srcs\sources_1\new\i2c_tmp102_master.sv:]
WARNING: [filemgmt 56-199] Attempt to get parsing info during refresh. "On-the-fly" syntax checking information may be incorrect. [C:\Users\Lenovo\Desktop\Letnik3\DN\Project\Project01\Project01.srcs\sources_1\new\i2c_master.sv:]
WARNING: [filemgmt 56-199] Attempt to get parsing info during refresh. "On-the-fly" syntax checking information may be incorrect. [C:\Users\Lenovo\Desktop\Letnik3\DN\Project\Project01\Project01.srcs\sources_1\new\APB_uart.sv:]
WARNING: [filemgmt 56-199] Attempt to get parsing info during refresh. "On-the-fly" syntax checking information may be incorrect. [C:\Users\Lenovo\Desktop\Letnik3\DN\Project\Project01\Project01.srcs\sources_1\new\APB_bridge.sv:]
WARNING: [filemgmt 56-199] Attempt to get parsing info during refresh. "On-the-fly" syntax checking information may be incorrect. [C:\Users\Lenovo\Desktop\Letnik3\DN\Project\Project01\Project01.srcs\sources_1\new\APB_gpio.sv:]
WARNING: [filemgmt 56-199] Attempt to get parsing info during refresh. "On-the-fly" syntax checking information may be incorrect. [C:\Users\Lenovo\Desktop\Letnik3\DN\Project\Project01\Project01.srcs\sources_1\new\APB_timer.sv:]
WARNING: [filemgmt 56-199] Attempt to get parsing info during refresh. "On-the-fly" syntax checking information may be incorrect. [C:\Users\Lenovo\Desktop\Letnik3\DN\Project\Project01\Project01.srcs\sources_1\new\APB_i2c.sv:]
WARNING: [filemgmt 56-199] Attempt to get parsing info during refresh. "On-the-fly" syntax checking information may be incorrect. [C:\Users\Lenovo\Desktop\Letnik3\DN\Project\Project01\Project01.srcs\sources_1\new\APB_interconnect.sv:]
WARNING: [filemgmt 56-199] Attempt to get parsing info during refresh. "On-the-fly" syntax checking information may be incorrect. [C:\Users\Lenovo\Desktop\Letnik3\DN\Project\Project01\Project01.srcs\sources_1\new\APB_master.sv:]
WARNING: [filemgmt 56-199] Attempt to get parsing info during refresh. "On-the-fly" syntax checking information may be incorrect. [C:\Users\Lenovo\Desktop\Letnik3\DN\Project\Project01\Project01.srcs\sources_1\new\APB_timer.sv:]
WARNING: [filemgmt 56-199] Attempt to get parsing info during refresh. "On-the-fly" syntax checking information may be incorrect. [C:\Users\Lenovo\Desktop\Letnik3\DN\Project\Project01\Project01.srcs\sources_1\new\APB_timer.sv:]
WARNING: [filemgmt 56-199] Attempt to get parsing info during refresh. "On-the-fly" syntax checking information may be incorrect. [C:\Users\Lenovo\Desktop\Letnik3\DN\Project\Project01\Project01.srcs\sources_1\new\i2c_tmp102_master.sv:]
WARNING: [filemgmt 56-199] Attempt to get parsing info during refresh. "On-the-fly" syntax checking information may be incorrect. [C:\Users\Lenovo\Desktop\Letnik3\DN\Project\Project01\Project01.srcs\sources_1\new\i2c_master.sv:]
WARNING: [filemgmt 56-199] Attempt to get parsing info during refresh. "On-the-fly" syntax checking information may be incorrect. [C:\Users\Lenovo\Desktop\Letnik3\DN\Project\Project01\Project01.srcs\sources_1\new\APB_uart.sv:]
WARNING: [filemgmt 56-199] Attempt to get parsing info during refresh. "On-the-fly" syntax checking information may be incorrect. [C:\Users\Lenovo\Desktop\Letnik3\DN\Project\Project01\Project01.srcs\sources_1\new\APB_bridge.sv:]
WARNING: [filemgmt 56-199] Attempt to get parsing info during refresh. "On-the-fly" syntax checking information may be incorrect. [C:\Users\Lenovo\Desktop\Letnik3\DN\Project\Project01\Project01.srcs\sources_1\new\APB_gpio.sv:]
WARNING: [filemgmt 56-199] Attempt to get parsing info during refresh. "On-the-fly" syntax checking information may be incorrect. [C:\Users\Lenovo\Desktop\Letnik3\DN\Project\Project01\Project01.srcs\sources_1\new\APB_timer.sv:]
WARNING: [filemgmt 56-199] Attempt to get parsing info during refresh. "On-the-fly" syntax checking information may be incorrect. [C:\Users\Lenovo\Desktop\Letnik3\DN\Project\Project01\Project01.srcs\sources_1\new\APB_i2c.sv:]
WARNING: [filemgmt 56-199] Attempt to get parsing info during refresh. "On-the-fly" syntax checking information may be incorrect. [C:\Users\Lenovo\Desktop\Letnik3\DN\Project\Project01\Project01.srcs\sources_1\new\APB_interconnect.sv:]
WARNING: [filemgmt 56-199] Attempt to get parsing info during refresh. "On-the-fly" syntax checking information may be incorrect. [C:\Users\Lenovo\Desktop\Letnik3\DN\Project\Project01\Project01.srcs\sources_1\new\APB_master.sv:]
WARNING: [filemgmt 56-199] Attempt to get parsing info during refresh. "On-the-fly" syntax checking information may be incorrect. [C:\Users\Lenovo\Desktop\Letnik3\DN\Project\Project01\Project01.srcs\sources_1\new\APB_bridge.sv:]
WARNING: [filemgmt 56-199] Attempt to get parsing info during refresh. "On-the-fly" syntax checking information may be incorrect. [C:\Users\Lenovo\Desktop\Letnik3\DN\Project\Project01\Project01.srcs\sources_1\new\APB_bridge.sv:]
WARNING: [filemgmt 56-199] Attempt to get parsing info during refresh. "On-the-fly" syntax checking information may be incorrect. [C:\Users\Lenovo\Desktop\Letnik3\DN\Project\Project01\Project01.srcs\sources_1\new\i2c_tmp102_master.sv:]
WARNING: [filemgmt 56-199] Attempt to get parsing info during refresh. "On-the-fly" syntax checking information may be incorrect. [C:\Users\Lenovo\Desktop\Letnik3\DN\Project\Project01\Project01.srcs\sources_1\new\i2c_master.sv:]
WARNING: [filemgmt 56-199] Attempt to get parsing info during refresh. "On-the-fly" syntax checking information may be incorrect. [C:\Users\Lenovo\Desktop\Letnik3\DN\Project\Project01\Project01.srcs\sources_1\new\APB_uart.sv:]
WARNING: [filemgmt 56-199] Attempt to get parsing info during refresh. "On-the-fly" syntax checking information may be incorrect. [C:\Users\Lenovo\Desktop\Letnik3\DN\Project\Project01\Project01.srcs\sources_1\new\APB_bridge.sv:]
WARNING: [filemgmt 56-199] Attempt to get parsing info during refresh. "On-the-fly" syntax checking information may be incorrect. [C:\Users\Lenovo\Desktop\Letnik3\DN\Project\Project01\Project01.srcs\sources_1\new\APB_gpio.sv:]
WARNING: [filemgmt 56-199] Attempt to get parsing info during refresh. "On-the-fly" syntax checking information may be incorrect. [C:\Users\Lenovo\Desktop\Letnik3\DN\Project\Project01\Project01.srcs\sources_1\new\APB_timer.sv:]
WARNING: [filemgmt 56-199] Attempt to get parsing info during refresh. "On-the-fly" syntax checking information may be incorrect. [C:\Users\Lenovo\Desktop\Letnik3\DN\Project\Project01\Project01.srcs\sources_1\new\APB_i2c.sv:]
WARNING: [filemgmt 56-199] Attempt to get parsing info during refresh. "On-the-fly" syntax checking information may be incorrect. [C:\Users\Lenovo\Desktop\Letnik3\DN\Project\Project01\Project01.srcs\sources_1\new\APB_interconnect.sv:]
WARNING: [filemgmt 56-199] Attempt to get parsing info during refresh. "On-the-fly" syntax checking information may be incorrect. [C:\Users\Lenovo\Desktop\Letnik3\DN\Project\Project01\Project01.srcs\sources_1\new\APB_master.sv:]
WARNING: [filemgmt 56-199] Attempt to get parsing info during refresh. "On-the-fly" syntax checking information may be incorrect. [C:\Users\Lenovo\Desktop\Letnik3\DN\Project\Project01\Project01.srcs\sources_1\new\APB_i2c.sv:]
WARNING: [filemgmt 56-199] Attempt to get parsing info during refresh. "On-the-fly" syntax checking information may be incorrect. [C:\Users\Lenovo\Desktop\Letnik3\DN\Project\Project01\Project01.srcs\sources_1\new\APB_i2c.sv:]
WARNING: [filemgmt 56-199] Attempt to get parsing info during refresh. "On-the-fly" syntax checking information may be incorrect. [C:\Users\Lenovo\Desktop\Letnik3\DN\Project\Project01\Project01.srcs\sources_1\new\i2c_tmp102_master.sv:]
WARNING: [filemgmt 56-199] Attempt to get parsing info during refresh. "On-the-fly" syntax checking information may be incorrect. [C:\Users\Lenovo\Desktop\Letnik3\DN\Project\Project01\Project01.srcs\sources_1\new\i2c_master.sv:]
WARNING: [filemgmt 56-199] Attempt to get parsing info during refresh. "On-the-fly" syntax checking information may be incorrect. [C:\Users\Lenovo\Desktop\Letnik3\DN\Project\Project01\Project01.srcs\sources_1\new\APB_uart.sv:]
WARNING: [filemgmt 56-199] Attempt to get parsing info during refresh. "On-the-fly" syntax checking information may be incorrect. [C:\Users\Lenovo\Desktop\Letnik3\DN\Project\Project01\Project01.srcs\sources_1\new\APB_bridge.sv:]
WARNING: [filemgmt 56-199] Attempt to get parsing info during refresh. "On-the-fly" syntax checking information may be incorrect. [C:\Users\Lenovo\Desktop\Letnik3\DN\Project\Project01\Project01.srcs\sources_1\new\APB_gpio.sv:]
WARNING: [filemgmt 56-199] Attempt to get parsing info during refresh. "On-the-fly" syntax checking information may be incorrect. [C:\Users\Lenovo\Desktop\Letnik3\DN\Project\Project01\Project01.srcs\sources_1\new\APB_timer.sv:]
WARNING: [filemgmt 56-199] Attempt to get parsing info during refresh. "On-the-fly" syntax checking information may be incorrect. [C:\Users\Lenovo\Desktop\Letnik3\DN\Project\Project01\Project01.srcs\sources_1\new\APB_i2c.sv:]
WARNING: [filemgmt 56-199] Attempt to get parsing info during refresh. "On-the-fly" syntax checking information may be incorrect. [C:\Users\Lenovo\Desktop\Letnik3\DN\Project\Project01\Project01.srcs\sources_1\new\APB_interconnect.sv:]
WARNING: [filemgmt 56-199] Attempt to get parsing info during refresh. "On-the-fly" syntax checking information may be incorrect. [C:\Users\Lenovo\Desktop\Letnik3\DN\Project\Project01\Project01.srcs\sources_1\new\APB_master.sv:]
WARNING: [filemgmt 56-199] Attempt to get parsing info during refresh. "On-the-fly" syntax checking information may be incorrect. [C:\Users\Lenovo\Desktop\Letnik3\DN\Project\Project01\Project01.srcs\sources_1\new\APB_interconnect.sv:]
WARNING: [filemgmt 56-199] Attempt to get parsing info during refresh. "On-the-fly" syntax checking information may be incorrect. [C:\Users\Lenovo\Desktop\Letnik3\DN\Project\Project01\Project01.srcs\sources_1\new\APB_interconnect.sv:]
ERROR: [Common 17-180] Spawn failed: The operation completed successfully.

reset_run impl_1 -prev_step 
launch_runs impl_1 -to_step write_bitstream -jobs 6
[Sun Jan 25 18:48:34 2026] Launched impl_1...
Run output will be captured here: C:/Users/Lenovo/Desktop/Letnik3/DN/Project/Project01/Project01.runs/impl_1/runme.log
set_property PROBES.FILE {} [get_hw_devices xc7a50t_0]
set_property FULL_PROBES.FILE {} [get_hw_devices xc7a50t_0]
set_property PROGRAM.FILE {C:/Users/Lenovo/Desktop/Letnik3/DN/Project/Project01/Project01.runs/impl_1/top.bit} [get_hw_devices xc7a50t_0]
program_hw_devices [get_hw_devices xc7a50t_0]
INFO: [Labtools 27-3164] End of startup status: HIGH
refresh_hw_device [lindex [get_hw_devices xc7a50t_0] 0]
INFO: [Labtools 27-1434] Device xc7a50t (JTAG device index = 0) is programmed with a design that has no supported debug core(s) in it.
set_property PROBES.FILE {} [get_hw_devices xc7a50t_0]
set_property FULL_PROBES.FILE {} [get_hw_devices xc7a50t_0]
set_property PROGRAM.FILE {C:/Users/Lenovo/Desktop/Letnik3/DN/Project/Project01/Project01.runs/impl_1/top.bit} [get_hw_devices xc7a50t_0]
program_hw_devices [get_hw_devices xc7a50t_0]
INFO: [Labtools 27-3164] End of startup status: HIGH
refresh_hw_device [lindex [get_hw_devices xc7a50t_0] 0]
INFO: [Labtools 27-1434] Device xc7a50t (JTAG device index = 0) is programmed with a design that has no supported debug core(s) in it.
WARNING: [filemgmt 56-199] Attempt to get parsing info during refresh. "On-the-fly" syntax checking information may be incorrect. [C:\Users\Lenovo\Desktop\Letnik3\DN\Project\Project01\Project01.srcs\sources_1\new\i2c_tmp102_master.sv:]
WARNING: [filemgmt 56-199] Attempt to get parsing info during refresh. "On-the-fly" syntax checking information may be incorrect. [C:\Users\Lenovo\Desktop\Letnik3\DN\Project\Project01\Project01.srcs\sources_1\new\i2c_master.sv:]
WARNING: [filemgmt 56-199] Attempt to get parsing info during refresh. "On-the-fly" syntax checking information may be incorrect. [C:\Users\Lenovo\Desktop\Letnik3\DN\Project\Project01\Project01.srcs\sources_1\new\APB_uart.sv:]
WARNING: [filemgmt 56-199] Attempt to get parsing info during refresh. "On-the-fly" syntax checking information may be incorrect. [C:\Users\Lenovo\Desktop\Letnik3\DN\Project\Project01\Project01.srcs\sources_1\new\APB_bridge.sv:]
WARNING: [filemgmt 56-199] Attempt to get parsing info during refresh. "On-the-fly" syntax checking information may be incorrect. [C:\Users\Lenovo\Desktop\Letnik3\DN\Project\Project01\Project01.srcs\sources_1\new\APB_gpio.sv:]
WARNING: [filemgmt 56-199] Attempt to get parsing info during refresh. "On-the-fly" syntax checking information may be incorrect. [C:\Users\Lenovo\Desktop\Letnik3\DN\Project\Project01\Project01.srcs\sources_1\new\APB_timer.sv:]
WARNING: [filemgmt 56-199] Attempt to get parsing info during refresh. "On-the-fly" syntax checking information may be incorrect. [C:\Users\Lenovo\Desktop\Letnik3\DN\Project\Project01\Project01.srcs\sources_1\new\APB_i2c.sv:]
WARNING: [filemgmt 56-199] Attempt to get parsing info during refresh. "On-the-fly" syntax checking information may be incorrect. [C:\Users\Lenovo\Desktop\Letnik3\DN\Project\Project01\Project01.srcs\sources_1\new\APB_interconnect.sv:]
WARNING: [filemgmt 56-199] Attempt to get parsing info during refresh. "On-the-fly" syntax checking information may be incorrect. [C:\Users\Lenovo\Desktop\Letnik3\DN\Project\Project01\Project01.srcs\sources_1\new\APB_master.sv:]
WARNING: [filemgmt 56-199] Attempt to get parsing info during refresh. "On-the-fly" syntax checking information may be incorrect. [C:\Users\Lenovo\Desktop\Letnik3\DN\Project\Project01\Project01.srcs\sources_1\new\APB_bridge.sv:]
WARNING: [filemgmt 56-199] Attempt to get parsing info during refresh. "On-the-fly" syntax checking information may be incorrect. [C:\Users\Lenovo\Desktop\Letnik3\DN\Project\Project01\Project01.srcs\sources_1\new\APB_bridge.sv:]
WARNING: [filemgmt 56-199] Attempt to get parsing info during refresh. "On-the-fly" syntax checking information may be incorrect. [C:\Users\Lenovo\Desktop\Letnik3\DN\Project\Project01\Project01.srcs\sources_1\new\i2c_tmp102_master.sv:]
WARNING: [filemgmt 56-199] Attempt to get parsing info during refresh. "On-the-fly" syntax checking information may be incorrect. [C:\Users\Lenovo\Desktop\Letnik3\DN\Project\Project01\Project01.srcs\sources_1\new\i2c_master.sv:]
WARNING: [filemgmt 56-199] Attempt to get parsing info during refresh. "On-the-fly" syntax checking information may be incorrect. [C:\Users\Lenovo\Desktop\Letnik3\DN\Project\Project01\Project01.srcs\sources_1\new\APB_uart.sv:]
WARNING: [filemgmt 56-199] Attempt to get parsing info during refresh. "On-the-fly" syntax checking information may be incorrect. [C:\Users\Lenovo\Desktop\Letnik3\DN\Project\Project01\Project01.srcs\sources_1\new\APB_bridge.sv:]
WARNING: [filemgmt 56-199] Attempt to get parsing info during refresh. "On-the-fly" syntax checking information may be incorrect. [C:\Users\Lenovo\Desktop\Letnik3\DN\Project\Project01\Project01.srcs\sources_1\new\APB_gpio.sv:]
WARNING: [filemgmt 56-199] Attempt to get parsing info during refresh. "On-the-fly" syntax checking information may be incorrect. [C:\Users\Lenovo\Desktop\Letnik3\DN\Project\Project01\Project01.srcs\sources_1\new\APB_timer.sv:]
WARNING: [filemgmt 56-199] Attempt to get parsing info during refresh. "On-the-fly" syntax checking information may be incorrect. [C:\Users\Lenovo\Desktop\Letnik3\DN\Project\Project01\Project01.srcs\sources_1\new\APB_i2c.sv:]
WARNING: [filemgmt 56-199] Attempt to get parsing info during refresh. "On-the-fly" syntax checking information may be incorrect. [C:\Users\Lenovo\Desktop\Letnik3\DN\Project\Project01\Project01.srcs\sources_1\new\APB_interconnect.sv:]
WARNING: [filemgmt 56-199] Attempt to get parsing info during refresh. "On-the-fly" syntax checking information may be incorrect. [C:\Users\Lenovo\Desktop\Letnik3\DN\Project\Project01\Project01.srcs\sources_1\new\APB_master.sv:]
WARNING: [filemgmt 56-199] Attempt to get parsing info during refresh. "On-the-fly" syntax checking information may be incorrect. [C:\Users\Lenovo\Desktop\Letnik3\DN\Project\Project01\Project01.srcs\sources_1\new\APB_uart.sv:]
WARNING: [filemgmt 56-199] Attempt to get parsing info during refresh. "On-the-fly" syntax checking information may be incorrect. [C:\Users\Lenovo\Desktop\Letnik3\DN\Project\Project01\Project01.srcs\sources_1\new\APB_uart.sv:]
WARNING: [filemgmt 56-199] Attempt to get parsing info during refresh. "On-the-fly" syntax checking information may be incorrect. [C:\Users\Lenovo\Desktop\Letnik3\DN\Project\Project01\Project01.srcs\sources_1\new\i2c_tmp102_master.sv:]
WARNING: [filemgmt 56-199] Attempt to get parsing info during refresh. "On-the-fly" syntax checking information may be incorrect. [C:\Users\Lenovo\Desktop\Letnik3\DN\Project\Project01\Project01.srcs\sources_1\new\i2c_master.sv:]
WARNING: [filemgmt 56-199] Attempt to get parsing info during refresh. "On-the-fly" syntax checking information may be incorrect. [C:\Users\Lenovo\Desktop\Letnik3\DN\Project\Project01\Project01.srcs\sources_1\new\APB_uart.sv:]
WARNING: [filemgmt 56-199] Attempt to get parsing info during refresh. "On-the-fly" syntax checking information may be incorrect. [C:\Users\Lenovo\Desktop\Letnik3\DN\Project\Project01\Project01.srcs\sources_1\new\APB_bridge.sv:]
WARNING: [filemgmt 56-199] Attempt to get parsing info during refresh. "On-the-fly" syntax checking information may be incorrect. [C:\Users\Lenovo\Desktop\Letnik3\DN\Project\Project01\Project01.srcs\sources_1\new\APB_gpio.sv:]
WARNING: [filemgmt 56-199] Attempt to get parsing info during refresh. "On-the-fly" syntax checking information may be incorrect. [C:\Users\Lenovo\Desktop\Letnik3\DN\Project\Project01\Project01.srcs\sources_1\new\APB_timer.sv:]
WARNING: [filemgmt 56-199] Attempt to get parsing info during refresh. "On-the-fly" syntax checking information may be incorrect. [C:\Users\Lenovo\Desktop\Letnik3\DN\Project\Project01\Project01.srcs\sources_1\new\APB_i2c.sv:]
WARNING: [filemgmt 56-199] Attempt to get parsing info during refresh. "On-the-fly" syntax checking information may be incorrect. [C:\Users\Lenovo\Desktop\Letnik3\DN\Project\Project01\Project01.srcs\sources_1\new\APB_interconnect.sv:]
WARNING: [filemgmt 56-199] Attempt to get parsing info during refresh. "On-the-fly" syntax checking information may be incorrect. [C:\Users\Lenovo\Desktop\Letnik3\DN\Project\Project01\Project01.srcs\sources_1\new\APB_master.sv:]
WARNING: [filemgmt 56-199] Attempt to get parsing info during refresh. "On-the-fly" syntax checking information may be incorrect. [C:\Users\Lenovo\Desktop\Letnik3\DN\Project\Project01\Project01.srcs\sources_1\new\APB_interconnect.sv:]
WARNING: [filemgmt 56-199] Attempt to get parsing info during refresh. "On-the-fly" syntax checking information may be incorrect. [C:\Users\Lenovo\Desktop\Letnik3\DN\Project\Project01\Project01.srcs\sources_1\new\APB_interconnect.sv:]
WARNING: [filemgmt 56-199] Attempt to get parsing info during refresh. "On-the-fly" syntax checking information may be incorrect. [C:\Users\Lenovo\Desktop\Letnik3\DN\Project\Project01\Project01.srcs\sources_1\new\i2c_tmp102_master.sv:]
WARNING: [filemgmt 56-199] Attempt to get parsing info during refresh. "On-the-fly" syntax checking information may be incorrect. [C:\Users\Lenovo\Desktop\Letnik3\DN\Project\Project01\Project01.srcs\sources_1\new\i2c_master.sv:]
WARNING: [filemgmt 56-199] Attempt to get parsing info during refresh. "On-the-fly" syntax checking information may be incorrect. [C:\Users\Lenovo\Desktop\Letnik3\DN\Project\Project01\Project01.srcs\sources_1\new\APB_uart.sv:]
WARNING: [filemgmt 56-199] Attempt to get parsing info during refresh. "On-the-fly" syntax checking information may be incorrect. [C:\Users\Lenovo\Desktop\Letnik3\DN\Project\Project01\Project01.srcs\sources_1\new\APB_bridge.sv:]
WARNING: [filemgmt 56-199] Attempt to get parsing info during refresh. "On-the-fly" syntax checking information may be incorrect. [C:\Users\Lenovo\Desktop\Letnik3\DN\Project\Project01\Project01.srcs\sources_1\new\APB_gpio.sv:]
WARNING: [filemgmt 56-199] Attempt to get parsing info during refresh. "On-the-fly" syntax checking information may be incorrect. [C:\Users\Lenovo\Desktop\Letnik3\DN\Project\Project01\Project01.srcs\sources_1\new\APB_timer.sv:]
WARNING: [filemgmt 56-199] Attempt to get parsing info during refresh. "On-the-fly" syntax checking information may be incorrect. [C:\Users\Lenovo\Desktop\Letnik3\DN\Project\Project01\Project01.srcs\sources_1\new\APB_i2c.sv:]
WARNING: [filemgmt 56-199] Attempt to get parsing info during refresh. "On-the-fly" syntax checking information may be incorrect. [C:\Users\Lenovo\Desktop\Letnik3\DN\Project\Project01\Project01.srcs\sources_1\new\APB_interconnect.sv:]
WARNING: [filemgmt 56-199] Attempt to get parsing info during refresh. "On-the-fly" syntax checking information may be incorrect. [C:\Users\Lenovo\Desktop\Letnik3\DN\Project\Project01\Project01.srcs\sources_1\new\APB_master.sv:]
WARNING: [filemgmt 56-199] Attempt to get parsing info during refresh. "On-the-fly" syntax checking information may be incorrect. [C:\Users\Lenovo\Desktop\Letnik3\DN\Project\Project01\Project01.srcs\sources_1\new\APB_gpio.sv:]
WARNING: [filemgmt 56-199] Attempt to get parsing info during refresh. "On-the-fly" syntax checking information may be incorrect. [C:\Users\Lenovo\Desktop\Letnik3\DN\Project\Project01\Project01.srcs\sources_1\new\APB_gpio.sv:]
WARNING: [filemgmt 56-199] Attempt to get parsing info during refresh. "On-the-fly" syntax checking information may be incorrect. [C:\Users\Lenovo\Desktop\Letnik3\DN\Project\Project01\Project01.srcs\sources_1\new\i2c_tmp102_master.sv:]
WARNING: [filemgmt 56-199] Attempt to get parsing info during refresh. "On-the-fly" syntax checking information may be incorrect. [C:\Users\Lenovo\Desktop\Letnik3\DN\Project\Project01\Project01.srcs\sources_1\new\i2c_master.sv:]
WARNING: [filemgmt 56-199] Attempt to get parsing info during refresh. "On-the-fly" syntax checking information may be incorrect. [C:\Users\Lenovo\Desktop\Letnik3\DN\Project\Project01\Project01.srcs\sources_1\new\APB_uart.sv:]
WARNING: [filemgmt 56-199] Attempt to get parsing info during refresh. "On-the-fly" syntax checking information may be incorrect. [C:\Users\Lenovo\Desktop\Letnik3\DN\Project\Project01\Project01.srcs\sources_1\new\APB_bridge.sv:]
WARNING: [filemgmt 56-199] Attempt to get parsing info during refresh. "On-the-fly" syntax checking information may be incorrect. [C:\Users\Lenovo\Desktop\Letnik3\DN\Project\Project01\Project01.srcs\sources_1\new\APB_gpio.sv:]
WARNING: [filemgmt 56-199] Attempt to get parsing info during refresh. "On-the-fly" syntax checking information may be incorrect. [C:\Users\Lenovo\Desktop\Letnik3\DN\Project\Project01\Project01.srcs\sources_1\new\APB_timer.sv:]
WARNING: [filemgmt 56-199] Attempt to get parsing info during refresh. "On-the-fly" syntax checking information may be incorrect. [C:\Users\Lenovo\Desktop\Letnik3\DN\Project\Project01\Project01.srcs\sources_1\new\APB_i2c.sv:]
WARNING: [filemgmt 56-199] Attempt to get parsing info during refresh. "On-the-fly" syntax checking information may be incorrect. [C:\Users\Lenovo\Desktop\Letnik3\DN\Project\Project01\Project01.srcs\sources_1\new\APB_interconnect.sv:]
WARNING: [filemgmt 56-199] Attempt to get parsing info during refresh. "On-the-fly" syntax checking information may be incorrect. [C:\Users\Lenovo\Desktop\Letnik3\DN\Project\Project01\Project01.srcs\sources_1\new\APB_master.sv:]
WARNING: [filemgmt 56-199] Attempt to get parsing info during refresh. "On-the-fly" syntax checking information may be incorrect. [C:\Users\Lenovo\Desktop\Letnik3\DN\Project\Project01\Project01.srcs\sources_1\new\APB_timer.sv:]
WARNING: [filemgmt 56-199] Attempt to get parsing info during refresh. "On-the-fly" syntax checking information may be incorrect. [C:\Users\Lenovo\Desktop\Letnik3\DN\Project\Project01\Project01.srcs\sources_1\new\APB_timer.sv:]
WARNING: [filemgmt 56-199] Attempt to get parsing info during refresh. "On-the-fly" syntax checking information may be incorrect. [C:\Users\Lenovo\Desktop\Letnik3\DN\Project\Project01\Project01.srcs\sources_1\new\i2c_tmp102_master.sv:]
INFO: [Common 17-14] Message 'filemgmt 56-199' appears 100 times and further instances of the messages will be disabled. Use the Tcl command set_msg_config to change the current settings.
ERROR: [Common 17-180] Spawn failed: The operation completed successfully.

undo
INFO: [Common 17-17] undo 'set_property PROGRAM.FILE {C:/Users/Lenovo/Desktop/Letnik3/DN/Project/Project01/Project01.runs/impl_1/top.bit} [get_hw_devices xc7a50t_0]'
WARNING: [filemgmt 56-199] Attempt to get parsing info during refresh. "On-the-fly" syntax checking information may be incorrect. [C:\Users\Lenovo\Desktop\Letnik3\DN\Project\Project01\Project01.srcs\sources_1\new\i2c_tmp102_master.sv:]
WARNING: [filemgmt 56-199] Attempt to get parsing info during refresh. "On-the-fly" syntax checking information may be incorrect. [C:\Users\Lenovo\Desktop\Letnik3\DN\Project\Project01\Project01.srcs\sources_1\new\i2c_master.sv:]
WARNING: [filemgmt 56-199] Attempt to get parsing info during refresh. "On-the-fly" syntax checking information may be incorrect. [C:\Users\Lenovo\Desktop\Letnik3\DN\Project\Project01\Project01.srcs\sources_1\new\APB_uart.sv:]
WARNING: [filemgmt 56-199] Attempt to get parsing info during refresh. "On-the-fly" syntax checking information may be incorrect. [C:\Users\Lenovo\Desktop\Letnik3\DN\Project\Project01\Project01.srcs\sources_1\new\APB_bridge.sv:]
WARNING: [filemgmt 56-199] Attempt to get parsing info during refresh. "On-the-fly" syntax checking information may be incorrect. [C:\Users\Lenovo\Desktop\Letnik3\DN\Project\Project01\Project01.srcs\sources_1\new\APB_gpio.sv:]
WARNING: [filemgmt 56-199] Attempt to get parsing info during refresh. "On-the-fly" syntax checking information may be incorrect. [C:\Users\Lenovo\Desktop\Letnik3\DN\Project\Project01\Project01.srcs\sources_1\new\APB_timer.sv:]
WARNING: [filemgmt 56-199] Attempt to get parsing info during refresh. "On-the-fly" syntax checking information may be incorrect. [C:\Users\Lenovo\Desktop\Letnik3\DN\Project\Project01\Project01.srcs\sources_1\new\APB_i2c.sv:]
WARNING: [filemgmt 56-199] Attempt to get parsing info during refresh. "On-the-fly" syntax checking information may be incorrect. [C:\Users\Lenovo\Desktop\Letnik3\DN\Project\Project01\Project01.srcs\sources_1\new\APB_interconnect.sv:]
WARNING: [filemgmt 56-199] Attempt to get parsing info during refresh. "On-the-fly" syntax checking information may be incorrect. [C:\Users\Lenovo\Desktop\Letnik3\DN\Project\Project01\Project01.srcs\sources_1\new\APB_master.sv:]
WARNING: [filemgmt 56-199] Attempt to get parsing info during refresh. "On-the-fly" syntax checking information may be incorrect. [C:\Users\Lenovo\Desktop\Letnik3\DN\Project\Project01\Project01.srcs\sources_1\new\APB_uart.sv:]
WARNING: [filemgmt 56-199] Attempt to get parsing info during refresh. "On-the-fly" syntax checking information may be incorrect. [C:\Users\Lenovo\Desktop\Letnik3\DN\Project\Project01\Project01.srcs\sources_1\new\APB_uart.sv:]
WARNING: [filemgmt 56-199] Attempt to get parsing info during refresh. "On-the-fly" syntax checking information may be incorrect. [C:\Users\Lenovo\Desktop\Letnik3\DN\Project\Project01\Project01.srcs\sources_1\new\i2c_tmp102_master.sv:]
WARNING: [filemgmt 56-199] Attempt to get parsing info during refresh. "On-the-fly" syntax checking information may be incorrect. [C:\Users\Lenovo\Desktop\Letnik3\DN\Project\Project01\Project01.srcs\sources_1\new\i2c_master.sv:]
WARNING: [filemgmt 56-199] Attempt to get parsing info during refresh. "On-the-fly" syntax checking information may be incorrect. [C:\Users\Lenovo\Desktop\Letnik3\DN\Project\Project01\Project01.srcs\sources_1\new\APB_uart.sv:]
WARNING: [filemgmt 56-199] Attempt to get parsing info during refresh. "On-the-fly" syntax checking information may be incorrect. [C:\Users\Lenovo\Desktop\Letnik3\DN\Project\Project01\Project01.srcs\sources_1\new\APB_bridge.sv:]
WARNING: [filemgmt 56-199] Attempt to get parsing info during refresh. "On-the-fly" syntax checking information may be incorrect. [C:\Users\Lenovo\Desktop\Letnik3\DN\Project\Project01\Project01.srcs\sources_1\new\APB_gpio.sv:]
WARNING: [filemgmt 56-199] Attempt to get parsing info during refresh. "On-the-fly" syntax checking information may be incorrect. [C:\Users\Lenovo\Desktop\Letnik3\DN\Project\Project01\Project01.srcs\sources_1\new\APB_timer.sv:]
WARNING: [filemgmt 56-199] Attempt to get parsing info during refresh. "On-the-fly" syntax checking information may be incorrect. [C:\Users\Lenovo\Desktop\Letnik3\DN\Project\Project01\Project01.srcs\sources_1\new\APB_i2c.sv:]
WARNING: [filemgmt 56-199] Attempt to get parsing info during refresh. "On-the-fly" syntax checking information may be incorrect. [C:\Users\Lenovo\Desktop\Letnik3\DN\Project\Project01\Project01.srcs\sources_1\new\APB_interconnect.sv:]
WARNING: [filemgmt 56-199] Attempt to get parsing info during refresh. "On-the-fly" syntax checking information may be incorrect. [C:\Users\Lenovo\Desktop\Letnik3\DN\Project\Project01\Project01.srcs\sources_1\new\APB_master.sv:]
WARNING: [filemgmt 56-199] Attempt to get parsing info during refresh. "On-the-fly" syntax checking information may be incorrect. [C:\Users\Lenovo\Desktop\Letnik3\DN\Project\Project01\Project01.srcs\sources_1\new\APB_bridge.sv:]
WARNING: [filemgmt 56-199] Attempt to get parsing info during refresh. "On-the-fly" syntax checking information may be incorrect. [C:\Users\Lenovo\Desktop\Letnik3\DN\Project\Project01\Project01.srcs\sources_1\new\APB_bridge.sv:]
WARNING: [filemgmt 56-199] Attempt to get parsing info during refresh. "On-the-fly" syntax checking information may be incorrect. [C:\Users\Lenovo\Desktop\Letnik3\DN\Project\Project01\Project01.srcs\sources_1\new\i2c_tmp102_master.sv:]
WARNING: [filemgmt 56-199] Attempt to get parsing info during refresh. "On-the-fly" syntax checking information may be incorrect. [C:\Users\Lenovo\Desktop\Letnik3\DN\Project\Project01\Project01.srcs\sources_1\new\i2c_master.sv:]
WARNING: [filemgmt 56-199] Attempt to get parsing info during refresh. "On-the-fly" syntax checking information may be incorrect. [C:\Users\Lenovo\Desktop\Letnik3\DN\Project\Project01\Project01.srcs\sources_1\new\APB_uart.sv:]
WARNING: [filemgmt 56-199] Attempt to get parsing info during refresh. "On-the-fly" syntax checking information may be incorrect. [C:\Users\Lenovo\Desktop\Letnik3\DN\Project\Project01\Project01.srcs\sources_1\new\APB_bridge.sv:]
WARNING: [filemgmt 56-199] Attempt to get parsing info during refresh. "On-the-fly" syntax checking information may be incorrect. [C:\Users\Lenovo\Desktop\Letnik3\DN\Project\Project01\Project01.srcs\sources_1\new\APB_gpio.sv:]
WARNING: [filemgmt 56-199] Attempt to get parsing info during refresh. "On-the-fly" syntax checking information may be incorrect. [C:\Users\Lenovo\Desktop\Letnik3\DN\Project\Project01\Project01.srcs\sources_1\new\APB_timer.sv:]
WARNING: [filemgmt 56-199] Attempt to get parsing info during refresh. "On-the-fly" syntax checking information may be incorrect. [C:\Users\Lenovo\Desktop\Letnik3\DN\Project\Project01\Project01.srcs\sources_1\new\APB_i2c.sv:]
WARNING: [filemgmt 56-199] Attempt to get parsing info during refresh. "On-the-fly" syntax checking information may be incorrect. [C:\Users\Lenovo\Desktop\Letnik3\DN\Project\Project01\Project01.srcs\sources_1\new\APB_interconnect.sv:]
WARNING: [filemgmt 56-199] Attempt to get parsing info during refresh. "On-the-fly" syntax checking information may be incorrect. [C:\Users\Lenovo\Desktop\Letnik3\DN\Project\Project01\Project01.srcs\sources_1\new\APB_master.sv:]
WARNING: [filemgmt 56-199] Attempt to get parsing info during refresh. "On-the-fly" syntax checking information may be incorrect. [C:\Users\Lenovo\Desktop\Letnik3\DN\Project\Project01\Project01.srcs\sources_1\new\APB_timer.sv:]
WARNING: [filemgmt 56-199] Attempt to get parsing info during refresh. "On-the-fly" syntax checking information may be incorrect. [C:\Users\Lenovo\Desktop\Letnik3\DN\Project\Project01\Project01.srcs\sources_1\new\APB_timer.sv:]
WARNING: [filemgmt 56-199] Attempt to get parsing info during refresh. "On-the-fly" syntax checking information may be incorrect. [C:\Users\Lenovo\Desktop\Letnik3\DN\Project\Project01\Project01.srcs\sources_1\new\i2c_tmp102_master.sv:]
WARNING: [filemgmt 56-199] Attempt to get parsing info during refresh. "On-the-fly" syntax checking information may be incorrect. [C:\Users\Lenovo\Desktop\Letnik3\DN\Project\Project01\Project01.srcs\sources_1\new\i2c_master.sv:]
WARNING: [filemgmt 56-199] Attempt to get parsing info during refresh. "On-the-fly" syntax checking information may be incorrect. [C:\Users\Lenovo\Desktop\Letnik3\DN\Project\Project01\Project01.srcs\sources_1\new\APB_uart.sv:]
WARNING: [filemgmt 56-199] Attempt to get parsing info during refresh. "On-the-fly" syntax checking information may be incorrect. [C:\Users\Lenovo\Desktop\Letnik3\DN\Project\Project01\Project01.srcs\sources_1\new\APB_bridge.sv:]
WARNING: [filemgmt 56-199] Attempt to get parsing info during refresh. "On-the-fly" syntax checking information may be incorrect. [C:\Users\Lenovo\Desktop\Letnik3\DN\Project\Project01\Project01.srcs\sources_1\new\APB_gpio.sv:]
WARNING: [filemgmt 56-199] Attempt to get parsing info during refresh. "On-the-fly" syntax checking information may be incorrect. [C:\Users\Lenovo\Desktop\Letnik3\DN\Project\Project01\Project01.srcs\sources_1\new\APB_timer.sv:]
WARNING: [filemgmt 56-199] Attempt to get parsing info during refresh. "On-the-fly" syntax checking information may be incorrect. [C:\Users\Lenovo\Desktop\Letnik3\DN\Project\Project01\Project01.srcs\sources_1\new\APB_i2c.sv:]
WARNING: [filemgmt 56-199] Attempt to get parsing info during refresh. "On-the-fly" syntax checking information may be incorrect. [C:\Users\Lenovo\Desktop\Letnik3\DN\Project\Project01\Project01.srcs\sources_1\new\APB_interconnect.sv:]
WARNING: [filemgmt 56-199] Attempt to get parsing info during refresh. "On-the-fly" syntax checking information may be incorrect. [C:\Users\Lenovo\Desktop\Letnik3\DN\Project\Project01\Project01.srcs\sources_1\new\APB_master.sv:]
WARNING: [filemgmt 56-199] Attempt to get parsing info during refresh. "On-the-fly" syntax checking information may be incorrect. [C:\Users\Lenovo\Desktop\Letnik3\DN\Project\Project01\Project01.srcs\sources_1\new\APB_i2c.sv:]
WARNING: [filemgmt 56-199] Attempt to get parsing info during refresh. "On-the-fly" syntax checking information may be incorrect. [C:\Users\Lenovo\Desktop\Letnik3\DN\Project\Project01\Project01.srcs\sources_1\new\APB_i2c.sv:]
ERROR: [Common 17-180] Spawn failed: The operation completed successfully.

WARNING: [filemgmt 56-199] Attempt to get parsing info during refresh. "On-the-fly" syntax checking information may be incorrect. [C:\Users\Lenovo\Desktop\Letnik3\DN\Project\Project01\Project01.srcs\sources_1\new\i2c_tmp102_master.sv:]
WARNING: [filemgmt 56-199] Attempt to get parsing info during refresh. "On-the-fly" syntax checking information may be incorrect. [C:\Users\Lenovo\Desktop\Letnik3\DN\Project\Project01\Project01.srcs\sources_1\new\i2c_master.sv:]
WARNING: [filemgmt 56-199] Attempt to get parsing info during refresh. "On-the-fly" syntax checking information may be incorrect. [C:\Users\Lenovo\Desktop\Letnik3\DN\Project\Project01\Project01.srcs\sources_1\new\APB_uart.sv:]
WARNING: [filemgmt 56-199] Attempt to get parsing info during refresh. "On-the-fly" syntax checking information may be incorrect. [C:\Users\Lenovo\Desktop\Letnik3\DN\Project\Project01\Project01.srcs\sources_1\new\APB_bridge.sv:]
WARNING: [filemgmt 56-199] Attempt to get parsing info during refresh. "On-the-fly" syntax checking information may be incorrect. [C:\Users\Lenovo\Desktop\Letnik3\DN\Project\Project01\Project01.srcs\sources_1\new\APB_gpio.sv:]
WARNING: [filemgmt 56-199] Attempt to get parsing info during refresh. "On-the-fly" syntax checking information may be incorrect. [C:\Users\Lenovo\Desktop\Letnik3\DN\Project\Project01\Project01.srcs\sources_1\new\APB_timer.sv:]
WARNING: [filemgmt 56-199] Attempt to get parsing info during refresh. "On-the-fly" syntax checking information may be incorrect. [C:\Users\Lenovo\Desktop\Letnik3\DN\Project\Project01\Project01.srcs\sources_1\new\APB_i2c.sv:]
WARNING: [filemgmt 56-199] Attempt to get parsing info during refresh. "On-the-fly" syntax checking information may be incorrect. [C:\Users\Lenovo\Desktop\Letnik3\DN\Project\Project01\Project01.srcs\sources_1\new\APB_interconnect.sv:]
WARNING: [filemgmt 56-199] Attempt to get parsing info during refresh. "On-the-fly" syntax checking information may be incorrect. [C:\Users\Lenovo\Desktop\Letnik3\DN\Project\Project01\Project01.srcs\sources_1\new\APB_master.sv:]
WARNING: [filemgmt 56-199] Attempt to get parsing info during refresh. "On-the-fly" syntax checking information may be incorrect. [C:\Users\Lenovo\Desktop\Letnik3\DN\Project\Project01\Project01.srcs\sources_1\new\APB_master.sv:]
WARNING: [filemgmt 56-199] Attempt to get parsing info during refresh. "On-the-fly" syntax checking information may be incorrect. [C:\Users\Lenovo\Desktop\Letnik3\DN\Project\Project01\Project01.srcs\sources_1\new\APB_master.sv:]
WARNING: [filemgmt 56-199] Attempt to get parsing info during refresh. "On-the-fly" syntax checking information may be incorrect. [C:\Users\Lenovo\Desktop\Letnik3\DN\Project\Project01\Project01.srcs\sources_1\new\i2c_tmp102_master.sv:]
WARNING: [filemgmt 56-199] Attempt to get parsing info during refresh. "On-the-fly" syntax checking information may be incorrect. [C:\Users\Lenovo\Desktop\Letnik3\DN\Project\Project01\Project01.srcs\sources_1\new\i2c_master.sv:]
WARNING: [filemgmt 56-199] Attempt to get parsing info during refresh. "On-the-fly" syntax checking information may be incorrect. [C:\Users\Lenovo\Desktop\Letnik3\DN\Project\Project01\Project01.srcs\sources_1\new\APB_uart.sv:]
WARNING: [filemgmt 56-199] Attempt to get parsing info during refresh. "On-the-fly" syntax checking information may be incorrect. [C:\Users\Lenovo\Desktop\Letnik3\DN\Project\Project01\Project01.srcs\sources_1\new\APB_bridge.sv:]
WARNING: [filemgmt 56-199] Attempt to get parsing info during refresh. "On-the-fly" syntax checking information may be incorrect. [C:\Users\Lenovo\Desktop\Letnik3\DN\Project\Project01\Project01.srcs\sources_1\new\APB_gpio.sv:]
WARNING: [filemgmt 56-199] Attempt to get parsing info during refresh. "On-the-fly" syntax checking information may be incorrect. [C:\Users\Lenovo\Desktop\Letnik3\DN\Project\Project01\Project01.srcs\sources_1\new\APB_timer.sv:]
WARNING: [filemgmt 56-199] Attempt to get parsing info during refresh. "On-the-fly" syntax checking information may be incorrect. [C:\Users\Lenovo\Desktop\Letnik3\DN\Project\Project01\Project01.srcs\sources_1\new\APB_i2c.sv:]
WARNING: [filemgmt 56-199] Attempt to get parsing info during refresh. "On-the-fly" syntax checking information may be incorrect. [C:\Users\Lenovo\Desktop\Letnik3\DN\Project\Project01\Project01.srcs\sources_1\new\APB_interconnect.sv:]
WARNING: [filemgmt 56-199] Attempt to get parsing info during refresh. "On-the-fly" syntax checking information may be incorrect. [C:\Users\Lenovo\Desktop\Letnik3\DN\Project\Project01\Project01.srcs\sources_1\new\APB_master.sv:]
WARNING: [filemgmt 56-199] Attempt to get parsing info during refresh. "On-the-fly" syntax checking information may be incorrect. [C:\Users\Lenovo\Desktop\Letnik3\DN\Project\Project01\Project01.srcs\sources_1\new\APB_interconnect.sv:]
WARNING: [filemgmt 56-199] Attempt to get parsing info during refresh. "On-the-fly" syntax checking information may be incorrect. [C:\Users\Lenovo\Desktop\Letnik3\DN\Project\Project01\Project01.srcs\sources_1\new\APB_interconnect.sv:]
ERROR: [Common 17-180] Spawn failed: The operation completed successfully.

reset_run synth_1
INFO: [Project 1-1161] Replacing file C:/Users/Lenovo/Desktop/Letnik3/DN/Project/Project01/Project01.srcs/utils_1/imports/synth_1/top.dcp with file C:/Users/Lenovo/Desktop/Letnik3/DN/Project/Project01/Project01.runs/synth_1/top.dcp
launch_runs impl_1 -to_step write_bitstream -jobs 6
[Sun Jan 25 18:55:16 2026] Launched synth_1...
Run output will be captured here: C:/Users/Lenovo/Desktop/Letnik3/DN/Project/Project01/Project01.runs/synth_1/runme.log
[Sun Jan 25 18:55:16 2026] Launched impl_1...
Run output will be captured here: C:/Users/Lenovo/Desktop/Letnik3/DN/Project/Project01/Project01.runs/impl_1/runme.log
WARNING: [filemgmt 56-199] Attempt to get parsing info during refresh. "On-the-fly" syntax checking information may be incorrect. [C:\Users\Lenovo\Desktop\Letnik3\DN\Project\Project01\Project01.srcs\sources_1\new\i2c_tmp102_master.sv:]
WARNING: [filemgmt 56-199] Attempt to get parsing info during refresh. "On-the-fly" syntax checking information may be incorrect. [C:\Users\Lenovo\Desktop\Letnik3\DN\Project\Project01\Project01.srcs\sources_1\new\i2c_master.sv:]
WARNING: [filemgmt 56-199] Attempt to get parsing info during refresh. "On-the-fly" syntax checking information may be incorrect. [C:\Users\Lenovo\Desktop\Letnik3\DN\Project\Project01\Project01.srcs\sources_1\new\APB_uart.sv:]
WARNING: [filemgmt 56-199] Attempt to get parsing info during refresh. "On-the-fly" syntax checking information may be incorrect. [C:\Users\Lenovo\Desktop\Letnik3\DN\Project\Project01\Project01.srcs\sources_1\new\APB_bridge.sv:]
WARNING: [filemgmt 56-199] Attempt to get parsing info during refresh. "On-the-fly" syntax checking information may be incorrect. [C:\Users\Lenovo\Desktop\Letnik3\DN\Project\Project01\Project01.srcs\sources_1\new\APB_gpio.sv:]
WARNING: [filemgmt 56-199] Attempt to get parsing info during refresh. "On-the-fly" syntax checking information may be incorrect. [C:\Users\Lenovo\Desktop\Letnik3\DN\Project\Project01\Project01.srcs\sources_1\new\APB_timer.sv:]
WARNING: [filemgmt 56-199] Attempt to get parsing info during refresh. "On-the-fly" syntax checking information may be incorrect. [C:\Users\Lenovo\Desktop\Letnik3\DN\Project\Project01\Project01.srcs\sources_1\new\APB_i2c.sv:]
WARNING: [filemgmt 56-199] Attempt to get parsing info during refresh. "On-the-fly" syntax checking information may be incorrect. [C:\Users\Lenovo\Desktop\Letnik3\DN\Project\Project01\Project01.srcs\sources_1\new\APB_interconnect.sv:]
WARNING: [filemgmt 56-199] Attempt to get parsing info during refresh. "On-the-fly" syntax checking information may be incorrect. [C:\Users\Lenovo\Desktop\Letnik3\DN\Project\Project01\Project01.srcs\sources_1\new\APB_master.sv:]
WARNING: [filemgmt 56-199] Attempt to get parsing info during refresh. "On-the-fly" syntax checking information may be incorrect. [C:\Users\Lenovo\Desktop\Letnik3\DN\Project\Project01\Project01.srcs\sources_1\new\APB_gpio.sv:]
WARNING: [filemgmt 56-199] Attempt to get parsing info during refresh. "On-the-fly" syntax checking information may be incorrect. [C:\Users\Lenovo\Desktop\Letnik3\DN\Project\Project01\Project01.srcs\sources_1\new\APB_gpio.sv:]
WARNING: [filemgmt 56-199] Attempt to get parsing info during refresh. "On-the-fly" syntax checking information may be incorrect. [C:\Users\Lenovo\Desktop\Letnik3\DN\Project\Project01\Project01.srcs\sources_1\new\i2c_tmp102_master.sv:]
WARNING: [filemgmt 56-199] Attempt to get parsing info during refresh. "On-the-fly" syntax checking information may be incorrect. [C:\Users\Lenovo\Desktop\Letnik3\DN\Project\Project01\Project01.srcs\sources_1\new\i2c_master.sv:]
WARNING: [filemgmt 56-199] Attempt to get parsing info during refresh. "On-the-fly" syntax checking information may be incorrect. [C:\Users\Lenovo\Desktop\Letnik3\DN\Project\Project01\Project01.srcs\sources_1\new\APB_uart.sv:]
WARNING: [filemgmt 56-199] Attempt to get parsing info during refresh. "On-the-fly" syntax checking information may be incorrect. [C:\Users\Lenovo\Desktop\Letnik3\DN\Project\Project01\Project01.srcs\sources_1\new\APB_bridge.sv:]
WARNING: [filemgmt 56-199] Attempt to get parsing info during refresh. "On-the-fly" syntax checking information may be incorrect. [C:\Users\Lenovo\Desktop\Letnik3\DN\Project\Project01\Project01.srcs\sources_1\new\APB_gpio.sv:]
WARNING: [filemgmt 56-199] Attempt to get parsing info during refresh. "On-the-fly" syntax checking information may be incorrect. [C:\Users\Lenovo\Desktop\Letnik3\DN\Project\Project01\Project01.srcs\sources_1\new\APB_timer.sv:]
WARNING: [filemgmt 56-199] Attempt to get parsing info during refresh. "On-the-fly" syntax checking information may be incorrect. [C:\Users\Lenovo\Desktop\Letnik3\DN\Project\Project01\Project01.srcs\sources_1\new\APB_i2c.sv:]
WARNING: [filemgmt 56-199] Attempt to get parsing info during refresh. "On-the-fly" syntax checking information may be incorrect. [C:\Users\Lenovo\Desktop\Letnik3\DN\Project\Project01\Project01.srcs\sources_1\new\APB_interconnect.sv:]
WARNING: [filemgmt 56-199] Attempt to get parsing info during refresh. "On-the-fly" syntax checking information may be incorrect. [C:\Users\Lenovo\Desktop\Letnik3\DN\Project\Project01\Project01.srcs\sources_1\new\APB_master.sv:]
WARNING: [filemgmt 56-199] Attempt to get parsing info during refresh. "On-the-fly" syntax checking information may be incorrect. [C:\Users\Lenovo\Desktop\Letnik3\DN\Project\Project01\Project01.srcs\sources_1\new\APB_i2c.sv:]
WARNING: [filemgmt 56-199] Attempt to get parsing info during refresh. "On-the-fly" syntax checking information may be incorrect. [C:\Users\Lenovo\Desktop\Letnik3\DN\Project\Project01\Project01.srcs\sources_1\new\APB_i2c.sv:]
set_property PROBES.FILE {} [get_hw_devices xc7a50t_0]
set_property FULL_PROBES.FILE {} [get_hw_devices xc7a50t_0]
set_property PROGRAM.FILE {C:/Users/Lenovo/Desktop/Letnik3/DN/Project/Project01/Project01.runs/impl_1/top.bit} [get_hw_devices xc7a50t_0]
program_hw_devices [get_hw_devices xc7a50t_0]
INFO: [Labtools 27-3164] End of startup status: HIGH
refresh_hw_device [lindex [get_hw_devices xc7a50t_0] 0]
INFO: [Labtools 27-1434] Device xc7a50t (JTAG device index = 0) is programmed with a design that has no supported debug core(s) in it.
WARNING: [filemgmt 56-199] Attempt to get parsing info during refresh. "On-the-fly" syntax checking information may be incorrect. [C:\Users\Lenovo\Desktop\Letnik3\DN\Project\Project01\Project01.srcs\sources_1\new\i2c_tmp102_master.sv:]
WARNING: [filemgmt 56-199] Attempt to get parsing info during refresh. "On-the-fly" syntax checking information may be incorrect. [C:\Users\Lenovo\Desktop\Letnik3\DN\Project\Project01\Project01.srcs\sources_1\new\i2c_master.sv:]
WARNING: [filemgmt 56-199] Attempt to get parsing info during refresh. "On-the-fly" syntax checking information may be incorrect. [C:\Users\Lenovo\Desktop\Letnik3\DN\Project\Project01\Project01.srcs\sources_1\new\APB_uart.sv:]
WARNING: [filemgmt 56-199] Attempt to get parsing info during refresh. "On-the-fly" syntax checking information may be incorrect. [C:\Users\Lenovo\Desktop\Letnik3\DN\Project\Project01\Project01.srcs\sources_1\new\APB_bridge.sv:]
WARNING: [filemgmt 56-199] Attempt to get parsing info during refresh. "On-the-fly" syntax checking information may be incorrect. [C:\Users\Lenovo\Desktop\Letnik3\DN\Project\Project01\Project01.srcs\sources_1\new\APB_gpio.sv:]
WARNING: [filemgmt 56-199] Attempt to get parsing info during refresh. "On-the-fly" syntax checking information may be incorrect. [C:\Users\Lenovo\Desktop\Letnik3\DN\Project\Project01\Project01.srcs\sources_1\new\APB_timer.sv:]
WARNING: [filemgmt 56-199] Attempt to get parsing info during refresh. "On-the-fly" syntax checking information may be incorrect. [C:\Users\Lenovo\Desktop\Letnik3\DN\Project\Project01\Project01.srcs\sources_1\new\APB_i2c.sv:]
WARNING: [filemgmt 56-199] Attempt to get parsing info during refresh. "On-the-fly" syntax checking information may be incorrect. [C:\Users\Lenovo\Desktop\Letnik3\DN\Project\Project01\Project01.srcs\sources_1\new\APB_interconnect.sv:]
WARNING: [filemgmt 56-199] Attempt to get parsing info during refresh. "On-the-fly" syntax checking information may be incorrect. [C:\Users\Lenovo\Desktop\Letnik3\DN\Project\Project01\Project01.srcs\sources_1\new\APB_master.sv:]
WARNING: [filemgmt 56-199] Attempt to get parsing info during refresh. "On-the-fly" syntax checking information may be incorrect. [C:\Users\Lenovo\Desktop\Letnik3\DN\Project\Project01\Project01.srcs\sources_1\new\APB_bridge.sv:]
WARNING: [filemgmt 56-199] Attempt to get parsing info during refresh. "On-the-fly" syntax checking information may be incorrect. [C:\Users\Lenovo\Desktop\Letnik3\DN\Project\Project01\Project01.srcs\sources_1\new\APB_bridge.sv:]
WARNING: [filemgmt 56-199] Attempt to get parsing info during refresh. "On-the-fly" syntax checking information may be incorrect. [C:\Users\Lenovo\Desktop\Letnik3\DN\Project\Project01\Project01.srcs\sources_1\new\i2c_tmp102_master.sv:]
WARNING: [filemgmt 56-199] Attempt to get parsing info during refresh. "On-the-fly" syntax checking information may be incorrect. [C:\Users\Lenovo\Desktop\Letnik3\DN\Project\Project01\Project01.srcs\sources_1\new\i2c_master.sv:]
WARNING: [filemgmt 56-199] Attempt to get parsing info during refresh. "On-the-fly" syntax checking information may be incorrect. [C:\Users\Lenovo\Desktop\Letnik3\DN\Project\Project01\Project01.srcs\sources_1\new\APB_uart.sv:]
WARNING: [filemgmt 56-199] Attempt to get parsing info during refresh. "On-the-fly" syntax checking information may be incorrect. [C:\Users\Lenovo\Desktop\Letnik3\DN\Project\Project01\Project01.srcs\sources_1\new\APB_bridge.sv:]
WARNING: [filemgmt 56-199] Attempt to get parsing info during refresh. "On-the-fly" syntax checking information may be incorrect. [C:\Users\Lenovo\Desktop\Letnik3\DN\Project\Project01\Project01.srcs\sources_1\new\APB_gpio.sv:]
WARNING: [filemgmt 56-199] Attempt to get parsing info during refresh. "On-the-fly" syntax checking information may be incorrect. [C:\Users\Lenovo\Desktop\Letnik3\DN\Project\Project01\Project01.srcs\sources_1\new\APB_timer.sv:]
WARNING: [filemgmt 56-199] Attempt to get parsing info during refresh. "On-the-fly" syntax checking information may be incorrect. [C:\Users\Lenovo\Desktop\Letnik3\DN\Project\Project01\Project01.srcs\sources_1\new\APB_i2c.sv:]
WARNING: [filemgmt 56-199] Attempt to get parsing info during refresh. "On-the-fly" syntax checking information may be incorrect. [C:\Users\Lenovo\Desktop\Letnik3\DN\Project\Project01\Project01.srcs\sources_1\new\APB_interconnect.sv:]
WARNING: [filemgmt 56-199] Attempt to get parsing info during refresh. "On-the-fly" syntax checking information may be incorrect. [C:\Users\Lenovo\Desktop\Letnik3\DN\Project\Project01\Project01.srcs\sources_1\new\APB_master.sv:]
WARNING: [filemgmt 56-199] Attempt to get parsing info during refresh. "On-the-fly" syntax checking information may be incorrect. [C:\Users\Lenovo\Desktop\Letnik3\DN\Project\Project01\Project01.srcs\sources_1\new\APB_interconnect.sv:]
WARNING: [filemgmt 56-199] Attempt to get parsing info during refresh. "On-the-fly" syntax checking information may be incorrect. [C:\Users\Lenovo\Desktop\Letnik3\DN\Project\Project01\Project01.srcs\sources_1\new\APB_interconnect.sv:]
reset_run impl_1 -prev_step 
launch_runs impl_1 -to_step write_bitstream -jobs 6
WARNING: [filemgmt 56-199] Attempt to get parsing info during refresh. "On-the-fly" syntax checking information may be incorrect. [C:\Users\Lenovo\Desktop\Letnik3\DN\Project\Project01\Project01.srcs\sources_1\new\i2c_tmp102_master.sv:]
WARNING: [filemgmt 56-199] Attempt to get parsing info during refresh. "On-the-fly" syntax checking information may be incorrect. [C:\Users\Lenovo\Desktop\Letnik3\DN\Project\Project01\Project01.srcs\sources_1\new\i2c_master.sv:]
WARNING: [filemgmt 56-199] Attempt to get parsing info during refresh. "On-the-fly" syntax checking information may be incorrect. [C:\Users\Lenovo\Desktop\Letnik3\DN\Project\Project01\Project01.srcs\sources_1\new\APB_uart.sv:]
WARNING: [filemgmt 56-199] Attempt to get parsing info during refresh. "On-the-fly" syntax checking information may be incorrect. [C:\Users\Lenovo\Desktop\Letnik3\DN\Project\Project01\Project01.srcs\sources_1\new\APB_bridge.sv:]
WARNING: [filemgmt 56-199] Attempt to get parsing info during refresh. "On-the-fly" syntax checking information may be incorrect. [C:\Users\Lenovo\Desktop\Letnik3\DN\Project\Project01\Project01.srcs\sources_1\new\APB_gpio.sv:]
WARNING: [filemgmt 56-199] Attempt to get parsing info during refresh. "On-the-fly" syntax checking information may be incorrect. [C:\Users\Lenovo\Desktop\Letnik3\DN\Project\Project01\Project01.srcs\sources_1\new\APB_timer.sv:]
WARNING: [filemgmt 56-199] Attempt to get parsing info during refresh. "On-the-fly" syntax checking information may be incorrect. [C:\Users\Lenovo\Desktop\Letnik3\DN\Project\Project01\Project01.srcs\sources_1\new\APB_i2c.sv:]
WARNING: [filemgmt 56-199] Attempt to get parsing info during refresh. "On-the-fly" syntax checking information may be incorrect. [C:\Users\Lenovo\Desktop\Letnik3\DN\Project\Project01\Project01.srcs\sources_1\new\APB_interconnect.sv:]
WARNING: [filemgmt 56-199] Attempt to get parsing info during refresh. "On-the-fly" syntax checking information may be incorrect. [C:\Users\Lenovo\Desktop\Letnik3\DN\Project\Project01\Project01.srcs\sources_1\new\APB_master.sv:]
WARNING: [filemgmt 56-199] Attempt to get parsing info during refresh. "On-the-fly" syntax checking information may be incorrect. [C:\Users\Lenovo\Desktop\Letnik3\DN\Project\Project01\Project01.srcs\sources_1\new\APB_gpio.sv:]
WARNING: [filemgmt 56-199] Attempt to get parsing info during refresh. "On-the-fly" syntax checking information may be incorrect. [C:\Users\Lenovo\Desktop\Letnik3\DN\Project\Project01\Project01.srcs\sources_1\new\APB_gpio.sv:]
WARNING: [filemgmt 56-199] Attempt to get parsing info during refresh. "On-the-fly" syntax checking information may be incorrect. [C:\Users\Lenovo\Desktop\Letnik3\DN\Project\Project01\Project01.srcs\sources_1\new\i2c_tmp102_master.sv:]
WARNING: [filemgmt 56-199] Attempt to get parsing info during refresh. "On-the-fly" syntax checking information may be incorrect. [C:\Users\Lenovo\Desktop\Letnik3\DN\Project\Project01\Project01.srcs\sources_1\new\i2c_master.sv:]
WARNING: [filemgmt 56-199] Attempt to get parsing info during refresh. "On-the-fly" syntax checking information may be incorrect. [C:\Users\Lenovo\Desktop\Letnik3\DN\Project\Project01\Project01.srcs\sources_1\new\APB_uart.sv:]
WARNING: [filemgmt 56-199] Attempt to get parsing info during refresh. "On-the-fly" syntax checking information may be incorrect. [C:\Users\Lenovo\Desktop\Letnik3\DN\Project\Project01\Project01.srcs\sources_1\new\APB_bridge.sv:]
WARNING: [filemgmt 56-199] Attempt to get parsing info during refresh. "On-the-fly" syntax checking information may be incorrect. [C:\Users\Lenovo\Desktop\Letnik3\DN\Project\Project01\Project01.srcs\sources_1\new\APB_gpio.sv:]
WARNING: [filemgmt 56-199] Attempt to get parsing info during refresh. "On-the-fly" syntax checking information may be incorrect. [C:\Users\Lenovo\Desktop\Letnik3\DN\Project\Project01\Project01.srcs\sources_1\new\APB_timer.sv:]
WARNING: [filemgmt 56-199] Attempt to get parsing info during refresh. "On-the-fly" syntax checking information may be incorrect. [C:\Users\Lenovo\Desktop\Letnik3\DN\Project\Project01\Project01.srcs\sources_1\new\APB_i2c.sv:]
WARNING: [filemgmt 56-199] Attempt to get parsing info during refresh. "On-the-fly" syntax checking information may be incorrect. [C:\Users\Lenovo\Desktop\Letnik3\DN\Project\Project01\Project01.srcs\sources_1\new\APB_interconnect.sv:]
WARNING: [filemgmt 56-199] Attempt to get parsing info during refresh. "On-the-fly" syntax checking information may be incorrect. [C:\Users\Lenovo\Desktop\Letnik3\DN\Project\Project01\Project01.srcs\sources_1\new\APB_master.sv:]
WARNING: [filemgmt 56-199] Attempt to get parsing info during refresh. "On-the-fly" syntax checking information may be incorrect. [C:\Users\Lenovo\Desktop\Letnik3\DN\Project\Project01\Project01.srcs\sources_1\new\APB_timer.sv:]
WARNING: [filemgmt 56-199] Attempt to get parsing info during refresh. "On-the-fly" syntax checking information may be incorrect. [C:\Users\Lenovo\Desktop\Letnik3\DN\Project\Project01\Project01.srcs\sources_1\new\APB_timer.sv:]
[Sun Jan 25 19:06:25 2026] Launched impl_1...
Run output will be captured here: C:/Users/Lenovo/Desktop/Letnik3/DN/Project/Project01/Project01.runs/impl_1/runme.log
WARNING: [filemgmt 56-199] Attempt to get parsing info during refresh. "On-the-fly" syntax checking information may be incorrect. [C:\Users\Lenovo\Desktop\Letnik3\DN\Project\Project01\Project01.srcs\sources_1\new\i2c_tmp102_master.sv:]
WARNING: [filemgmt 56-199] Attempt to get parsing info during refresh. "On-the-fly" syntax checking information may be incorrect. [C:\Users\Lenovo\Desktop\Letnik3\DN\Project\Project01\Project01.srcs\sources_1\new\i2c_master.sv:]
WARNING: [filemgmt 56-199] Attempt to get parsing info during refresh. "On-the-fly" syntax checking information may be incorrect. [C:\Users\Lenovo\Desktop\Letnik3\DN\Project\Project01\Project01.srcs\sources_1\new\APB_uart.sv:]
WARNING: [filemgmt 56-199] Attempt to get parsing info during refresh. "On-the-fly" syntax checking information may be incorrect. [C:\Users\Lenovo\Desktop\Letnik3\DN\Project\Project01\Project01.srcs\sources_1\new\APB_bridge.sv:]
WARNING: [filemgmt 56-199] Attempt to get parsing info during refresh. "On-the-fly" syntax checking information may be incorrect. [C:\Users\Lenovo\Desktop\Letnik3\DN\Project\Project01\Project01.srcs\sources_1\new\APB_gpio.sv:]
WARNING: [filemgmt 56-199] Attempt to get parsing info during refresh. "On-the-fly" syntax checking information may be incorrect. [C:\Users\Lenovo\Desktop\Letnik3\DN\Project\Project01\Project01.srcs\sources_1\new\APB_timer.sv:]
WARNING: [filemgmt 56-199] Attempt to get parsing info during refresh. "On-the-fly" syntax checking information may be incorrect. [C:\Users\Lenovo\Desktop\Letnik3\DN\Project\Project01\Project01.srcs\sources_1\new\APB_i2c.sv:]
WARNING: [filemgmt 56-199] Attempt to get parsing info during refresh. "On-the-fly" syntax checking information may be incorrect. [C:\Users\Lenovo\Desktop\Letnik3\DN\Project\Project01\Project01.srcs\sources_1\new\APB_interconnect.sv:]
WARNING: [filemgmt 56-199] Attempt to get parsing info during refresh. "On-the-fly" syntax checking information may be incorrect. [C:\Users\Lenovo\Desktop\Letnik3\DN\Project\Project01\Project01.srcs\sources_1\new\APB_master.sv:]
WARNING: [filemgmt 56-199] Attempt to get parsing info during refresh. "On-the-fly" syntax checking information may be incorrect. [C:\Users\Lenovo\Desktop\Letnik3\DN\Project\Project01\Project01.srcs\sources_1\new\APB_master.sv:]
WARNING: [filemgmt 56-199] Attempt to get parsing info during refresh. "On-the-fly" syntax checking information may be incorrect. [C:\Users\Lenovo\Desktop\Letnik3\DN\Project\Project01\Project01.srcs\sources_1\new\APB_master.sv:]
reset_run impl_1 -prev_step 
WARNING: [Vivado 12-1017] Problems encountered:
1. Couldn't access process for termination

reset_run synth_1
INFO: [Project 1-1161] Replacing file C:/Users/Lenovo/Desktop/Letnik3/DN/Project/Project01/Project01.srcs/utils_1/imports/synth_1/top.dcp with file C:/Users/Lenovo/Desktop/Letnik3/DN/Project/Project01/Project01.runs/synth_1/top.dcp
WARNING: [Vivado 12-1017] Problems encountered:
1. Failed to delete one or more files in run directory C:/Users/Lenovo/Desktop/Letnik3/DN/Project/Project01/Project01.runs/synth_1

launch_runs impl_1 -to_step write_bitstream -jobs 6
[Sun Jan 25 19:06:35 2026] Launched synth_1...
Run output will be captured here: C:/Users/Lenovo/Desktop/Letnik3/DN/Project/Project01/Project01.runs/synth_1/runme.log
[Sun Jan 25 19:06:35 2026] Launched impl_1...
Run output will be captured here: C:/Users/Lenovo/Desktop/Letnik3/DN/Project/Project01/Project01.runs/impl_1/runme.log
reset_run impl_1 -prev_step 
launch_runs impl_1 -to_step write_bitstream -jobs 6
[Sun Jan 25 19:08:21 2026] Launched impl_1...
Run output will be captured here: C:/Users/Lenovo/Desktop/Letnik3/DN/Project/Project01/Project01.runs/impl_1/runme.log
reset_run impl_1 -prev_step 
launch_runs impl_1 -to_step write_bitstream -jobs 6
[Sun Jan 25 19:08:30 2026] Launched impl_1...
Run output will be captured here: C:/Users/Lenovo/Desktop/Letnik3/DN/Project/Project01/Project01.runs/impl_1/runme.log
reset_run impl_1 -prev_step 
launch_runs impl_1 -to_step write_bitstream -jobs 6
WARNING: [filemgmt 56-199] Attempt to get parsing info during refresh. "On-the-fly" syntax checking information may be incorrect. [C:\Users\Lenovo\Desktop\Letnik3\DN\Project\Project01\Project01.srcs\sources_1\new\i2c_tmp102_master.sv:]
WARNING: [filemgmt 56-199] Attempt to get parsing info during refresh. "On-the-fly" syntax checking information may be incorrect. [C:\Users\Lenovo\Desktop\Letnik3\DN\Project\Project01\Project01.srcs\sources_1\new\i2c_master.sv:]
WARNING: [filemgmt 56-199] Attempt to get parsing info during refresh. "On-the-fly" syntax checking information may be incorrect. [C:\Users\Lenovo\Desktop\Letnik3\DN\Project\Project01\Project01.srcs\sources_1\new\APB_uart.sv:]
WARNING: [filemgmt 56-199] Attempt to get parsing info during refresh. "On-the-fly" syntax checking information may be incorrect. [C:\Users\Lenovo\Desktop\Letnik3\DN\Project\Project01\Project01.srcs\sources_1\new\APB_bridge.sv:]
WARNING: [filemgmt 56-199] Attempt to get parsing info during refresh. "On-the-fly" syntax checking information may be incorrect. [C:\Users\Lenovo\Desktop\Letnik3\DN\Project\Project01\Project01.srcs\sources_1\new\APB_gpio.sv:]
WARNING: [filemgmt 56-199] Attempt to get parsing info during refresh. "On-the-fly" syntax checking information may be incorrect. [C:\Users\Lenovo\Desktop\Letnik3\DN\Project\Project01\Project01.srcs\sources_1\new\APB_timer.sv:]
WARNING: [filemgmt 56-199] Attempt to get parsing info during refresh. "On-the-fly" syntax checking information may be incorrect. [C:\Users\Lenovo\Desktop\Letnik3\DN\Project\Project01\Project01.srcs\sources_1\new\APB_i2c.sv:]
WARNING: [filemgmt 56-199] Attempt to get parsing info during refresh. "On-the-fly" syntax checking information may be incorrect. [C:\Users\Lenovo\Desktop\Letnik3\DN\Project\Project01\Project01.srcs\sources_1\new\APB_interconnect.sv:]
WARNING: [filemgmt 56-199] Attempt to get parsing info during refresh. "On-the-fly" syntax checking information may be incorrect. [C:\Users\Lenovo\Desktop\Letnik3\DN\Project\Project01\Project01.srcs\sources_1\new\APB_master.sv:]
WARNING: [filemgmt 56-199] Attempt to get parsing info during refresh. "On-the-fly" syntax checking information may be incorrect. [C:\Users\Lenovo\Desktop\Letnik3\DN\Project\Project01\Project01.srcs\sources_1\new\APB_bridge.sv:]
WARNING: [filemgmt 56-199] Attempt to get parsing info during refresh. "On-the-fly" syntax checking information may be incorrect. [C:\Users\Lenovo\Desktop\Letnik3\DN\Project\Project01\Project01.srcs\sources_1\new\APB_bridge.sv:]
WARNING: [filemgmt 56-199] Attempt to get parsing info during refresh. "On-the-fly" syntax checking information may be incorrect. [C:\Users\Lenovo\Desktop\Letnik3\DN\Project\Project01\Project01.srcs\sources_1\new\i2c_tmp102_master.sv:]
WARNING: [filemgmt 56-199] Attempt to get parsing info during refresh. "On-the-fly" syntax checking information may be incorrect. [C:\Users\Lenovo\Desktop\Letnik3\DN\Project\Project01\Project01.srcs\sources_1\new\i2c_master.sv:]
WARNING: [filemgmt 56-199] Attempt to get parsing info during refresh. "On-the-fly" syntax checking information may be incorrect. [C:\Users\Lenovo\Desktop\Letnik3\DN\Project\Project01\Project01.srcs\sources_1\new\APB_uart.sv:]
WARNING: [filemgmt 56-199] Attempt to get parsing info during refresh. "On-the-fly" syntax checking information may be incorrect. [C:\Users\Lenovo\Desktop\Letnik3\DN\Project\Project01\Project01.srcs\sources_1\new\APB_bridge.sv:]
WARNING: [filemgmt 56-199] Attempt to get parsing info during refresh. "On-the-fly" syntax checking information may be incorrect. [C:\Users\Lenovo\Desktop\Letnik3\DN\Project\Project01\Project01.srcs\sources_1\new\APB_gpio.sv:]
WARNING: [filemgmt 56-199] Attempt to get parsing info during refresh. "On-the-fly" syntax checking information may be incorrect. [C:\Users\Lenovo\Desktop\Letnik3\DN\Project\Project01\Project01.srcs\sources_1\new\APB_timer.sv:]
WARNING: [filemgmt 56-199] Attempt to get parsing info during refresh. "On-the-fly" syntax checking information may be incorrect. [C:\Users\Lenovo\Desktop\Letnik3\DN\Project\Project01\Project01.srcs\sources_1\new\APB_i2c.sv:]
WARNING: [filemgmt 56-199] Attempt to get parsing info during refresh. "On-the-fly" syntax checking information may be incorrect. [C:\Users\Lenovo\Desktop\Letnik3\DN\Project\Project01\Project01.srcs\sources_1\new\APB_interconnect.sv:]
WARNING: [filemgmt 56-199] Attempt to get parsing info during refresh. "On-the-fly" syntax checking information may be incorrect. [C:\Users\Lenovo\Desktop\Letnik3\DN\Project\Project01\Project01.srcs\sources_1\new\APB_master.sv:]
WARNING: [filemgmt 56-199] Attempt to get parsing info during refresh. "On-the-fly" syntax checking information may be incorrect. [C:\Users\Lenovo\Desktop\Letnik3\DN\Project\Project01\Project01.srcs\sources_1\new\APB_master.sv:]
WARNING: [filemgmt 56-199] Attempt to get parsing info during refresh. "On-the-fly" syntax checking information may be incorrect. [C:\Users\Lenovo\Desktop\Letnik3\DN\Project\Project01\Project01.srcs\sources_1\new\APB_master.sv:]
WARNING: [filemgmt 56-199] Attempt to get parsing info during refresh. "On-the-fly" syntax checking information may be incorrect. [C:\Users\Lenovo\Desktop\Letnik3\DN\Project\Project01\Project01.srcs\sources_1\new\i2c_tmp102_master.sv:]
WARNING: [filemgmt 56-199] Attempt to get parsing info during refresh. "On-the-fly" syntax checking information may be incorrect. [C:\Users\Lenovo\Desktop\Letnik3\DN\Project\Project01\Project01.srcs\sources_1\new\i2c_master.sv:]
WARNING: [filemgmt 56-199] Attempt to get parsing info during refresh. "On-the-fly" syntax checking information may be incorrect. [C:\Users\Lenovo\Desktop\Letnik3\DN\Project\Project01\Project01.srcs\sources_1\new\APB_uart.sv:]
WARNING: [filemgmt 56-199] Attempt to get parsing info during refresh. "On-the-fly" syntax checking information may be incorrect. [C:\Users\Lenovo\Desktop\Letnik3\DN\Project\Project01\Project01.srcs\sources_1\new\APB_bridge.sv:]
WARNING: [filemgmt 56-199] Attempt to get parsing info during refresh. "On-the-fly" syntax checking information may be incorrect. [C:\Users\Lenovo\Desktop\Letnik3\DN\Project\Project01\Project01.srcs\sources_1\new\APB_gpio.sv:]
WARNING: [filemgmt 56-199] Attempt to get parsing info during refresh. "On-the-fly" syntax checking information may be incorrect. [C:\Users\Lenovo\Desktop\Letnik3\DN\Project\Project01\Project01.srcs\sources_1\new\APB_timer.sv:]
WARNING: [filemgmt 56-199] Attempt to get parsing info during refresh. "On-the-fly" syntax checking information may be incorrect. [C:\Users\Lenovo\Desktop\Letnik3\DN\Project\Project01\Project01.srcs\sources_1\new\APB_i2c.sv:]
WARNING: [filemgmt 56-199] Attempt to get parsing info during refresh. "On-the-fly" syntax checking information may be incorrect. [C:\Users\Lenovo\Desktop\Letnik3\DN\Project\Project01\Project01.srcs\sources_1\new\APB_interconnect.sv:]
WARNING: [filemgmt 56-199] Attempt to get parsing info during refresh. "On-the-fly" syntax checking information may be incorrect. [C:\Users\Lenovo\Desktop\Letnik3\DN\Project\Project01\Project01.srcs\sources_1\new\APB_master.sv:]
WARNING: [filemgmt 56-199] Attempt to get parsing info during refresh. "On-the-fly" syntax checking information may be incorrect. [C:\Users\Lenovo\Desktop\Letnik3\DN\Project\Project01\Project01.srcs\sources_1\new\APB_interconnect.sv:]
WARNING: [filemgmt 56-199] Attempt to get parsing info during refresh. "On-the-fly" syntax checking information may be incorrect. [C:\Users\Lenovo\Desktop\Letnik3\DN\Project\Project01\Project01.srcs\sources_1\new\APB_interconnect.sv:]
WARNING: [filemgmt 56-199] Attempt to get parsing info during refresh. "On-the-fly" syntax checking information may be incorrect. [C:\Users\Lenovo\Desktop\Letnik3\DN\Project\Project01\Project01.srcs\sources_1\new\i2c_tmp102_master.sv:]
WARNING: [filemgmt 56-199] Attempt to get parsing info during refresh. "On-the-fly" syntax checking information may be incorrect. [C:\Users\Lenovo\Desktop\Letnik3\DN\Project\Project01\Project01.srcs\sources_1\new\i2c_master.sv:]
WARNING: [filemgmt 56-199] Attempt to get parsing info during refresh. "On-the-fly" syntax checking information may be incorrect. [C:\Users\Lenovo\Desktop\Letnik3\DN\Project\Project01\Project01.srcs\sources_1\new\APB_uart.sv:]
WARNING: [filemgmt 56-199] Attempt to get parsing info during refresh. "On-the-fly" syntax checking information may be incorrect. [C:\Users\Lenovo\Desktop\Letnik3\DN\Project\Project01\Project01.srcs\sources_1\new\APB_bridge.sv:]
WARNING: [filemgmt 56-199] Attempt to get parsing info during refresh. "On-the-fly" syntax checking information may be incorrect. [C:\Users\Lenovo\Desktop\Letnik3\DN\Project\Project01\Project01.srcs\sources_1\new\APB_gpio.sv:]
WARNING: [filemgmt 56-199] Attempt to get parsing info during refresh. "On-the-fly" syntax checking information may be incorrect. [C:\Users\Lenovo\Desktop\Letnik3\DN\Project\Project01\Project01.srcs\sources_1\new\APB_timer.sv:]
WARNING: [filemgmt 56-199] Attempt to get parsing info during refresh. "On-the-fly" syntax checking information may be incorrect. [C:\Users\Lenovo\Desktop\Letnik3\DN\Project\Project01\Project01.srcs\sources_1\new\APB_i2c.sv:]
WARNING: [filemgmt 56-199] Attempt to get parsing info during refresh. "On-the-fly" syntax checking information may be incorrect. [C:\Users\Lenovo\Desktop\Letnik3\DN\Project\Project01\Project01.srcs\sources_1\new\APB_interconnect.sv:]
WARNING: [filemgmt 56-199] Attempt to get parsing info during refresh. "On-the-fly" syntax checking information may be incorrect. [C:\Users\Lenovo\Desktop\Letnik3\DN\Project\Project01\Project01.srcs\sources_1\new\APB_master.sv:]
WARNING: [filemgmt 56-199] Attempt to get parsing info during refresh. "On-the-fly" syntax checking information may be incorrect. [C:\Users\Lenovo\Desktop\Letnik3\DN\Project\Project01\Project01.srcs\sources_1\new\APB_gpio.sv:]
WARNING: [filemgmt 56-199] Attempt to get parsing info during refresh. "On-the-fly" syntax checking information may be incorrect. [C:\Users\Lenovo\Desktop\Letnik3\DN\Project\Project01\Project01.srcs\sources_1\new\APB_gpio.sv:]
WARNING: [filemgmt 56-199] Attempt to get parsing info during refresh. "On-the-fly" syntax checking information may be incorrect. [C:\Users\Lenovo\Desktop\Letnik3\DN\Project\Project01\Project01.srcs\sources_1\new\i2c_tmp102_master.sv:]
WARNING: [filemgmt 56-199] Attempt to get parsing info during refresh. "On-the-fly" syntax checking information may be incorrect. [C:\Users\Lenovo\Desktop\Letnik3\DN\Project\Project01\Project01.srcs\sources_1\new\i2c_master.sv:]
WARNING: [filemgmt 56-199] Attempt to get parsing info during refresh. "On-the-fly" syntax checking information may be incorrect. [C:\Users\Lenovo\Desktop\Letnik3\DN\Project\Project01\Project01.srcs\sources_1\new\APB_uart.sv:]
WARNING: [filemgmt 56-199] Attempt to get parsing info during refresh. "On-the-fly" syntax checking information may be incorrect. [C:\Users\Lenovo\Desktop\Letnik3\DN\Project\Project01\Project01.srcs\sources_1\new\APB_bridge.sv:]
WARNING: [filemgmt 56-199] Attempt to get parsing info during refresh. "On-the-fly" syntax checking information may be incorrect. [C:\Users\Lenovo\Desktop\Letnik3\DN\Project\Project01\Project01.srcs\sources_1\new\APB_gpio.sv:]
WARNING: [filemgmt 56-199] Attempt to get parsing info during refresh. "On-the-fly" syntax checking information may be incorrect. [C:\Users\Lenovo\Desktop\Letnik3\DN\Project\Project01\Project01.srcs\sources_1\new\APB_timer.sv:]
WARNING: [filemgmt 56-199] Attempt to get parsing info during refresh. "On-the-fly" syntax checking information may be incorrect. [C:\Users\Lenovo\Desktop\Letnik3\DN\Project\Project01\Project01.srcs\sources_1\new\APB_i2c.sv:]
WARNING: [filemgmt 56-199] Attempt to get parsing info during refresh. "On-the-fly" syntax checking information may be incorrect. [C:\Users\Lenovo\Desktop\Letnik3\DN\Project\Project01\Project01.srcs\sources_1\new\APB_interconnect.sv:]
WARNING: [filemgmt 56-199] Attempt to get parsing info during refresh. "On-the-fly" syntax checking information may be incorrect. [C:\Users\Lenovo\Desktop\Letnik3\DN\Project\Project01\Project01.srcs\sources_1\new\APB_master.sv:]
WARNING: [filemgmt 56-199] Attempt to get parsing info during refresh. "On-the-fly" syntax checking information may be incorrect. [C:\Users\Lenovo\Desktop\Letnik3\DN\Project\Project01\Project01.srcs\sources_1\new\APB_timer.sv:]
WARNING: [filemgmt 56-199] Attempt to get parsing info during refresh. "On-the-fly" syntax checking information may be incorrect. [C:\Users\Lenovo\Desktop\Letnik3\DN\Project\Project01\Project01.srcs\sources_1\new\APB_timer.sv:]
[Sun Jan 25 19:09:32 2026] Launched impl_1...
Run output will be captured here: C:/Users/Lenovo/Desktop/Letnik3/DN/Project/Project01/Project01.runs/impl_1/runme.log
reset_run synth_1
INFO: [Project 1-1161] Replacing file C:/Users/Lenovo/Desktop/Letnik3/DN/Project/Project01/Project01.srcs/utils_1/imports/synth_1/top.dcp with file C:/Users/Lenovo/Desktop/Letnik3/DN/Project/Project01/Project01.runs/synth_1/top.dcp
WARNING: [Vivado 12-1017] Problems encountered:
1. Failed to delete one or more files in run directory C:/Users/Lenovo/Desktop/Letnik3/DN/Project/Project01/Project01.runs/synth_1

launch_runs impl_1 -to_step write_bitstream -jobs 6
[Sun Jan 25 19:09:44 2026] Launched synth_1...
Run output will be captured here: C:/Users/Lenovo/Desktop/Letnik3/DN/Project/Project01/Project01.runs/synth_1/runme.log
[Sun Jan 25 19:09:44 2026] Launched impl_1...
Run output will be captured here: C:/Users/Lenovo/Desktop/Letnik3/DN/Project/Project01/Project01.runs/impl_1/runme.log
WARNING: [filemgmt 56-199] Attempt to get parsing info during refresh. "On-the-fly" syntax checking information may be incorrect. [C:\Users\Lenovo\Desktop\Letnik3\DN\Project\Project01\Project01.srcs\sources_1\new\i2c_tmp102_master.sv:]
WARNING: [filemgmt 56-199] Attempt to get parsing info during refresh. "On-the-fly" syntax checking information may be incorrect. [C:\Users\Lenovo\Desktop\Letnik3\DN\Project\Project01\Project01.srcs\sources_1\new\i2c_master.sv:]
WARNING: [filemgmt 56-199] Attempt to get parsing info during refresh. "On-the-fly" syntax checking information may be incorrect. [C:\Users\Lenovo\Desktop\Letnik3\DN\Project\Project01\Project01.srcs\sources_1\new\APB_uart.sv:]
WARNING: [filemgmt 56-199] Attempt to get parsing info during refresh. "On-the-fly" syntax checking information may be incorrect. [C:\Users\Lenovo\Desktop\Letnik3\DN\Project\Project01\Project01.srcs\sources_1\new\APB_bridge.sv:]
WARNING: [filemgmt 56-199] Attempt to get parsing info during refresh. "On-the-fly" syntax checking information may be incorrect. [C:\Users\Lenovo\Desktop\Letnik3\DN\Project\Project01\Project01.srcs\sources_1\new\APB_gpio.sv:]
WARNING: [filemgmt 56-199] Attempt to get parsing info during refresh. "On-the-fly" syntax checking information may be incorrect. [C:\Users\Lenovo\Desktop\Letnik3\DN\Project\Project01\Project01.srcs\sources_1\new\APB_timer.sv:]
WARNING: [filemgmt 56-199] Attempt to get parsing info during refresh. "On-the-fly" syntax checking information may be incorrect. [C:\Users\Lenovo\Desktop\Letnik3\DN\Project\Project01\Project01.srcs\sources_1\new\APB_i2c.sv:]
WARNING: [filemgmt 56-199] Attempt to get parsing info during refresh. "On-the-fly" syntax checking information may be incorrect. [C:\Users\Lenovo\Desktop\Letnik3\DN\Project\Project01\Project01.srcs\sources_1\new\APB_interconnect.sv:]
WARNING: [filemgmt 56-199] Attempt to get parsing info during refresh. "On-the-fly" syntax checking information may be incorrect. [C:\Users\Lenovo\Desktop\Letnik3\DN\Project\Project01\Project01.srcs\sources_1\new\APB_master.sv:]
WARNING: [filemgmt 56-199] Attempt to get parsing info during refresh. "On-the-fly" syntax checking information may be incorrect. [C:\Users\Lenovo\Desktop\Letnik3\DN\Project\Project01\Project01.srcs\sources_1\new\APB_bridge.sv:]
WARNING: [filemgmt 56-199] Attempt to get parsing info during refresh. "On-the-fly" syntax checking information may be incorrect. [C:\Users\Lenovo\Desktop\Letnik3\DN\Project\Project01\Project01.srcs\sources_1\new\APB_bridge.sv:]
WARNING: [filemgmt 56-199] Attempt to get parsing info during refresh. "On-the-fly" syntax checking information may be incorrect. [C:\Users\Lenovo\Desktop\Letnik3\DN\Project\Project01\Project01.srcs\sources_1\new\i2c_tmp102_master.sv:]
WARNING: [filemgmt 56-199] Attempt to get parsing info during refresh. "On-the-fly" syntax checking information may be incorrect. [C:\Users\Lenovo\Desktop\Letnik3\DN\Project\Project01\Project01.srcs\sources_1\new\i2c_master.sv:]
WARNING: [filemgmt 56-199] Attempt to get parsing info during refresh. "On-the-fly" syntax checking information may be incorrect. [C:\Users\Lenovo\Desktop\Letnik3\DN\Project\Project01\Project01.srcs\sources_1\new\APB_uart.sv:]
WARNING: [filemgmt 56-199] Attempt to get parsing info during refresh. "On-the-fly" syntax checking information may be incorrect. [C:\Users\Lenovo\Desktop\Letnik3\DN\Project\Project01\Project01.srcs\sources_1\new\APB_bridge.sv:]
WARNING: [filemgmt 56-199] Attempt to get parsing info during refresh. "On-the-fly" syntax checking information may be incorrect. [C:\Users\Lenovo\Desktop\Letnik3\DN\Project\Project01\Project01.srcs\sources_1\new\APB_gpio.sv:]
WARNING: [filemgmt 56-199] Attempt to get parsing info during refresh. "On-the-fly" syntax checking information may be incorrect. [C:\Users\Lenovo\Desktop\Letnik3\DN\Project\Project01\Project01.srcs\sources_1\new\APB_timer.sv:]
WARNING: [filemgmt 56-199] Attempt to get parsing info during refresh. "On-the-fly" syntax checking information may be incorrect. [C:\Users\Lenovo\Desktop\Letnik3\DN\Project\Project01\Project01.srcs\sources_1\new\APB_i2c.sv:]
WARNING: [filemgmt 56-199] Attempt to get parsing info during refresh. "On-the-fly" syntax checking information may be incorrect. [C:\Users\Lenovo\Desktop\Letnik3\DN\Project\Project01\Project01.srcs\sources_1\new\APB_interconnect.sv:]
WARNING: [filemgmt 56-199] Attempt to get parsing info during refresh. "On-the-fly" syntax checking information may be incorrect. [C:\Users\Lenovo\Desktop\Letnik3\DN\Project\Project01\Project01.srcs\sources_1\new\APB_master.sv:]
WARNING: [filemgmt 56-199] Attempt to get parsing info during refresh. "On-the-fly" syntax checking information may be incorrect. [C:\Users\Lenovo\Desktop\Letnik3\DN\Project\Project01\Project01.srcs\sources_1\new\APB_master.sv:]
WARNING: [filemgmt 56-199] Attempt to get parsing info during refresh. "On-the-fly" syntax checking information may be incorrect. [C:\Users\Lenovo\Desktop\Letnik3\DN\Project\Project01\Project01.srcs\sources_1\new\APB_master.sv:]
WARNING: [filemgmt 56-199] Attempt to get parsing info during refresh. "On-the-fly" syntax checking information may be incorrect. [C:\Users\Lenovo\Desktop\Letnik3\DN\Project\Project01\Project01.srcs\sources_1\new\i2c_tmp102_master.sv:]
WARNING: [filemgmt 56-199] Attempt to get parsing info during refresh. "On-the-fly" syntax checking information may be incorrect. [C:\Users\Lenovo\Desktop\Letnik3\DN\Project\Project01\Project01.srcs\sources_1\new\i2c_master.sv:]
WARNING: [filemgmt 56-199] Attempt to get parsing info during refresh. "On-the-fly" syntax checking information may be incorrect. [C:\Users\Lenovo\Desktop\Letnik3\DN\Project\Project01\Project01.srcs\sources_1\new\APB_uart.sv:]
WARNING: [filemgmt 56-199] Attempt to get parsing info during refresh. "On-the-fly" syntax checking information may be incorrect. [C:\Users\Lenovo\Desktop\Letnik3\DN\Project\Project01\Project01.srcs\sources_1\new\APB_bridge.sv:]
WARNING: [filemgmt 56-199] Attempt to get parsing info during refresh. "On-the-fly" syntax checking information may be incorrect. [C:\Users\Lenovo\Desktop\Letnik3\DN\Project\Project01\Project01.srcs\sources_1\new\APB_gpio.sv:]
WARNING: [filemgmt 56-199] Attempt to get parsing info during refresh. "On-the-fly" syntax checking information may be incorrect. [C:\Users\Lenovo\Desktop\Letnik3\DN\Project\Project01\Project01.srcs\sources_1\new\APB_timer.sv:]
WARNING: [filemgmt 56-199] Attempt to get parsing info during refresh. "On-the-fly" syntax checking information may be incorrect. [C:\Users\Lenovo\Desktop\Letnik3\DN\Project\Project01\Project01.srcs\sources_1\new\APB_i2c.sv:]
WARNING: [filemgmt 56-199] Attempt to get parsing info during refresh. "On-the-fly" syntax checking information may be incorrect. [C:\Users\Lenovo\Desktop\Letnik3\DN\Project\Project01\Project01.srcs\sources_1\new\APB_interconnect.sv:]
WARNING: [filemgmt 56-199] Attempt to get parsing info during refresh. "On-the-fly" syntax checking information may be incorrect. [C:\Users\Lenovo\Desktop\Letnik3\DN\Project\Project01\Project01.srcs\sources_1\new\APB_master.sv:]
WARNING: [filemgmt 56-199] Attempt to get parsing info during refresh. "On-the-fly" syntax checking information may be incorrect. [C:\Users\Lenovo\Desktop\Letnik3\DN\Project\Project01\Project01.srcs\sources_1\new\APB_interconnect.sv:]
WARNING: [filemgmt 56-199] Attempt to get parsing info during refresh. "On-the-fly" syntax checking information may be incorrect. [C:\Users\Lenovo\Desktop\Letnik3\DN\Project\Project01\Project01.srcs\sources_1\new\APB_interconnect.sv:]
WARNING: [filemgmt 56-199] Attempt to get parsing info during refresh. "On-the-fly" syntax checking information may be incorrect. [C:\Users\Lenovo\Desktop\Letnik3\DN\Project\Project01\Project01.srcs\sources_1\new\i2c_tmp102_master.sv:]
WARNING: [filemgmt 56-199] Attempt to get parsing info during refresh. "On-the-fly" syntax checking information may be incorrect. [C:\Users\Lenovo\Desktop\Letnik3\DN\Project\Project01\Project01.srcs\sources_1\new\i2c_master.sv:]
WARNING: [filemgmt 56-199] Attempt to get parsing info during refresh. "On-the-fly" syntax checking information may be incorrect. [C:\Users\Lenovo\Desktop\Letnik3\DN\Project\Project01\Project01.srcs\sources_1\new\APB_uart.sv:]
WARNING: [filemgmt 56-199] Attempt to get parsing info during refresh. "On-the-fly" syntax checking information may be incorrect. [C:\Users\Lenovo\Desktop\Letnik3\DN\Project\Project01\Project01.srcs\sources_1\new\APB_bridge.sv:]
WARNING: [filemgmt 56-199] Attempt to get parsing info during refresh. "On-the-fly" syntax checking information may be incorrect. [C:\Users\Lenovo\Desktop\Letnik3\DN\Project\Project01\Project01.srcs\sources_1\new\APB_gpio.sv:]
WARNING: [filemgmt 56-199] Attempt to get parsing info during refresh. "On-the-fly" syntax checking information may be incorrect. [C:\Users\Lenovo\Desktop\Letnik3\DN\Project\Project01\Project01.srcs\sources_1\new\APB_timer.sv:]
WARNING: [filemgmt 56-199] Attempt to get parsing info during refresh. "On-the-fly" syntax checking information may be incorrect. [C:\Users\Lenovo\Desktop\Letnik3\DN\Project\Project01\Project01.srcs\sources_1\new\APB_i2c.sv:]
WARNING: [filemgmt 56-199] Attempt to get parsing info during refresh. "On-the-fly" syntax checking information may be incorrect. [C:\Users\Lenovo\Desktop\Letnik3\DN\Project\Project01\Project01.srcs\sources_1\new\APB_interconnect.sv:]
WARNING: [filemgmt 56-199] Attempt to get parsing info during refresh. "On-the-fly" syntax checking information may be incorrect. [C:\Users\Lenovo\Desktop\Letnik3\DN\Project\Project01\Project01.srcs\sources_1\new\APB_master.sv:]
WARNING: [filemgmt 56-199] Attempt to get parsing info during refresh. "On-the-fly" syntax checking information may be incorrect. [C:\Users\Lenovo\Desktop\Letnik3\DN\Project\Project01\Project01.srcs\sources_1\new\APB_gpio.sv:]
WARNING: [filemgmt 56-199] Attempt to get parsing info during refresh. "On-the-fly" syntax checking information may be incorrect. [C:\Users\Lenovo\Desktop\Letnik3\DN\Project\Project01\Project01.srcs\sources_1\new\APB_gpio.sv:]
WARNING: [filemgmt 56-199] Attempt to get parsing info during refresh. "On-the-fly" syntax checking information may be incorrect. [C:\Users\Lenovo\Desktop\Letnik3\DN\Project\Project01\Project01.srcs\sources_1\new\i2c_tmp102_master.sv:]
WARNING: [filemgmt 56-199] Attempt to get parsing info during refresh. "On-the-fly" syntax checking information may be incorrect. [C:\Users\Lenovo\Desktop\Letnik3\DN\Project\Project01\Project01.srcs\sources_1\new\i2c_master.sv:]
WARNING: [filemgmt 56-199] Attempt to get parsing info during refresh. "On-the-fly" syntax checking information may be incorrect. [C:\Users\Lenovo\Desktop\Letnik3\DN\Project\Project01\Project01.srcs\sources_1\new\APB_uart.sv:]
WARNING: [filemgmt 56-199] Attempt to get parsing info during refresh. "On-the-fly" syntax checking information may be incorrect. [C:\Users\Lenovo\Desktop\Letnik3\DN\Project\Project01\Project01.srcs\sources_1\new\APB_bridge.sv:]
WARNING: [filemgmt 56-199] Attempt to get parsing info during refresh. "On-the-fly" syntax checking information may be incorrect. [C:\Users\Lenovo\Desktop\Letnik3\DN\Project\Project01\Project01.srcs\sources_1\new\APB_gpio.sv:]
WARNING: [filemgmt 56-199] Attempt to get parsing info during refresh. "On-the-fly" syntax checking information may be incorrect. [C:\Users\Lenovo\Desktop\Letnik3\DN\Project\Project01\Project01.srcs\sources_1\new\APB_timer.sv:]
WARNING: [filemgmt 56-199] Attempt to get parsing info during refresh. "On-the-fly" syntax checking information may be incorrect. [C:\Users\Lenovo\Desktop\Letnik3\DN\Project\Project01\Project01.srcs\sources_1\new\APB_i2c.sv:]
WARNING: [filemgmt 56-199] Attempt to get parsing info during refresh. "On-the-fly" syntax checking information may be incorrect. [C:\Users\Lenovo\Desktop\Letnik3\DN\Project\Project01\Project01.srcs\sources_1\new\APB_interconnect.sv:]
WARNING: [filemgmt 56-199] Attempt to get parsing info during refresh. "On-the-fly" syntax checking information may be incorrect. [C:\Users\Lenovo\Desktop\Letnik3\DN\Project\Project01\Project01.srcs\sources_1\new\APB_master.sv:]
WARNING: [filemgmt 56-199] Attempt to get parsing info during refresh. "On-the-fly" syntax checking information may be incorrect. [C:\Users\Lenovo\Desktop\Letnik3\DN\Project\Project01\Project01.srcs\sources_1\new\APB_timer.sv:]
WARNING: [filemgmt 56-199] Attempt to get parsing info during refresh. "On-the-fly" syntax checking information may be incorrect. [C:\Users\Lenovo\Desktop\Letnik3\DN\Project\Project01\Project01.srcs\sources_1\new\APB_timer.sv:]
close_hw_manager
reset_run impl_1 -prev_step 
launch_runs impl_1 -to_step write_bitstream -jobs 6
[Sun Jan 25 19:13:50 2026] Launched impl_1...
Run output will be captured here: C:/Users/Lenovo/Desktop/Letnik3/DN/Project/Project01/Project01.runs/impl_1/runme.log
reset_run impl_1 -prev_step 
launch_runs impl_1 -to_step write_bitstream -jobs 6
[Sun Jan 25 19:14:08 2026] Launched impl_1...
Run output will be captured here: C:/Users/Lenovo/Desktop/Letnik3/DN/Project/Project01/Project01.runs/impl_1/runme.log
reset_run impl_1 -prev_step 
launch_runs impl_1 -to_step write_bitstream -jobs 6
WARNING: [filemgmt 56-199] Attempt to get parsing info during refresh. "On-the-fly" syntax checking information may be incorrect. [C:\Users\Lenovo\Desktop\Letnik3\DN\Project\Project01\Project01.srcs\sources_1\new\i2c_tmp102_master.sv:]
WARNING: [filemgmt 56-199] Attempt to get parsing info during refresh. "On-the-fly" syntax checking information may be incorrect. [C:\Users\Lenovo\Desktop\Letnik3\DN\Project\Project01\Project01.srcs\sources_1\new\i2c_master.sv:]
WARNING: [filemgmt 56-199] Attempt to get parsing info during refresh. "On-the-fly" syntax checking information may be incorrect. [C:\Users\Lenovo\Desktop\Letnik3\DN\Project\Project01\Project01.srcs\sources_1\new\APB_uart.sv:]
WARNING: [filemgmt 56-199] Attempt to get parsing info during refresh. "On-the-fly" syntax checking information may be incorrect. [C:\Users\Lenovo\Desktop\Letnik3\DN\Project\Project01\Project01.srcs\sources_1\new\APB_bridge.sv:]
WARNING: [filemgmt 56-199] Attempt to get parsing info during refresh. "On-the-fly" syntax checking information may be incorrect. [C:\Users\Lenovo\Desktop\Letnik3\DN\Project\Project01\Project01.srcs\sources_1\new\APB_gpio.sv:]
WARNING: [filemgmt 56-199] Attempt to get parsing info during refresh. "On-the-fly" syntax checking information may be incorrect. [C:\Users\Lenovo\Desktop\Letnik3\DN\Project\Project01\Project01.srcs\sources_1\new\APB_timer.sv:]
WARNING: [filemgmt 56-199] Attempt to get parsing info during refresh. "On-the-fly" syntax checking information may be incorrect. [C:\Users\Lenovo\Desktop\Letnik3\DN\Project\Project01\Project01.srcs\sources_1\new\APB_i2c.sv:]
WARNING: [filemgmt 56-199] Attempt to get parsing info during refresh. "On-the-fly" syntax checking information may be incorrect. [C:\Users\Lenovo\Desktop\Letnik3\DN\Project\Project01\Project01.srcs\sources_1\new\APB_interconnect.sv:]
WARNING: [filemgmt 56-199] Attempt to get parsing info during refresh. "On-the-fly" syntax checking information may be incorrect. [C:\Users\Lenovo\Desktop\Letnik3\DN\Project\Project01\Project01.srcs\sources_1\new\APB_master.sv:]
WARNING: [filemgmt 56-199] Attempt to get parsing info during refresh. "On-the-fly" syntax checking information may be incorrect. [C:\Users\Lenovo\Desktop\Letnik3\DN\Project\Project01\Project01.srcs\sources_1\new\APB_bridge.sv:]
WARNING: [filemgmt 56-199] Attempt to get parsing info during refresh. "On-the-fly" syntax checking information may be incorrect. [C:\Users\Lenovo\Desktop\Letnik3\DN\Project\Project01\Project01.srcs\sources_1\new\APB_bridge.sv:]
WARNING: [filemgmt 56-199] Attempt to get parsing info during refresh. "On-the-fly" syntax checking information may be incorrect. [C:\Users\Lenovo\Desktop\Letnik3\DN\Project\Project01\Project01.srcs\sources_1\new\i2c_tmp102_master.sv:]
WARNING: [filemgmt 56-199] Attempt to get parsing info during refresh. "On-the-fly" syntax checking information may be incorrect. [C:\Users\Lenovo\Desktop\Letnik3\DN\Project\Project01\Project01.srcs\sources_1\new\i2c_master.sv:]
WARNING: [filemgmt 56-199] Attempt to get parsing info during refresh. "On-the-fly" syntax checking information may be incorrect. [C:\Users\Lenovo\Desktop\Letnik3\DN\Project\Project01\Project01.srcs\sources_1\new\APB_uart.sv:]
WARNING: [filemgmt 56-199] Attempt to get parsing info during refresh. "On-the-fly" syntax checking information may be incorrect. [C:\Users\Lenovo\Desktop\Letnik3\DN\Project\Project01\Project01.srcs\sources_1\new\APB_bridge.sv:]
WARNING: [filemgmt 56-199] Attempt to get parsing info during refresh. "On-the-fly" syntax checking information may be incorrect. [C:\Users\Lenovo\Desktop\Letnik3\DN\Project\Project01\Project01.srcs\sources_1\new\APB_gpio.sv:]
WARNING: [filemgmt 56-199] Attempt to get parsing info during refresh. "On-the-fly" syntax checking information may be incorrect. [C:\Users\Lenovo\Desktop\Letnik3\DN\Project\Project01\Project01.srcs\sources_1\new\APB_timer.sv:]
WARNING: [filemgmt 56-199] Attempt to get parsing info during refresh. "On-the-fly" syntax checking information may be incorrect. [C:\Users\Lenovo\Desktop\Letnik3\DN\Project\Project01\Project01.srcs\sources_1\new\APB_i2c.sv:]
WARNING: [filemgmt 56-199] Attempt to get parsing info during refresh. "On-the-fly" syntax checking information may be incorrect. [C:\Users\Lenovo\Desktop\Letnik3\DN\Project\Project01\Project01.srcs\sources_1\new\APB_interconnect.sv:]
WARNING: [filemgmt 56-199] Attempt to get parsing info during refresh. "On-the-fly" syntax checking information may be incorrect. [C:\Users\Lenovo\Desktop\Letnik3\DN\Project\Project01\Project01.srcs\sources_1\new\APB_master.sv:]
WARNING: [filemgmt 56-199] Attempt to get parsing info during refresh. "On-the-fly" syntax checking information may be incorrect. [C:\Users\Lenovo\Desktop\Letnik3\DN\Project\Project01\Project01.srcs\sources_1\new\APB_master.sv:]
WARNING: [filemgmt 56-199] Attempt to get parsing info during refresh. "On-the-fly" syntax checking information may be incorrect. [C:\Users\Lenovo\Desktop\Letnik3\DN\Project\Project01\Project01.srcs\sources_1\new\APB_master.sv:]
WARNING: [filemgmt 56-199] Attempt to get parsing info during refresh. "On-the-fly" syntax checking information may be incorrect. [C:\Users\Lenovo\Desktop\Letnik3\DN\Project\Project01\Project01.srcs\sources_1\new\i2c_tmp102_master.sv:]
WARNING: [filemgmt 56-199] Attempt to get parsing info during refresh. "On-the-fly" syntax checking information may be incorrect. [C:\Users\Lenovo\Desktop\Letnik3\DN\Project\Project01\Project01.srcs\sources_1\new\i2c_master.sv:]
WARNING: [filemgmt 56-199] Attempt to get parsing info during refresh. "On-the-fly" syntax checking information may be incorrect. [C:\Users\Lenovo\Desktop\Letnik3\DN\Project\Project01\Project01.srcs\sources_1\new\APB_uart.sv:]
WARNING: [filemgmt 56-199] Attempt to get parsing info during refresh. "On-the-fly" syntax checking information may be incorrect. [C:\Users\Lenovo\Desktop\Letnik3\DN\Project\Project01\Project01.srcs\sources_1\new\APB_bridge.sv:]
WARNING: [filemgmt 56-199] Attempt to get parsing info during refresh. "On-the-fly" syntax checking information may be incorrect. [C:\Users\Lenovo\Desktop\Letnik3\DN\Project\Project01\Project01.srcs\sources_1\new\APB_gpio.sv:]
WARNING: [filemgmt 56-199] Attempt to get parsing info during refresh. "On-the-fly" syntax checking information may be incorrect. [C:\Users\Lenovo\Desktop\Letnik3\DN\Project\Project01\Project01.srcs\sources_1\new\APB_timer.sv:]
WARNING: [filemgmt 56-199] Attempt to get parsing info during refresh. "On-the-fly" syntax checking information may be incorrect. [C:\Users\Lenovo\Desktop\Letnik3\DN\Project\Project01\Project01.srcs\sources_1\new\APB_i2c.sv:]
WARNING: [filemgmt 56-199] Attempt to get parsing info during refresh. "On-the-fly" syntax checking information may be incorrect. [C:\Users\Lenovo\Desktop\Letnik3\DN\Project\Project01\Project01.srcs\sources_1\new\APB_interconnect.sv:]
WARNING: [filemgmt 56-199] Attempt to get parsing info during refresh. "On-the-fly" syntax checking information may be incorrect. [C:\Users\Lenovo\Desktop\Letnik3\DN\Project\Project01\Project01.srcs\sources_1\new\APB_master.sv:]
WARNING: [filemgmt 56-199] Attempt to get parsing info during refresh. "On-the-fly" syntax checking information may be incorrect. [C:\Users\Lenovo\Desktop\Letnik3\DN\Project\Project01\Project01.srcs\sources_1\new\APB_interconnect.sv:]
WARNING: [filemgmt 56-199] Attempt to get parsing info during refresh. "On-the-fly" syntax checking information may be incorrect. [C:\Users\Lenovo\Desktop\Letnik3\DN\Project\Project01\Project01.srcs\sources_1\new\APB_interconnect.sv:]
WARNING: [filemgmt 56-199] Attempt to get parsing info during refresh. "On-the-fly" syntax checking information may be incorrect. [C:\Users\Lenovo\Desktop\Letnik3\DN\Project\Project01\Project01.srcs\sources_1\new\i2c_tmp102_master.sv:]
WARNING: [filemgmt 56-199] Attempt to get parsing info during refresh. "On-the-fly" syntax checking information may be incorrect. [C:\Users\Lenovo\Desktop\Letnik3\DN\Project\Project01\Project01.srcs\sources_1\new\i2c_master.sv:]
WARNING: [filemgmt 56-199] Attempt to get parsing info during refresh. "On-the-fly" syntax checking information may be incorrect. [C:\Users\Lenovo\Desktop\Letnik3\DN\Project\Project01\Project01.srcs\sources_1\new\APB_uart.sv:]
WARNING: [filemgmt 56-199] Attempt to get parsing info during refresh. "On-the-fly" syntax checking information may be incorrect. [C:\Users\Lenovo\Desktop\Letnik3\DN\Project\Project01\Project01.srcs\sources_1\new\APB_bridge.sv:]
WARNING: [filemgmt 56-199] Attempt to get parsing info during refresh. "On-the-fly" syntax checking information may be incorrect. [C:\Users\Lenovo\Desktop\Letnik3\DN\Project\Project01\Project01.srcs\sources_1\new\APB_gpio.sv:]
WARNING: [filemgmt 56-199] Attempt to get parsing info during refresh. "On-the-fly" syntax checking information may be incorrect. [C:\Users\Lenovo\Desktop\Letnik3\DN\Project\Project01\Project01.srcs\sources_1\new\APB_timer.sv:]
WARNING: [filemgmt 56-199] Attempt to get parsing info during refresh. "On-the-fly" syntax checking information may be incorrect. [C:\Users\Lenovo\Desktop\Letnik3\DN\Project\Project01\Project01.srcs\sources_1\new\APB_i2c.sv:]
WARNING: [filemgmt 56-199] Attempt to get parsing info during refresh. "On-the-fly" syntax checking information may be incorrect. [C:\Users\Lenovo\Desktop\Letnik3\DN\Project\Project01\Project01.srcs\sources_1\new\APB_interconnect.sv:]
WARNING: [filemgmt 56-199] Attempt to get parsing info during refresh. "On-the-fly" syntax checking information may be incorrect. [C:\Users\Lenovo\Desktop\Letnik3\DN\Project\Project01\Project01.srcs\sources_1\new\APB_master.sv:]
WARNING: [filemgmt 56-199] Attempt to get parsing info during refresh. "On-the-fly" syntax checking information may be incorrect. [C:\Users\Lenovo\Desktop\Letnik3\DN\Project\Project01\Project01.srcs\sources_1\new\APB_timer.sv:]
WARNING: [filemgmt 56-199] Attempt to get parsing info during refresh. "On-the-fly" syntax checking information may be incorrect. [C:\Users\Lenovo\Desktop\Letnik3\DN\Project\Project01\Project01.srcs\sources_1\new\APB_timer.sv:]
WARNING: [filemgmt 56-199] Attempt to get parsing info during refresh. "On-the-fly" syntax checking information may be incorrect. [C:\Users\Lenovo\Desktop\Letnik3\DN\Project\Project01\Project01.srcs\sources_1\new\i2c_tmp102_master.sv:]
INFO: [Common 17-14] Message 'filemgmt 56-199' appears 100 times and further instances of the messages will be disabled. Use the Tcl command set_msg_config to change the current settings.
[Sun Jan 25 19:16:38 2026] Launched impl_1...
Run output will be captured here: C:/Users/Lenovo/Desktop/Letnik3/DN/Project/Project01/Project01.runs/impl_1/runme.log
reset_run synth_1
INFO: [Project 1-1161] Replacing file C:/Users/Lenovo/Desktop/Letnik3/DN/Project/Project01/Project01.srcs/utils_1/imports/synth_1/top.dcp with file C:/Users/Lenovo/Desktop/Letnik3/DN/Project/Project01/Project01.runs/synth_1/top.dcp
WARNING: [Vivado 12-1017] Problems encountered:
1. Failed to delete one or more files in run directory C:/Users/Lenovo/Desktop/Letnik3/DN/Project/Project01/Project01.runs/synth_1

launch_runs impl_1 -to_step write_bitstream -jobs 6
[Sun Jan 25 19:16:45 2026] Launched synth_1...
Run output will be captured here: C:/Users/Lenovo/Desktop/Letnik3/DN/Project/Project01/Project01.runs/synth_1/runme.log
[Sun Jan 25 19:16:45 2026] Launched impl_1...
Run output will be captured here: C:/Users/Lenovo/Desktop/Letnik3/DN/Project/Project01/Project01.runs/impl_1/runme.log
WARNING: [filemgmt 56-199] Attempt to get parsing info during refresh. "On-the-fly" syntax checking information may be incorrect. [C:\Users\Lenovo\Desktop\Letnik3\DN\Project\Project01\Project01.srcs\sources_1\new\i2c_tmp102_master.sv:]
WARNING: [filemgmt 56-199] Attempt to get parsing info during refresh. "On-the-fly" syntax checking information may be incorrect. [C:\Users\Lenovo\Desktop\Letnik3\DN\Project\Project01\Project01.srcs\sources_1\new\i2c_master.sv:]
WARNING: [filemgmt 56-199] Attempt to get parsing info during refresh. "On-the-fly" syntax checking information may be incorrect. [C:\Users\Lenovo\Desktop\Letnik3\DN\Project\Project01\Project01.srcs\sources_1\new\APB_uart.sv:]
WARNING: [filemgmt 56-199] Attempt to get parsing info during refresh. "On-the-fly" syntax checking information may be incorrect. [C:\Users\Lenovo\Desktop\Letnik3\DN\Project\Project01\Project01.srcs\sources_1\new\APB_bridge.sv:]
WARNING: [filemgmt 56-199] Attempt to get parsing info during refresh. "On-the-fly" syntax checking information may be incorrect. [C:\Users\Lenovo\Desktop\Letnik3\DN\Project\Project01\Project01.srcs\sources_1\new\APB_gpio.sv:]
WARNING: [filemgmt 56-199] Attempt to get parsing info during refresh. "On-the-fly" syntax checking information may be incorrect. [C:\Users\Lenovo\Desktop\Letnik3\DN\Project\Project01\Project01.srcs\sources_1\new\APB_timer.sv:]
WARNING: [filemgmt 56-199] Attempt to get parsing info during refresh. "On-the-fly" syntax checking information may be incorrect. [C:\Users\Lenovo\Desktop\Letnik3\DN\Project\Project01\Project01.srcs\sources_1\new\APB_i2c.sv:]
WARNING: [filemgmt 56-199] Attempt to get parsing info during refresh. "On-the-fly" syntax checking information may be incorrect. [C:\Users\Lenovo\Desktop\Letnik3\DN\Project\Project01\Project01.srcs\sources_1\new\APB_interconnect.sv:]
WARNING: [filemgmt 56-199] Attempt to get parsing info during refresh. "On-the-fly" syntax checking information may be incorrect. [C:\Users\Lenovo\Desktop\Letnik3\DN\Project\Project01\Project01.srcs\sources_1\new\APB_master.sv:]
WARNING: [filemgmt 56-199] Attempt to get parsing info during refresh. "On-the-fly" syntax checking information may be incorrect. [C:\Users\Lenovo\Desktop\Letnik3\DN\Project\Project01\Project01.srcs\sources_1\new\APB_timer.sv:]
WARNING: [filemgmt 56-199] Attempt to get parsing info during refresh. "On-the-fly" syntax checking information may be incorrect. [C:\Users\Lenovo\Desktop\Letnik3\DN\Project\Project01\Project01.srcs\sources_1\new\APB_timer.sv:]
WARNING: [filemgmt 56-199] Attempt to get parsing info during refresh. "On-the-fly" syntax checking information may be incorrect. [C:\Users\Lenovo\Desktop\Letnik3\DN\Project\Project01\Project01.srcs\sources_1\new\i2c_tmp102_master.sv:]
WARNING: [filemgmt 56-199] Attempt to get parsing info during refresh. "On-the-fly" syntax checking information may be incorrect. [C:\Users\Lenovo\Desktop\Letnik3\DN\Project\Project01\Project01.srcs\sources_1\new\i2c_master.sv:]
WARNING: [filemgmt 56-199] Attempt to get parsing info during refresh. "On-the-fly" syntax checking information may be incorrect. [C:\Users\Lenovo\Desktop\Letnik3\DN\Project\Project01\Project01.srcs\sources_1\new\APB_uart.sv:]
WARNING: [filemgmt 56-199] Attempt to get parsing info during refresh. "On-the-fly" syntax checking information may be incorrect. [C:\Users\Lenovo\Desktop\Letnik3\DN\Project\Project01\Project01.srcs\sources_1\new\APB_bridge.sv:]
WARNING: [filemgmt 56-199] Attempt to get parsing info during refresh. "On-the-fly" syntax checking information may be incorrect. [C:\Users\Lenovo\Desktop\Letnik3\DN\Project\Project01\Project01.srcs\sources_1\new\APB_gpio.sv:]
WARNING: [filemgmt 56-199] Attempt to get parsing info during refresh. "On-the-fly" syntax checking information may be incorrect. [C:\Users\Lenovo\Desktop\Letnik3\DN\Project\Project01\Project01.srcs\sources_1\new\APB_timer.sv:]
WARNING: [filemgmt 56-199] Attempt to get parsing info during refresh. "On-the-fly" syntax checking information may be incorrect. [C:\Users\Lenovo\Desktop\Letnik3\DN\Project\Project01\Project01.srcs\sources_1\new\APB_i2c.sv:]
WARNING: [filemgmt 56-199] Attempt to get parsing info during refresh. "On-the-fly" syntax checking information may be incorrect. [C:\Users\Lenovo\Desktop\Letnik3\DN\Project\Project01\Project01.srcs\sources_1\new\APB_interconnect.sv:]
WARNING: [filemgmt 56-199] Attempt to get parsing info during refresh. "On-the-fly" syntax checking information may be incorrect. [C:\Users\Lenovo\Desktop\Letnik3\DN\Project\Project01\Project01.srcs\sources_1\new\APB_master.sv:]
WARNING: [filemgmt 56-199] Attempt to get parsing info during refresh. "On-the-fly" syntax checking information may be incorrect. [C:\Users\Lenovo\Desktop\Letnik3\DN\Project\Project01\Project01.srcs\sources_1\new\APB_interconnect.sv:]
WARNING: [filemgmt 56-199] Attempt to get parsing info during refresh. "On-the-fly" syntax checking information may be incorrect. [C:\Users\Lenovo\Desktop\Letnik3\DN\Project\Project01\Project01.srcs\sources_1\new\APB_interconnect.sv:]
WARNING: [filemgmt 56-199] Attempt to get parsing info during refresh. "On-the-fly" syntax checking information may be incorrect. [C:\Users\Lenovo\Desktop\Letnik3\DN\Project\Project01\Project01.srcs\sources_1\new\i2c_tmp102_master.sv:]
WARNING: [filemgmt 56-199] Attempt to get parsing info during refresh. "On-the-fly" syntax checking information may be incorrect. [C:\Users\Lenovo\Desktop\Letnik3\DN\Project\Project01\Project01.srcs\sources_1\new\i2c_master.sv:]
WARNING: [filemgmt 56-199] Attempt to get parsing info during refresh. "On-the-fly" syntax checking information may be incorrect. [C:\Users\Lenovo\Desktop\Letnik3\DN\Project\Project01\Project01.srcs\sources_1\new\APB_uart.sv:]
WARNING: [filemgmt 56-199] Attempt to get parsing info during refresh. "On-the-fly" syntax checking information may be incorrect. [C:\Users\Lenovo\Desktop\Letnik3\DN\Project\Project01\Project01.srcs\sources_1\new\APB_bridge.sv:]
WARNING: [filemgmt 56-199] Attempt to get parsing info during refresh. "On-the-fly" syntax checking information may be incorrect. [C:\Users\Lenovo\Desktop\Letnik3\DN\Project\Project01\Project01.srcs\sources_1\new\APB_gpio.sv:]
WARNING: [filemgmt 56-199] Attempt to get parsing info during refresh. "On-the-fly" syntax checking information may be incorrect. [C:\Users\Lenovo\Desktop\Letnik3\DN\Project\Project01\Project01.srcs\sources_1\new\APB_timer.sv:]
WARNING: [filemgmt 56-199] Attempt to get parsing info during refresh. "On-the-fly" syntax checking information may be incorrect. [C:\Users\Lenovo\Desktop\Letnik3\DN\Project\Project01\Project01.srcs\sources_1\new\APB_i2c.sv:]
WARNING: [filemgmt 56-199] Attempt to get parsing info during refresh. "On-the-fly" syntax checking information may be incorrect. [C:\Users\Lenovo\Desktop\Letnik3\DN\Project\Project01\Project01.srcs\sources_1\new\APB_interconnect.sv:]
WARNING: [filemgmt 56-199] Attempt to get parsing info during refresh. "On-the-fly" syntax checking information may be incorrect. [C:\Users\Lenovo\Desktop\Letnik3\DN\Project\Project01\Project01.srcs\sources_1\new\APB_master.sv:]
WARNING: [filemgmt 56-199] Attempt to get parsing info during refresh. "On-the-fly" syntax checking information may be incorrect. [C:\Users\Lenovo\Desktop\Letnik3\DN\Project\Project01\Project01.srcs\sources_1\new\APB_uart.sv:]
WARNING: [filemgmt 56-199] Attempt to get parsing info during refresh. "On-the-fly" syntax checking information may be incorrect. [C:\Users\Lenovo\Desktop\Letnik3\DN\Project\Project01\Project01.srcs\sources_1\new\APB_uart.sv:]
WARNING: [filemgmt 56-199] Attempt to get parsing info during refresh. "On-the-fly" syntax checking information may be incorrect. [C:\Users\Lenovo\Desktop\Letnik3\DN\Project\Project01\Project01.srcs\sources_1\new\i2c_tmp102_master.sv:]
WARNING: [filemgmt 56-199] Attempt to get parsing info during refresh. "On-the-fly" syntax checking information may be incorrect. [C:\Users\Lenovo\Desktop\Letnik3\DN\Project\Project01\Project01.srcs\sources_1\new\i2c_master.sv:]
WARNING: [filemgmt 56-199] Attempt to get parsing info during refresh. "On-the-fly" syntax checking information may be incorrect. [C:\Users\Lenovo\Desktop\Letnik3\DN\Project\Project01\Project01.srcs\sources_1\new\APB_uart.sv:]
WARNING: [filemgmt 56-199] Attempt to get parsing info during refresh. "On-the-fly" syntax checking information may be incorrect. [C:\Users\Lenovo\Desktop\Letnik3\DN\Project\Project01\Project01.srcs\sources_1\new\APB_bridge.sv:]
WARNING: [filemgmt 56-199] Attempt to get parsing info during refresh. "On-the-fly" syntax checking information may be incorrect. [C:\Users\Lenovo\Desktop\Letnik3\DN\Project\Project01\Project01.srcs\sources_1\new\APB_gpio.sv:]
WARNING: [filemgmt 56-199] Attempt to get parsing info during refresh. "On-the-fly" syntax checking information may be incorrect. [C:\Users\Lenovo\Desktop\Letnik3\DN\Project\Project01\Project01.srcs\sources_1\new\APB_timer.sv:]
WARNING: [filemgmt 56-199] Attempt to get parsing info during refresh. "On-the-fly" syntax checking information may be incorrect. [C:\Users\Lenovo\Desktop\Letnik3\DN\Project\Project01\Project01.srcs\sources_1\new\APB_i2c.sv:]
WARNING: [filemgmt 56-199] Attempt to get parsing info during refresh. "On-the-fly" syntax checking information may be incorrect. [C:\Users\Lenovo\Desktop\Letnik3\DN\Project\Project01\Project01.srcs\sources_1\new\APB_interconnect.sv:]
WARNING: [filemgmt 56-199] Attempt to get parsing info during refresh. "On-the-fly" syntax checking information may be incorrect. [C:\Users\Lenovo\Desktop\Letnik3\DN\Project\Project01\Project01.srcs\sources_1\new\APB_master.sv:]
WARNING: [filemgmt 56-199] Attempt to get parsing info during refresh. "On-the-fly" syntax checking information may be incorrect. [C:\Users\Lenovo\Desktop\Letnik3\DN\Project\Project01\Project01.srcs\sources_1\new\APB_bridge.sv:]
WARNING: [filemgmt 56-199] Attempt to get parsing info during refresh. "On-the-fly" syntax checking information may be incorrect. [C:\Users\Lenovo\Desktop\Letnik3\DN\Project\Project01\Project01.srcs\sources_1\new\APB_bridge.sv:]
WARNING: [filemgmt 56-199] Attempt to get parsing info during refresh. "On-the-fly" syntax checking information may be incorrect. [C:\Users\Lenovo\Desktop\Letnik3\DN\Project\Project01\Project01.srcs\sources_1\new\i2c_tmp102_master.sv:]
WARNING: [filemgmt 56-199] Attempt to get parsing info during refresh. "On-the-fly" syntax checking information may be incorrect. [C:\Users\Lenovo\Desktop\Letnik3\DN\Project\Project01\Project01.srcs\sources_1\new\i2c_master.sv:]
WARNING: [filemgmt 56-199] Attempt to get parsing info during refresh. "On-the-fly" syntax checking information may be incorrect. [C:\Users\Lenovo\Desktop\Letnik3\DN\Project\Project01\Project01.srcs\sources_1\new\APB_uart.sv:]
WARNING: [filemgmt 56-199] Attempt to get parsing info during refresh. "On-the-fly" syntax checking information may be incorrect. [C:\Users\Lenovo\Desktop\Letnik3\DN\Project\Project01\Project01.srcs\sources_1\new\APB_bridge.sv:]
WARNING: [filemgmt 56-199] Attempt to get parsing info during refresh. "On-the-fly" syntax checking information may be incorrect. [C:\Users\Lenovo\Desktop\Letnik3\DN\Project\Project01\Project01.srcs\sources_1\new\APB_gpio.sv:]
WARNING: [filemgmt 56-199] Attempt to get parsing info during refresh. "On-the-fly" syntax checking information may be incorrect. [C:\Users\Lenovo\Desktop\Letnik3\DN\Project\Project01\Project01.srcs\sources_1\new\APB_timer.sv:]
WARNING: [filemgmt 56-199] Attempt to get parsing info during refresh. "On-the-fly" syntax checking information may be incorrect. [C:\Users\Lenovo\Desktop\Letnik3\DN\Project\Project01\Project01.srcs\sources_1\new\APB_i2c.sv:]
WARNING: [filemgmt 56-199] Attempt to get parsing info during refresh. "On-the-fly" syntax checking information may be incorrect. [C:\Users\Lenovo\Desktop\Letnik3\DN\Project\Project01\Project01.srcs\sources_1\new\APB_interconnect.sv:]
WARNING: [filemgmt 56-199] Attempt to get parsing info during refresh. "On-the-fly" syntax checking information may be incorrect. [C:\Users\Lenovo\Desktop\Letnik3\DN\Project\Project01\Project01.srcs\sources_1\new\APB_master.sv:]
WARNING: [filemgmt 56-199] Attempt to get parsing info during refresh. "On-the-fly" syntax checking information may be incorrect. [C:\Users\Lenovo\Desktop\Letnik3\DN\Project\Project01\Project01.srcs\sources_1\new\APB_gpio.sv:]
WARNING: [filemgmt 56-199] Attempt to get parsing info during refresh. "On-the-fly" syntax checking information may be incorrect. [C:\Users\Lenovo\Desktop\Letnik3\DN\Project\Project01\Project01.srcs\sources_1\new\APB_gpio.sv:]
WARNING: [filemgmt 56-199] Attempt to get parsing info during refresh. "On-the-fly" syntax checking information may be incorrect. [C:\Users\Lenovo\Desktop\Letnik3\DN\Project\Project01\Project01.srcs\sources_1\new\i2c_tmp102_master.sv:]
WARNING: [filemgmt 56-199] Attempt to get parsing info during refresh. "On-the-fly" syntax checking information may be incorrect. [C:\Users\Lenovo\Desktop\Letnik3\DN\Project\Project01\Project01.srcs\sources_1\new\i2c_master.sv:]
WARNING: [filemgmt 56-199] Attempt to get parsing info during refresh. "On-the-fly" syntax checking information may be incorrect. [C:\Users\Lenovo\Desktop\Letnik3\DN\Project\Project01\Project01.srcs\sources_1\new\APB_uart.sv:]
WARNING: [filemgmt 56-199] Attempt to get parsing info during refresh. "On-the-fly" syntax checking information may be incorrect. [C:\Users\Lenovo\Desktop\Letnik3\DN\Project\Project01\Project01.srcs\sources_1\new\APB_bridge.sv:]
WARNING: [filemgmt 56-199] Attempt to get parsing info during refresh. "On-the-fly" syntax checking information may be incorrect. [C:\Users\Lenovo\Desktop\Letnik3\DN\Project\Project01\Project01.srcs\sources_1\new\APB_gpio.sv:]
WARNING: [filemgmt 56-199] Attempt to get parsing info during refresh. "On-the-fly" syntax checking information may be incorrect. [C:\Users\Lenovo\Desktop\Letnik3\DN\Project\Project01\Project01.srcs\sources_1\new\APB_timer.sv:]
WARNING: [filemgmt 56-199] Attempt to get parsing info during refresh. "On-the-fly" syntax checking information may be incorrect. [C:\Users\Lenovo\Desktop\Letnik3\DN\Project\Project01\Project01.srcs\sources_1\new\APB_i2c.sv:]
WARNING: [filemgmt 56-199] Attempt to get parsing info during refresh. "On-the-fly" syntax checking information may be incorrect. [C:\Users\Lenovo\Desktop\Letnik3\DN\Project\Project01\Project01.srcs\sources_1\new\APB_interconnect.sv:]
WARNING: [filemgmt 56-199] Attempt to get parsing info during refresh. "On-the-fly" syntax checking information may be incorrect. [C:\Users\Lenovo\Desktop\Letnik3\DN\Project\Project01\Project01.srcs\sources_1\new\APB_master.sv:]
WARNING: [filemgmt 56-199] Attempt to get parsing info during refresh. "On-the-fly" syntax checking information may be incorrect. [C:\Users\Lenovo\Desktop\Letnik3\DN\Project\Project01\Project01.srcs\sources_1\new\APB_i2c.sv:]
WARNING: [filemgmt 56-199] Attempt to get parsing info during refresh. "On-the-fly" syntax checking information may be incorrect. [C:\Users\Lenovo\Desktop\Letnik3\DN\Project\Project01\Project01.srcs\sources_1\new\APB_i2c.sv:]
refresh_design
Netlist sorting complete. Time (s): cpu = 00:00:00 ; elapsed = 00:00:00.070 . Memory (MB): peak = 4096.906 ; gain = 0.000
INFO: [Netlist 29-17] Analyzing 228 Unisim elements for replacement
INFO: [Netlist 29-28] Unisim Transformation completed in 0 CPU seconds
INFO: [Project 1-479] Netlist was created with Vivado 2025.1
INFO: [Project 1-570] Preparing netlist for logic optimization
Read ShapeDB Complete: Time (s): cpu = 00:00:00 ; elapsed = 00:00:00.006 . Memory (MB): peak = 4096.906 ; gain = 0.000
INFO: [Timing 38-478] Restoring timing data from binary archive.
INFO: [Timing 38-479] Binary timing data restore complete.
INFO: [Project 1-856] Restoring constraints from binary archive.
INFO: [Project 1-853] Binary constraint restore complete.
INFO: [Designutils 20-5722] Start Reading Physical Databases.
Reading placement.
Read Netlist Cache: Time (s): cpu = 00:00:00 ; elapsed = 00:00:00.002 . Memory (MB): peak = 4096.906 ; gain = 0.000
Reading placer database...
Read Device Cache: Time (s): cpu = 00:00:00 ; elapsed = 00:00:00.006 . Memory (MB): peak = 4096.906 ; gain = 0.000
Read PlaceDB: Time (s): cpu = 00:00:00 ; elapsed = 00:00:00.053 . Memory (MB): peak = 4096.906 ; gain = 0.000
Read PulsedLatchDB: Time (s): cpu = 00:00:00 ; elapsed = 00:00:00 . Memory (MB): peak = 4096.906 ; gain = 0.000
Reading routing.
Read RouteStorage: Time (s): cpu = 00:00:01 ; elapsed = 00:00:00.045 . Memory (MB): peak = 4096.906 ; gain = 0.000
Read Physdb Files: Time (s): cpu = 00:00:01 ; elapsed = 00:00:00.117 . Memory (MB): peak = 4096.906 ; gain = 0.000
Restored from archive | CPU: 1.000000 secs | Memory: 0.000000 MB |
Finished XDEF File Restore: Time (s): cpu = 00:00:01 ; elapsed = 00:00:00.117 . Memory (MB): peak = 4096.906 ; gain = 0.000
refresh_design: Time (s): cpu = 00:00:16 ; elapsed = 00:00:14 . Memory (MB): peak = 4096.906 ; gain = 0.000
reset_run impl_1 -prev_step 
launch_runs impl_1 -to_step write_bitstream -jobs 6
[Sun Jan 25 19:18:52 2026] Launched impl_1...
Run output will be captured here: C:/Users/Lenovo/Desktop/Letnik3/DN/Project/Project01/Project01.runs/impl_1/runme.log
exit
INFO: [Common 17-206] Exiting Vivado at Sun Jan 25 19:20:15 2026...
